"customer_id","country","gender","age"
"15634602",France,Female,42
"15647311",Spain,Female,41
"15619304",France,Female,42
"15701354",France,Female,39
"15737888",Spain,Female,43
"15574012",Spain,Male,44
"15592531",France,Male,50
"15656148",Germany,Female,29
"15792365",France,Male,44
"15592389",France,Male,27
"15767821",France,Male,31
"15737173",Spain,Male,24
"15632264",France,Female,34
"15691483",France,Female,25
"15600882",Spain,Female,35
"15643966",Germany,Male,45
"15737452",Germany,Male,58
"15788218",Spain,Female,24
"15661507",Spain,Male,45
"15568982",France,Female,24
"15577657",France,Male,41
"15597945",Spain,Female,32
"15699309",Spain,Female,38
"15725737",France,Male,46
"15625047",France,Female,38
"15738191",France,Male,25
"15736816",Germany,Male,36
"15700772",France,Male,44
"15728693",Germany,Female,43
"15656300",France,Male,29
"15589475",Spain,Female,39
"15706552",France,Male,36
"15750181",Germany,Male,41
"15659428",Spain,Female,42
"15732963",Spain,Female,29
"15794171",France,Female,45
"15788448",Spain,Male,31
"15729599",Spain,Male,33
"15717426",France,Male,36
"15585768",Germany,Male,41
"15619360",Spain,Male,40
"15738148",France,Female,51
"15687946",France,Female,61
"15755196",France,Female,49
"15684171",Spain,Female,61
"15754849",Germany,Female,32
"15602280",Germany,Female,27
"15771573",Germany,Female,39
"15766205",Germany,Male,38
"15771873",Germany,Female,37
"15616550",Germany,Male,44
"15768193",Germany,Male,36
"15683553",France,Female,33
"15702298",Germany,Male,41
"15569590",Germany,Male,42
"15760861",France,Male,43
"15630053",France,Male,45
"15647091",Germany,Male,19
"15623944",Spain,Female,66
"15804771",France,Male,51
"15651280",Germany,Male,35
"15773469",Germany,Female,27
"15702014",Spain,Male,33
"15751208",Spain,Male,56
"15592461",Germany,Male,26
"15789484",Germany,Female,36
"15696061",Germany,Female,34
"15641582",Germany,Male,43
"15638424",Germany,Female,35
"15755648",France,Female,21
"15703793",Germany,Male,58
"15620344",France,Male,29
"15812518",Spain,Female,37
"15779052",Germany,Female,25
"15770811",France,Male,36
"15780961",France,Female,21
"15614049",France,Male,55
"15662085",France,Female,32
"15575185",Spain,Male,33
"15803136",Germany,Female,41
"15706021",France,Female,34
"15663706",France,Female,32
"15641732",France,Female,36
"15701164",France,Female,34
"15738751",France,Female,46
"15805254",Spain,Female,75
"15762418",Spain,Male,22
"15625759",France,Male,30
"15622897",France,Female,46
"15767954",Germany,Female,28
"15757535",Spain,Female,44
"15731511",France,Male,45
"15809248",France,Female,36
"15640635",France,Male,29
"15676966",Spain,Male,42
"15699461",Spain,Male,35
"15738721",Spain,Male,41
"15693683",Germany,Male,29
"15604348",Spain,Male,22
"15633059",France,Male,34
"15808582",France,Female,40
"15743192",France,Female,44
"15580146",France,Male,31
"15776605",Spain,Male,36
"15804919",Spain,Female,65
"15613854",Spain,Female,46
"15599195",Germany,Male,32
"15812878",Germany,Female,36
"15602312",Spain,Male,33
"15744689",Germany,Male,35
"15803526",Germany,Male,30
"15665790",Germany,Male,39
"15715951",France,Male,42
"15591100",Spain,Male,36
"15609618",Germany,Male,28
"15675522",Germany,Female,30
"15705512",Germany,Female,37
"15698028",France,Female,41
"15661670",Germany,Female,31
"15600781",Germany,Male,34
"15682472",France,Male,34
"15580203",Spain,Male,39
"15690673",France,Female,39
"15760085",Germany,Female,48
"15779659",France,Female,28
"15627360",France,Male,42
"15671137",France,Female,52
"15782688",Germany,Male,56
"15575492",France,Female,41
"15591607",France,Male,24
"15740404",France,Female,34
"15718369",Germany,Female,33
"15677871",France,Male,38
"15642004",France,Male,25
"15712543",Germany,Male,39
"15584518",Germany,Female,50
"15802381",Germany,Female,34
"15610156",France,Male,40
"15594408",Spain,Female,48
"15640905",Spain,Female,35
"15698932",Germany,Male,44
"15724944",France,Male,34
"15628145",France,Female,43
"15713483",Spain,Male,52
"15612350",France,Female,31
"15800703",Spain,Female,21
"15705707",Spain,Female,29
"15754105",France,Male,37
"15703264",France,Male,44
"15794413",France,Male,32
"15650237",Spain,Female,32
"15759618",France,Female,48
"15811589",Spain,Male,42
"15689044",France,Male,37
"15709368",France,Female,43
"15679145",Spain,Male,57
"15655007",France,Female,33
"15623595",Spain,Female,28
"15589975",France,Female,73
"15804017",Germany,Female,33
"15692132",Spain,Female,22
"15641122",France,Male,30
"15630910",France,Female,49
"15680772",Spain,Female,36
"15658929",Spain,Male,29
"15585388",Germany,Male,31
"15724623",Germany,Female,24
"15588537",Spain,Female,41
"15574692",Spain,Female,39
"15611325",Germany,Male,24
"15587562",France,Female,29
"15613172",Germany,Male,27
"15651022",Germany,Male,44
"15586310",France,Male,30
"15625524",France,Male,40
"15755209",Spain,Female,35
"15645248",France,Female,30
"15790355",Germany,Male,36
"15762615",Spain,Female,40
"15625426",Germany,Female,55
"15716334",Spain,Female,45
"15789669",France,Male,65
"15621075",Germany,Female,45
"15810845",France,Male,42
"15719377",France,Female,50
"15654506",France,Male,32
"15771977",France,Female,39
"15708710",Spain,Female,37
"15726676",Spain,Male,30
"15587421",Germany,Female,34
"15726931",France,Female,41
"15771086",France,Female,36
"15756850",France,Male,40
"15702741",France,Male,32
"15679200",Spain,Male,29
"15594815",France,Male,35
"15635905",Spain,Female,32
"15777892",Germany,Male,37
"15656176",France,Male,57
"15811127",France,Male,35
"15604482",Spain,Male,30
"15622911",France,Male,42
"15600974",Spain,Male,50
"15727868",France,Female,38
"15627801",Spain,Male,33
"15773039",France,Male,37
"15755262",Spain,Female,41
"15679531",France,Male,34
"15684181",France,Male,45
"15612087",France,Male,45
"15752047",Germany,Male,33
"15624592",France,Male,31
"15573152",France,Female,41
"15594917",France,Female,34
"15785542",Germany,Male,26
"15723488",Germany,Male,47
"15680920",France,Male,46
"15786308",Spain,Female,33
"15659366",France,Male,43
"15774854",France,Male,54
"15725311",France,Female,31
"15787155",Spain,Male,30
"15727829",France,Male,42
"15733247",France,Male,33
"15568748",Germany,Male,45
"15699029",France,Male,37
"15774393",France,Female,30
"15676895",Germany,Female,39
"15637753",Germany,Male,50
"15605461",Germany,Female,29
"15808473",France,Male,72
"15627000",France,Male,40
"15787174",France,Female,37
"15723886",Germany,Male,20
"15704769",France,Female,67
"15772896",Germany,Male,42
"15711540",France,Female,29
"15764866",Germany,Female,43
"15794056",France,Female,46
"15795149",France,Male,28
"15812009",Spain,Male,38
"15651001",Germany,Female,39
"15813844",France,Male,37
"15596175",Germany,Male,67
"15576269",Spain,Male,34
"15797219",France,Female,40
"15685500",Germany,Male,26
"15599792",France,Female,26
"15657566",Germany,Male,24
"15772423",Germany,Male,54
"15628112",Germany,Female,36
"15753754",Spain,Female,34
"15793726",France,Female,79
"15694717",Germany,Male,37
"15665834",Spain,Male,28
"15765297",Spain,Male,41
"15636684",France,Male,34
"15592979",Germany,Female,34
"15750803",France,Female,30
"15607178",Germany,Male,38
"15713853",Germany,Male,42
"15673481",Spain,Female,48
"15686776",France,Female,32
"15673693",France,Female,26
"15700696",Spain,Male,31
"15813163",Spain,Female,36
"15653857",France,Male,34
"15777076",France,Male,36
"15717398",Spain,Female,39
"15799217",Germany,Female,35
"15787071",Spain,Male,41
"15619955",Germany,Male,34
"15796505",Germany,Female,34
"15725166",France,Male,30
"15800116",Germany,Male,28
"15758685",Spain,Female,37
"15694456",France,Male,62
"15767339",France,Female,53
"15683562",France,Male,35
"15782210",France,Male,46
"15668893",France,Male,39
"15669169",Spain,Male,29
"15643024",Germany,Male,35
"15699389",France,Male,42
"15708608",France,Female,22
"15626144",France,Male,40
"15573112",Spain,Male,29
"15790678",France,Female,32
"15727556",Spain,Female,26
"15697307",Spain,Male,34
"15652266",Germany,Male,42
"15607098",Spain,Female,41
"15655774",France,Male,27
"15590241",Spain,Female,34
"15785819",France,Male,38
"15723654",France,Male,25
"15774510",France,Female,31
"15684173",Spain,Female,44
"15650068",France,Male,58
"15811490",France,Male,33
"15803976",France,Female,31
"15682541",Spain,Female,36
"15695699",France,Male,35
"15624188",France,Female,33
"15812191",France,Male,33
"15636673",France,Male,31
"15594898",France,Male,43
"15660211",Germany,Male,35
"15773972",France,Male,50
"15746726",Germany,Male,31
"15712287",France,Female,80
"15702919",Germany,Male,30
"15674398",France,Male,38
"15797960",Germany,Female,59
"15631868",Spain,Male,36
"15581539",Spain,Male,37
"15662736",France,Male,49
"15666252",Spain,Male,42
"15677512",Spain,Female,22
"15626114",France,Male,24
"15810834",Spain,Female,57
"15678910",France,Female,30
"15694408",France,Male,40
"15585215",France,Female,31
"15682757",France,Male,30
"15736601",France,Male,35
"15601848",France,Male,35
"15736008",France,Female,46
"15669064",Germany,Male,35
"15624528",Germany,Male,26
"15598493",France,Male,50
"15601274",Spain,Female,40
"15702669",Germany,Male,44
"15728669",Germany,Female,30
"15742668",Spain,Female,37
"15697441",France,Male,29
"15740476",Germany,Female,32
"15648064",France,Male,33
"15636624",Spain,Female,39
"15807923",Germany,Female,39
"15745844",Germany,Female,40
"15786170",France,Male,31
"15681081",Spain,Female,47
"15684484",France,Male,22
"15785869",France,Female,25
"15763859",France,Female,43
"15658935",Germany,Female,34
"15747358",Germany,Male,59
"15735203",Germany,Female,32
"15576256",France,Male,39
"15659420",Spain,Male,32
"15593365",Spain,Male,39
"15777352",Spain,Female,32
"15812007",Spain,Male,25
"15625461",France,Female,45
"15739438",France,Male,30
"15611759",Spain,Female,57
"15661629",Spain,Male,34
"15633950",France,Male,41
"15592386",France,Male,58
"15803716",Spain,Male,28
"15696674",Germany,Female,45
"15706365",France,Female,50
"15745088",Germany,Female,29
"15676715",France,Male,68
"15613085",Spain,Female,33
"15633537",Germany,Female,42
"15594720",Germany,Female,35
"15684042",Germany,Male,34
"15583303",France,Female,29
"15611579",Spain,Male,42
"15774696",Germany,Female,75
"15694506",Germany,Male,31
"15688074",Germany,Male,31
"15759537",Germany,Male,35
"15758449",France,Female,39
"15583456",Germany,Male,45
"15667871",Spain,Male,35
"15677371",Spain,Female,30
"15629677",Spain,Female,39
"15713578",France,Female,50
"15591509",France,Male,36
"15568240",Germany,Female,30
"15622993",Germany,Male,28
"15689294",Germany,Male,44
"15720910",France,Female,66
"15721181",Spain,Male,46
"15776433",Spain,Male,62
"15748936",Spain,Female,45
"15717225",France,Female,21
"15685226",Germany,Female,29
"15785611",Germany,Male,38
"15573456",Spain,Male,46
"15684548",Spain,Male,38
"15620505",Spain,Female,24
"15807432",Germany,Female,37
"15584766",France,Male,33
"15612187",Germany,Male,32
"15762218",France,Female,39
"15646372",France,Female,66
"15690452",France,Male,52
"15747795",Germany,Female,38
"15781589",Spain,Male,52
"15732674",Spain,Male,36
"15642291",France,Male,23
"15692761",France,Male,36
"15578045",Spain,Female,49
"15745354",Spain,Female,37
"15701376",Germany,Male,37
"15691625",Germany,Female,41
"15566594",Spain,Male,23
"15760431",France,Male,38
"15686302",Spain,Female,31
"15801559",Germany,Female,41
"15810432",Spain,Male,35
"15809616",Spain,Male,26
"15720559",Germany,Female,61
"15695632",France,Female,39
"15659843",France,Female,46
"15615624",France,Female,28
"15810418",Germany,Female,60
"15716186",France,Female,38
"15674551",Germany,Male,40
"15622834",France,Female,35
"15566111",France,Male,39
"15784597",France,Male,26
"15652883",Germany,Male,39
"15806964",France,Male,45
"15576313",Germany,Female,40
"15806467",Germany,Male,40
"15597602",Germany,Male,57
"15743040",Germany,Male,41
"15705521",Germany,Female,33
"15595039",Germany,Female,37
"15799384",France,Male,33
"15581197",France,Female,51
"15693737",Germany,Female,30
"15624623",France,Male,35
"15783501",France,Female,38
"15690134",Germany,Female,42
"15782735",France,Female,35
"15611088",France,Female,31
"15672145",France,Female,34
"15732628",France,Male,46
"15787470",Spain,Male,47
"15803406",France,Female,26
"15730460",France,Male,37
"15644572",France,Male,40
"15694860",France,Female,38
"15658169",Spain,Female,47
"15794396",Germany,Female,38
"15785798",France,Male,40
"15710825",Spain,Male,31
"15668444",Spain,Female,44
"15726631",France,Female,39
"15733797",France,Male,36
"15747960",France,Male,33
"15634632",France,Male,38
"15707362",Germany,Male,43
"15662976",Spain,Male,37
"15732778",Germany,Male,29
"15718443",France,Male,39
"15670039",Spain,Female,25
"15773792",France,Female,32
"15613786",Spain,Male,26
"15726032",France,Male,33
"15663252",Spain,Female,32
"15593782",Germany,Female,38
"15633283",France,Male,35
"15749167",France,Male,35
"15759298",Spain,Male,27
"15683625",France,Male,37
"15635367",France,Male,26
"15681705",France,Male,28
"15603156",France,Female,33
"15591986",Germany,Male,46
"15798888",Germany,Female,31
"15809722",France,Female,40
"15677538",France,Male,38
"15797736",France,Male,29
"15695585",Spain,Male,34
"15744398",France,Female,23
"15750658",France,Male,37
"15578186",Germany,Male,37
"15676519",Spain,Male,61
"15637954",France,Female,35
"15758639",France,Male,37
"15613772",France,Male,39
"15731744",France,Male,30
"15807709",Germany,Female,55
"15714689",Spain,Male,29
"15699005",France,Female,41
"15624170",France,Female,38
"15725679",France,Female,47
"15585865",France,Female,38
"15804256",Germany,Male,36
"15662403",France,Female,32
"15733616",France,Male,40
"15591995",Germany,Male,26
"15677020",France,Female,58
"15727688",Spain,Male,32
"15715941",France,Male,54
"15714485",France,Male,60
"15730059",Spain,Male,44
"15715527",Spain,Female,41
"15576623",France,Male,31
"15805565",Germany,Male,30
"15677307",Germany,Female,40
"15773890",France,Male,22
"15598883",Spain,Female,37
"15568506",Germany,Female,31
"15761043",Germany,Female,38
"15782236",Spain,Male,34
"15593601",France,Male,34
"15682048",France,Female,51
"15746902",Spain,Male,38
"15752081",France,Female,56
"15781307",Germany,Male,37
"15775912",France,Male,48
"15745417",France,Male,58
"15671256",France,Female,35
"15653547",France,Male,56
"15595766",Spain,Male,37
"15742358",Germany,Male,32
"15763274",France,Male,48
"15786063",France,Female,31
"15600258",France,Male,43
"15573318",France,Male,26
"15653849",Germany,Female,48
"15694272",France,Male,30
"15736112",Spain,Female,57
"15749851",Spain,Female,26
"15663478",France,Male,32
"15592300",Spain,Male,35
"15567832",France,Female,40
"15776780",France,Male,59
"15592846",Germany,Male,35
"15739803",Spain,Male,34
"15794142",Germany,Female,62
"15762729",Germany,Female,28
"15667896",France,Male,37
"15626578",France,Male,26
"15776223",France,Female,42
"15705953",Spain,Male,51
"15802593",France,Female,49
"15615457",Spain,Female,44
"15708916",France,Male,38
"15720187",Germany,Female,30
"15595440",France,Male,49
"15600651",France,Male,24
"15750141",Germany,Female,36
"15657284",Germany,Male,47
"15763063",Spain,Female,25
"15709324",France,Male,34
"15711309",Germany,Male,33
"15775318",Spain,Female,51
"15705515",Germany,Male,40
"15634844",Germany,Male,41
"15717046",Spain,Male,53
"15571816",Spain,Female,70
"15670080",Germany,Female,29
"15800440",Spain,Male,61
"15665678",Spain,Male,36
"15665956",France,Female,46
"15788126",Spain,Female,38
"15811773",France,Male,36
"15651674",Spain,Female,54
"15689614",Spain,Female,63
"15795564",Germany,Male,31
"15706647",France,Male,31
"15728505",France,Male,44
"15730076",France,Male,45
"15622003",France,Male,35
"15607312",Spain,Female,49
"15644753",Spain,Male,40
"15653620",France,Female,27
"15761986",Spain,Female,32
"15633922",France,Male,30
"15734674",France,Female,41
"15658032",France,Male,39
"15692671",Spain,Male,36
"15737741",Spain,Female,33
"15576352",Spain,Female,57
"15753719",Germany,Female,30
"15803689",Germany,Female,51
"15718057",France,Female,51
"15722010",Spain,Male,53
"15680998",France,Male,44
"15614782",France,Male,36
"15591047",Spain,Female,47
"15788291",Germany,Female,38
"15604044",France,Male,38
"15679587",France,Female,34
"15775153",Spain,Male,32
"15603925",Spain,Female,26
"15680970",Germany,Female,41
"15697183",Spain,Male,43
"15567446",Germany,Male,39
"15637476",Germany,Female,57
"15714939",Germany,Female,34
"15683503",France,Female,43
"15645569",Spain,Female,26
"15782569",France,Female,72
"15592387",France,Male,30
"15609286",France,Male,37
"15814035",France,Male,29
"15661249",France,Male,53
"15629117",France,Male,28
"15607170",France,Male,35
"15586585",Germany,Female,51
"15686611",France,Male,30
"15603203",France,Female,27
"15619857",France,Female,64
"15805062",Spain,Male,38
"15660271",Germany,Male,26
"15745295",Spain,Female,31
"15719352",Spain,Male,39
"15766575",Germany,Female,62
"15594594",Spain,Male,42
"15646161",Spain,Female,37
"15682585",France,Male,35
"15603134",Spain,Female,40
"15636444",Germany,Female,53
"15773456",Germany,Male,36
"15745307",Spain,Female,48
"15604119",Spain,Male,35
"15626900",France,Male,29
"15605447",France,Male,49
"15589030",France,Male,47
"15692463",Spain,Female,28
"15712403",France,Female,61
"15811762",Germany,Female,54
"15718673",Spain,Female,33
"15724282",Germany,Male,44
"15738181",France,Male,31
"15633648",Spain,Female,51
"15603323",Spain,Female,33
"15583725",France,Male,48
"15588350",France,Female,43
"15798398",France,Female,36
"15784844",Spain,Male,48
"15580684",France,Female,29
"15809663",France,Female,27
"15640078",Germany,Female,39
"15698786",France,Female,39
"15569807",France,Female,34
"15730830",France,Female,30
"15805112",France,Male,38
"15633064",France,Female,36
"15703119",France,Male,38
"15730447",France,Female,49
"15813850",France,Male,52
"15711889",France,Male,42
"15664610",Germany,Male,48
"15751710",Spain,Male,31
"15692926",Germany,Male,25
"15813741",Spain,Male,25
"15698474",Germany,Female,54
"15568595",France,Male,64
"15603065",France,Female,30
"15592937",Germany,Female,41
"15699637",Spain,Male,57
"15667215",France,Male,31
"15788659",France,Male,46
"15763218",France,Female,41
"15645772",France,Male,33
"15725511",France,Female,31
"15575024",France,Male,29
"15640825",Spain,Male,46
"15662397",France,Female,42
"15576368",Germany,Female,48
"15674991",France,Male,42
"15721024",France,Male,26
"15745621",Spain,Female,32
"15642394",Spain,Male,35
"15754605",France,Female,39
"15607040",Spain,Female,38
"15715142",Germany,Male,45
"15810978",Spain,Female,70
"15668886",Spain,Female,38
"15780804",France,Male,55
"15613880",Spain,Male,58
"15775238",Germany,Female,41
"15786905",Germany,Female,40
"15747867",France,Male,24
"15600337",Spain,Male,42
"15801277",France,Female,31
"15579334",Germany,Female,45
"15802741",France,Female,51
"15720649",France,Female,36
"15589493",Germany,Male,27
"15688251",France,Male,43
"15665238",Germany,Male,36
"15740900",France,Male,34
"15681068",France,Female,45
"15748625",France,Male,57
"15727299",Spain,Male,62
"15620204",Germany,Female,57
"15669516",Spain,Male,36
"15736534",Germany,Male,33
"15803457",France,Female,32
"15659098",France,Male,30
"15603436",Spain,Female,49
"15566292",Spain,Male,36
"15808621",Germany,Male,36
"15580148",Germany,Male,40
"15776231",Germany,Male,35
"15773809",France,Male,42
"15649423",France,Female,35
"15734886",France,Female,34
"15722548",France,Male,48
"15650288",Germany,Male,35
"15629448",Spain,Male,38
"15716164",France,Female,41
"15807609",Spain,Female,25
"15578977",France,Male,34
"15677369",Germany,Female,37
"15804072",Spain,Female,42
"15696859",France,Male,45
"15653780",France,Female,43
"15721658",Spain,Female,56
"15578761",Spain,Female,42
"15736879",France,Male,23
"15571973",France,Female,38
"15626742",France,Male,36
"15672692",France,Female,42
"15673570",France,Male,37
"15767432",France,Female,25
"15654238",France,Female,40
"15612525",France,Female,57
"15812750",France,Male,24
"15790757",France,Female,25
"15723873",Spain,Male,31
"15744607",Germany,Male,43
"15612966",Germany,Female,60
"15784209",France,Male,47
"15794278",Spain,Male,67
"15766741",France,Male,36
"15661036",France,Male,46
"15705639",France,Female,28
"15637414",France,Female,24
"15716835",France,Male,24
"15696231",France,Male,29
"15641675",France,Female,49
"15670755",France,Male,60
"15640059",France,Male,40
"15787619",France,Male,18
"15587535",Spain,Female,46
"15813034",Spain,Male,38
"15698839",Germany,Male,46
"15790314",France,Male,41
"15634245",Germany,Female,47
"15677305",France,Female,35
"15661526",Germany,Male,37
"15685997",Spain,Female,39
"15660101",France,Male,31
"15637979",Germany,Female,36
"15815364",Spain,Female,28
"15647099",France,Female,37
"15625944",France,Male,58
"15583212",France,Female,43
"15582741",France,Female,35
"15637876",Germany,Female,36
"15622750",Germany,Female,21
"15672056",Germany,Male,43
"15812351",Spain,Female,27
"15810864",France,Female,82
"15677921",Germany,Male,60
"15724296",Spain,Male,41
"15685329",France,Female,63
"15584091",Germany,Female,36
"15640442",France,Male,31
"15639314",France,Male,32
"15685320",France,Male,36
"15789158",Germany,Male,49
"15752137",France,Male,33
"15712551",Germany,Female,58
"15628936",Spain,Male,28
"15797227",France,Male,28
"15769974",Spain,Female,35
"15737051",France,Male,27
"15585595",France,Female,28
"15654060",France,Male,41
"15745196",France,Female,35
"15571221",Germany,Male,58
"15660155",Spain,Male,36
"15605284",France,Male,26
"15694366",Germany,Male,42
"15600739",Spain,Female,35
"15653253",Spain,Male,48
"15763431",France,Male,36
"15643696",France,Male,49
"15707473",Germany,Female,48
"15769504",Germany,Female,34
"15776807",France,Male,29
"15686870",Germany,Male,36
"15668747",France,Female,46
"15766908",Germany,Male,32
"15570134",France,Female,35
"15567367",Germany,Female,42
"15747542",France,Male,52
"15762238",Germany,Female,44
"15681554",Germany,Female,31
"15712825",Spain,Female,29
"15640280",France,Male,39
"15756026",Spain,Female,46
"15613319",France,Female,33
"15798906",France,Male,69
"15708917",Germany,Male,53
"15778463",France,Female,37
"15699430",France,Female,35
"15649992",Spain,Male,65
"15578980",Spain,Female,33
"15775306",Germany,Male,28
"15641655",France,Female,26
"15619708",France,Male,25
"15734565",France,Male,29
"15806438",Germany,Female,42
"15591969",Spain,Male,27
"15747807",France,Female,43
"15596939",Germany,Male,36
"15716155",France,Female,36
"15765311",Spain,Male,34
"15757811",Spain,Female,69
"15603830",Spain,Male,36
"15660602",Germany,Male,33
"15660535",France,Female,47
"15666633",Spain,Male,56
"15596914",Germany,Female,31
"15639788",France,Female,39
"15695846",France,Female,34
"15726234",Spain,Female,41
"15797964",Germany,Female,29
"15625881",Germany,Male,37
"15780628",France,Female,30
"15575883",France,Male,34
"15585036",Spain,Female,37
"15589488",Germany,Female,56
"15585888",Spain,Female,48
"15727915",France,Male,36
"15707567",Germany,Male,50
"15737792",France,Female,31
"15599433",Germany,Male,35
"15672012",Spain,Female,41
"15806983",France,Male,44
"15592222",France,Male,49
"15608968",Germany,Male,21
"15586959",France,Female,42
"15646558",Spain,Male,51
"15725811",France,Male,25
"15572265",Germany,Male,46
"15739189",Spain,Female,33
"15794048",Germany,Female,48
"15677610",Germany,Female,41
"15745012",France,Female,43
"15601589",France,Female,57
"15686436",Spain,Male,32
"15693864",Germany,Female,49
"15760550",Spain,Male,39
"15686137",Spain,Male,32
"15809087",France,Male,64
"15807663",France,Male,43
"15809100",France,Female,32
"15794916",France,Male,41
"15614215",France,Male,53
"15805449",France,Male,38
"15686983",Germany,Female,25
"15808017",France,Male,38
"15756804",France,Female,48
"15646810",Germany,Male,44
"15710424",France,Male,36
"15799422",France,Female,40
"15692750",Germany,Female,45
"15794549",France,Female,35
"15803764",France,Male,28
"15674840",France,Female,38
"15653762",France,Female,39
"15581229",Germany,Female,32
"15800228",Spain,Female,42
"15656333",France,Female,33
"15697497",France,Female,45
"15585362",France,Female,60
"15571928",France,Female,43
"15785519",France,Male,36
"15743007",France,Female,45
"15777211",France,Male,65
"15721935",France,Male,25
"15591711",Spain,Male,38
"15625021",France,Male,42
"15702968",Germany,Male,74
"15600462",France,Female,43
"15768104",Spain,Male,37
"15780140",Germany,Male,32
"15585255",France,Male,42
"15772781",France,Female,51
"15669987",Germany,Female,35
"15697000",Germany,Male,32
"15733119",France,Male,35
"15782390",France,Female,40
"15654700",France,Female,40
"15632210",Germany,Male,25
"15642041",Germany,Male,40
"15709737",France,Male,36
"15792388",France,Female,48
"15786014",France,Male,28
"15794580",France,Male,58
"15675964",France,Female,45
"15814275",France,Male,33
"15724848",France,Female,46
"15754713",Spain,Male,31
"15693814",Spain,Male,25
"15599660",France,Male,36
"15746490",Spain,Female,53
"15566091",Spain,Female,32
"15655961",Germany,Male,27
"15710404",France,Male,35
"15775625",France,Male,47
"15792328",France,Male,39
"15719856",France,Female,45
"15593773",Spain,Male,35
"15733114",Spain,Male,45
"15797748",France,Male,44
"15743411",Spain,Male,61
"15753337",France,Male,51
"15601026",Germany,Female,19
"15658485",France,Female,34
"15636731",Germany,Female,36
"15628303",Spain,Male,35
"15633461",Germany,Male,38
"15677135",Germany,Male,61
"15590876",France,Female,24
"15790782",Spain,Male,39
"15700476",Germany,Male,41
"15634141",Germany,Female,42
"15737795",Spain,Male,36
"15790299",Spain,Male,37
"15675316",France,Female,38
"15613630",France,Male,52
"15662100",Germany,Female,44
"15668032",France,Female,37
"15599289",France,Female,37
"15754084",Spain,Male,35
"15676521",France,Female,31
"15804586",France,Female,46
"15781465",Germany,Female,29
"15729362",France,Male,36
"15709295",Spain,Female,25
"15745324",Spain,Female,39
"15741336",France,Female,38
"15783659",France,Male,67
"15620981",France,Female,48
"15630328",France,Female,48
"15785899",Germany,Male,33
"15606149",Germany,Female,66
"15671139",Spain,Male,39
"15660429",Spain,Female,42
"15571002",France,Female,44
"15631681",Spain,Female,43
"15731522",Spain,Female,67
"15619529",Spain,Male,27
"15628034",France,Female,37
"15686164",Germany,Female,31
"15582797",Spain,Male,35
"15753831",Spain,Male,32
"15731815",Spain,Male,63
"15580956",Germany,Female,43
"15602084",France,Female,42
"15589805",France,Female,34
"15720893",Spain,Female,34
"15641009",France,Male,37
"15605926",Germany,Male,70
"15805955",France,Female,48
"15801488",France,Male,25
"15605918",Germany,Male,43
"15779711",Spain,Female,38
"15705620",France,Male,34
"15685357",Spain,Female,36
"15570060",France,Female,43
"15582616",France,Female,38
"15799515",France,Female,48
"15642937",France,Female,46
"15624729",France,Male,27
"15566156",Germany,Female,44
"15792360",France,Male,32
"15807008",Germany,Female,35
"15704770",France,Male,25
"15756475",Germany,Male,31
"15655339",France,Male,36
"15613749",Spain,Male,34
"15664521",Spain,Male,31
"15681206",France,Female,49
"15745527",France,Male,37
"15806926",France,Female,35
"15724563",Germany,Female,42
"15782899",Spain,Female,28
"15623521",Spain,Male,43
"15810218",Spain,Male,29
"15645621",Spain,Male,44
"15608114",Spain,Male,62
"15659557",Germany,Female,28
"15787772",France,Female,38
"15691111",Germany,Female,42
"15592089",France,Female,43
"15633897",Germany,Male,39
"15701301",France,Female,42
"15723685",Germany,Female,26
"15701602",Germany,Male,52
"15573086",France,Male,42
"15569050",France,Male,45
"15750765",Spain,Male,71
"15799811",France,Male,40
"15698442",Spain,Male,35
"15655274",France,Female,29
"15603594",Spain,Male,24
"15585961",Spain,Female,43
"15686936",France,Female,37
"15770424",Germany,Male,40
"15587451",Germany,Male,41
"15602010",Germany,Female,45
"15600583",France,Male,31
"15654673",France,Male,49
"15717164",Spain,Male,32
"15765014",France,Female,48
"15682639",France,Male,32
"15729279",France,Female,25
"15759805",France,Female,32
"15767864",France,Male,33
"15769948",Germany,Male,35
"15686345",Spain,Male,34
"15688071",Spain,Male,53
"15681174",France,Male,39
"15667521",France,Female,22
"15750243",Spain,Male,40
"15695475",France,Male,29
"15689176",France,Male,46
"15652955",Spain,Male,30
"15668958",France,Male,30
"15631054",France,Female,24
"15581479",France,Male,30
"15577478",France,Female,72
"15780870",Spain,Male,67
"15692317",France,Male,30
"15593969",Spain,Female,39
"15570417",France,Male,35
"15779059",France,Female,38
"15785980",Spain,Male,34
"15644200",Spain,Female,42
"15793949",France,Female,48
"15645103",Germany,Male,25
"15705860",Germany,Male,40
"15623828",France,Male,30
"15715003",Spain,Female,49
"15623471",Germany,Male,38
"15798348",Spain,Female,50
"15743016",Spain,Female,22
"15769499",Spain,Female,74
"15798521",Spain,Male,33
"15706534",France,Female,47
"15706186",Germany,Male,33
"15812197",France,Male,38
"15650933",Spain,Female,48
"15692991",Spain,Female,38
"15631189",Germany,Male,38
"15762198",France,Male,34
"15699598",France,Female,20
"15692744",France,Male,36
"15688963",France,Female,52
"15599131",Germany,Male,26
"15680303",France,Male,57
"15628674",France,Male,40
"15648075",Germany,Female,47
"15586970",Germany,Male,52
"15625698",Spain,Female,23
"15790497",Spain,Male,37
"15682618",France,Female,31
"15762937",Germany,Female,32
"15750929",Spain,Male,39
"15729832",France,Male,29
"15633650",Germany,Female,41
"15748856",France,Male,32
"15589195",Germany,Female,38
"15699911",Spain,Female,35
"15663438",Spain,Male,36
"15692583",France,Female,32
"15591257",France,Male,24
"15646513",France,Male,42
"15708063",France,Male,36
"15696098",France,Female,31
"15645517",Spain,Male,22
"15649744",France,Female,51
"15604304",Germany,Female,34
"15784092",France,Male,36
"15585198",France,Male,41
"15624347",France,Male,40
"15621687",France,Male,34
"15689081",France,Male,29
"15813168",Germany,Female,39
"15604295",France,Male,36
"15724127",France,Female,26
"15673055",Spain,Male,38
"15768201",France,Female,39
"15782219",Spain,Male,29
"15746410",Spain,Male,38
"15780144",Germany,Female,32
"15590476",France,Male,28
"15624293",France,Female,46
"15618182",France,Female,38
"15660316",Germany,Female,34
"15678886",Germany,Male,38
"15616330",France,Male,31
"15592229",France,Female,52
"15798424",Germany,Male,59
"15714750",France,Female,42
"15648800",Germany,Female,21
"15626147",France,Female,62
"15626608",Spain,Male,48
"15723250",France,Male,42
"15592583",France,Female,47
"15759381",Spain,Male,61
"15585241",Spain,Male,29
"15589358",Germany,Male,31
"15672704",France,Female,24
"15789955",Germany,Male,56
"15596800",Germany,Male,33
"15627305",Spain,Male,35
"15645316",Germany,Female,58
"15593973",Spain,Female,33
"15647301",Germany,Female,45
"15750258",France,Female,32
"15685309",France,Female,35
"15628205",Germany,Female,34
"15733974",Spain,Male,37
"15762110",France,Male,37
"15706899",France,Male,34
"15732660",France,Female,27
"15656121",Germany,Male,31
"15614220",France,Male,22
"15645269",France,Female,42
"15698510",Germany,Male,42
"15569247",Spain,Female,57
"15566251",France,Female,37
"15716134",France,Male,40
"15763625",Spain,Male,41
"15605965",France,Male,43
"15694821",Germany,Male,43
"15601688",France,Male,28
"15575581",Germany,Female,30
"15671209",Germany,Female,29
"15616529",Spain,Male,34
"15773906",France,Male,38
"15722993",France,Female,27
"15752463",Spain,Female,29
"15589754",Germany,Male,45
"15669899",Germany,Female,45
"15766887",Spain,Male,39
"15768006",France,Male,34
"15741295",France,Male,49
"15811327",Spain,Male,54
"15690007",Germany,Female,58
"15690664",Spain,Male,37
"15719348",France,Male,35
"15781802",France,Male,41
"15752731",France,Female,30
"15600997",Germany,Female,32
"15750776",France,Female,36
"15723907",Germany,Female,49
"15633419",Germany,Female,28
"15702430",France,Female,35
"15710456",France,Female,27
"15650351",France,Female,38
"15590820",Spain,Male,26
"15640454",Germany,Male,40
"15697789",Germany,Female,43
"15808182",Spain,Female,36
"15588670",Spain,Female,40
"15721292",Spain,Male,39
"15604217",France,Male,34
"15651369",France,Male,21
"15782454",France,Male,49
"15814032",Germany,Female,31
"15570326",France,Male,34
"15624428",Germany,Female,24
"15755638",France,Female,43
"15600992",France,Male,36
"15755649",Germany,Male,47
"15795228",France,Male,37
"15589257",France,Female,35
"15719302",France,Female,50
"15639882",France,Male,30
"15791279",France,Male,40
"15636935",France,Female,29
"15686909",Germany,Male,27
"15589572",Spain,Female,61
"15779947",Spain,Female,28
"15573769",France,Female,24
"15578866",France,Female,43
"15739131",Germany,Male,28
"15813444",Spain,Female,34
"15678058",France,Male,38
"15769169",France,Male,41
"15804602",Germany,Male,30
"15651052",Germany,Male,46
"15724334",France,Male,22
"15569451",France,Male,35
"15650098",France,Female,40
"15724307",France,Male,76
"15599268",Spain,Male,32
"15594864",Germany,Male,30
"15616451",France,Female,47
"15715667",France,Female,32
"15658969",France,Male,51
"15738174",France,Female,32
"15813590",Spain,Male,42
"15624229",France,Female,22
"15674148",Spain,Male,33
"15625080",Spain,Female,54
"15682528",France,Male,33
"15696900",Germany,Male,29
"15730038",France,Female,23
"15812272",Germany,Male,44
"15654654",Germany,Female,33
"15697625",France,Male,37
"15616280",France,Male,46
"15654229",Spain,Male,47
"15628298",Spain,Female,47
"15733387",Spain,Female,53
"15775572",Germany,Female,42
"15613844",France,Female,28
"15578515",France,Female,38
"15607598",Spain,Female,31
"15742480",Germany,Male,36
"15749482",Spain,Male,30
"15607537",Germany,Male,46
"15575410",Germany,Female,39
"15684865",France,Female,66
"15600700",Germany,Male,63
"15774155",Germany,Male,33
"15634267",France,Male,42
"15619626",France,Male,24
"15660422",France,Male,28
"15617934",France,Male,36
"15760774",France,Female,21
"15813132",Germany,Male,30
"15593331",Germany,Male,25
"15616709",Germany,Female,38
"15658052",France,Female,44
"15721189",France,Female,66
"15711288",France,Male,24
"15770030",Spain,Female,28
"15803681",France,Female,26
"15702789",Germany,Male,32
"15814930",Germany,Female,40
"15658306",France,Male,68
"15699523",Germany,Female,55
"15610383",France,Female,46
"15615032",Spain,Male,46
"15781989",France,Male,42
"15647402",France,Female,38
"15740494",France,Female,33
"15701265",Germany,Female,36
"15743532",Germany,Male,27
"15794870",Germany,Male,38
"15747591",Spain,Female,40
"15726557",France,Female,42
"15732199",Spain,Male,31
"15662291",France,Female,55
"15749050",France,Female,36
"15781586",Germany,Male,38
"15617078",France,Female,44
"15723339",France,Female,38
"15671322",Germany,Male,30
"15793854",France,Male,42
"15756539",Germany,Female,39
"15612064",France,Male,33
"15625916",Spain,Male,32
"15683195",France,Male,32
"15690182",Germany,Male,37
"15721719",France,Male,42
"15641690",Spain,Male,67
"15634896",France,Female,39
"15671590",Spain,Male,25
"15779182",Spain,Male,46
"15778287",France,Male,35
"15609510",France,Male,45
"15742229",France,Male,59
"15658532",Spain,Female,63
"15590993",Spain,Male,37
"15565701",Spain,Female,39
"15597239",Spain,Male,39
"15688880",Germany,Male,40
"15813917",Germany,Male,31
"15679611",Spain,Female,37
"15636589",France,Female,41
"15687752",France,Male,30
"15584363",France,Male,30
"15737748",Spain,Female,33
"15803365",Spain,Male,55
"15793247",France,Male,34
"15572360",France,Male,30
"15795166",Germany,Male,42
"15724620",France,Male,37
"15800856",Spain,Male,34
"15671097",France,Female,31
"15683930",Germany,Female,32
"15749004",France,Female,31
"15800434",Germany,Male,52
"15709117",Spain,Female,46
"15638806",Spain,Male,49
"15662294",France,Male,33
"15690079",Spain,Male,30
"15759317",Germany,Female,27
"15750497",France,Female,37
"15596181",France,Male,38
"15576602",France,Male,38
"15644833",France,Male,54
"15734634",Spain,Female,27
"15808689",France,Female,31
"15720702",France,Male,37
"15665077",France,Female,43
"15763612",Germany,Male,41
"15596493",France,Female,47
"15704483",France,Male,40
"15598846",France,Female,44
"15629244",Spain,Male,50
"15765537",Germany,Male,26
"15729975",France,Female,46
"15682773",France,Female,38
"15688007",Spain,Male,20
"15574331",Germany,Female,62
"15645572",France,Female,40
"15742854",Spain,Female,46
"15575417",Germany,Male,37
"15796721",France,Male,38
"15734942",Germany,Female,38
"15664772",Germany,Male,28
"15576683",Spain,Female,43
"15682563",Spain,Male,38
"15650889",Germany,Female,30
"15612108",France,Male,52
"15761132",Spain,Male,46
"15645511",Spain,Male,43
"15609824",France,Female,41
"15640268",Spain,Male,71
"15645778",Spain,Male,42
"15691104",Germany,Female,40
"15714567",Spain,Female,26
"15777826",France,Male,30
"15668445",France,Male,37
"15576162",France,Male,32
"15778135",Spain,Male,43
"15613141",France,Female,41
"15635435",France,Female,54
"15596552",Germany,Male,48
"15623644",Spain,Male,29
"15683403",Spain,Male,52
"15615029",Spain,Male,39
"15769005",France,Male,49
"15746326",France,Male,43
"15722364",France,Male,43
"15704954",France,Male,37
"15694409",Germany,Female,22
"15754068",France,Male,32
"15683841",Germany,Male,41
"15789095",Spain,Male,30
"15719958",Germany,Male,39
"15689514",France,Male,43
"15621353",Spain,Female,37
"15627232",Germany,Male,44
"15745843",Spain,Female,31
"15722902",Germany,Male,50
"15791767",France,Female,26
"15792722",France,Female,43
"15723006",France,Male,38
"15771942",Germany,Female,46
"15774738",France,Male,44
"15574004",France,Female,27
"15587233",France,Male,41
"15808228",Spain,Female,44
"15682834",Spain,Female,35
"15571752",Germany,Female,32
"15743067",Germany,Male,26
"15714466",France,Female,41
"15617982",Spain,Female,42
"15696637",France,Female,23
"15690647",Spain,Female,46
"15672756",France,Female,35
"15704586",France,Female,42
"15674526",France,Male,66
"15775295",France,Female,40
"15684196",France,Female,55
"15727281",France,Female,27
"15787835",Germany,Female,38
"15730540",Spain,Male,45
"15646276",France,Female,32
"15582180",France,Male,29
"15697095",Spain,Male,46
"15748797",Spain,Female,33
"15754796",Germany,Female,46
"15628947",France,Female,38
"15775546",Spain,Female,29
"15670481",France,Female,27
"15619029",Spain,Female,43
"15613282",France,Male,29
"15721487",France,Female,27
"15797276",Spain,Female,41
"15612494",France,Female,44
"15629617",Spain,Male,23
"15600821",France,Male,69
"15579062",France,Male,32
"15814268",France,Female,40
"15710164",France,Female,73
"15693904",Germany,Female,30
"15588986",Germany,Female,29
"15797733",Germany,Male,30
"15620507",Germany,Female,30
"15685150",Germany,Male,28
"15667651",Spain,Female,33
"15774166",Germany,Female,24
"15649280",Germany,Female,40
"15705657",France,Female,44
"15753969",Spain,Male,45
"15742378",Germany,Male,32
"15794874",Spain,Male,41
"15589221",Germany,Male,30
"15596671",Spain,Female,42
"15583668",France,Female,42
"15710206",France,Female,39
"15799966",Germany,Female,59
"15794560",France,Male,57
"15626485",France,Female,26
"15703143",France,Female,29
"15809772",France,Male,48
"15687959",Spain,Female,44
"15585282",France,Male,62
"15714993",France,Female,41
"15596021",Spain,Male,44
"15646615",Germany,Male,28
"15742632",France,Female,31
"15574068",Germany,Male,56
"15806967",France,Female,65
"15796334",Germany,Male,39
"15688713",Spain,Male,44
"15796179",France,Male,43
"15598751",France,Female,43
"15703019",France,Female,38
"15646302",France,Female,24
"15680855",France,Male,33
"15697311",Spain,Male,56
"15585367",Germany,Female,46
"15726556",Germany,Female,26
"15676242",Spain,Male,31
"15684198",France,Female,38
"15774882",France,Female,35
"15714227",France,Female,53
"15608653",Spain,Female,34
"15784280",Germany,Male,35
"15789546",Spain,Male,28
"15590320",France,Male,66
"15678385",France,Male,25
"15571778",France,Female,55
"15657085",France,Male,23
"15640627",Spain,Male,34
"15566211",Germany,Female,41
"15669293",France,Male,37
"15595067",Spain,Female,40
"15753566",France,Female,32
"15650391",France,Female,29
"15681843",Germany,Female,35
"15814846",France,Male,52
"15670374",Germany,Female,49
"15762332",Germany,Female,31
"15700223",France,Male,48
"15729956",Spain,Female,26
"15594862",France,Male,36
"15598782",Germany,Female,30
"15745080",France,Male,26
"15703399",France,Female,26
"15732175",France,Male,37
"15630725",France,Female,45
"15640260",Germany,Male,32
"15716822",France,Male,30
"15583748",Spain,Male,38
"15605968",France,Male,26
"15790683",France,Male,36
"15607713",Spain,Female,29
"15700212",France,Female,46
"15626710",France,Female,39
"15716491",Spain,Female,51
"15625824",Spain,Male,30
"15617705",France,Female,39
"15761976",Spain,Female,31
"15634891",Germany,Female,43
"15744517",Spain,Male,50
"15686963",Spain,Female,30
"15808189",France,Male,52
"15580845",Germany,Male,57
"15799156",Spain,Male,38
"15694296",France,Male,35
"15677049",Germany,Female,25
"15583595",France,Female,28
"15590146",France,Male,50
"15801548",France,Female,31
"15660833",Germany,Male,39
"15762277",France,Male,47
"15791302",France,Male,32
"15798975",Germany,Male,48
"15599956",France,Male,27
"15577274",Germany,Female,43
"15701200",France,Male,36
"15638149",France,Male,37
"15786199",France,Male,33
"15701765",Spain,Female,37
"15586974",France,Male,39
"15729040",France,Male,42
"15788676",Spain,Male,38
"15602497",Spain,Male,39
"15701333",France,Female,37
"15812071",France,Male,54
"15634375",Spain,Female,36
"15738267",France,Female,64
"15786800",Germany,Male,52
"15591130",Spain,Female,29
"15720662",France,Female,35
"15751531",Spain,Male,41
"15653595",France,Male,51
"15568360",Spain,Female,41
"15781210",France,Male,34
"15668058",Germany,Male,35
"15597131",France,Male,32
"15697283",Spain,Male,23
"15640953",France,Female,26
"15715031",France,Female,28
"15589660",Germany,Female,32
"15769818",France,Female,37
"15782736",Germany,Female,47
"15614818",Spain,Female,33
"15794014",France,Female,34
"15732448",France,Female,28
"15723411",Spain,Female,36
"15797686",France,Male,38
"15605950",Germany,Male,23
"15812497",Germany,Male,37
"15690678",France,Female,33
"15747677",Spain,Male,69
"15618926",Spain,Male,43
"15673908",Germany,Female,42
"15727944",Germany,Female,48
"15807294",Spain,Female,30
"15618581",Spain,Male,25
"15584364",France,Male,48
"15599552",Spain,Female,54
"15749177",Spain,Female,52
"15718779",France,Male,34
"15568106",France,Female,38
"15779481",France,Male,34
"15709994",France,Female,40
"15772777",Spain,Female,29
"15706815",Germany,Male,37
"15618018",France,Female,35
"15671032",Germany,Male,42
"15634281",Germany,Female,43
"15766374",Germany,Male,42
"15600991",Germany,Male,31
"15777576",Spain,Female,40
"15742613",Germany,Female,42
"15649523",France,Male,38
"15651063",Germany,Female,37
"15683124",France,Male,53
"15618314",France,Male,40
"15670823",Germany,Female,42
"15607133",Spain,Female,49
"15615012",France,Male,23
"15725141",France,Female,44
"15623560",France,Female,35
"15693018",Germany,Male,23
"15636756",France,Male,23
"15647474",France,Female,40
"15576714",Spain,Female,21
"15585047",France,Male,28
"15743976",Germany,Male,41
"15793881",France,Female,35
"15576517",Germany,Female,34
"15631072",France,Male,38
"15730394",France,Female,43
"15631460",Spain,Female,42
"15692002",France,Male,33
"15595282",France,Female,33
"15789548",France,Female,37
"15758035",France,Male,61
"15617518",Germany,Male,36
"15651802",Spain,Female,39
"15631813",France,Male,39
"15729668",Spain,Male,29
"15741728",Spain,Male,36
"15576676",Germany,Female,28
"15711378",France,Male,38
"15765520",Germany,Male,27
"15656726",France,Male,32
"15647842",Germany,Female,48
"15719309",France,Female,42
"15748718",France,Male,28
"15594404",France,Female,49
"15751158",France,Female,42
"15593470",Germany,Female,36
"15695129",France,Female,31
"15640865",Germany,Female,31
"15714080",Germany,Female,40
"15648721",France,Male,64
"15801466",France,Female,39
"15750248",France,Female,35
"15758726",France,Female,24
"15781553",Germany,Female,49
"15649121",France,Male,52
"15674811",Germany,Male,29
"15646037",France,Male,77
"15722578",Germany,Female,21
"15665695",France,Female,49
"15801062",Spain,Female,40
"15662955",France,Male,27
"15770309",France,Male,18
"15657386",Germany,Male,43
"15777797",Spain,Male,38
"15783955",France,Female,25
"15804516",France,Male,38
"15681758",Spain,Female,25
"15630321",France,Male,44
"15588248",France,Female,28
"15591932",France,Male,32
"15810347",Spain,Female,30
"15595303",Germany,Male,46
"15634950",Germany,Male,57
"15685372",Spain,Male,54
"15745827",France,Male,30
"15755868",France,Male,35
"15735222",Spain,Female,23
"15604804",France,Female,33
"15718944",France,Female,37
"15678626",Spain,Female,31
"15571550",France,Male,39
"15723053",Germany,Male,32
"15661528",Spain,Male,47
"15754177",Spain,Male,53
"15683544",Spain,Male,62
"15708048",France,Female,34
"15701109",France,Female,37
"15600110",Germany,Female,41
"15651533",Germany,Female,50
"15777904",France,Female,45
"15655574",Germany,Female,40
"15569423",Spain,Male,41
"15718106",France,Male,34
"15585067",Spain,Male,31
"15675501",France,Male,59
"15633233",France,Male,56
"15667134",France,Male,32
"15659105",France,Female,47
"15575409",Germany,Male,31
"15752342",Germany,Female,54
"15654851",France,Male,44
"15741429",Spain,Female,31
"15682356",France,Female,37
"15806447",Germany,Male,32
"15800229",Germany,Male,40
"15663441",Germany,Female,40
"15791991",France,Male,52
"15775082",France,Male,42
"15579706",France,Female,46
"15718247",Spain,Female,46
"15755722",France,Male,24
"15582259",France,Female,37
"15716994",Spain,Male,24
"15586880",Germany,Male,41
"15713854",France,Female,37
"15780835",Germany,Female,26
"15675896",Germany,Female,42
"15658459",Spain,Male,33
"15658057",Spain,Female,44
"15801767",Spain,Female,40
"15569178",France,Female,18
"15731478",France,Female,42
"15811236",Spain,Male,39
"15746749",Spain,Female,32
"15662758",France,Male,41
"15709387",France,Male,52
"15572093",France,Female,24
"15713826",Germany,Female,20
"15570205",Spain,Male,36
"15589348",Spain,Male,37
"15804610",France,Female,41
"15700854",Spain,Male,35
"15758836",Spain,Male,36
"15772933",Spain,Male,31
"15809006",France,Male,23
"15689612",Spain,Female,34
"15744614",France,Male,37
"15704250",France,Male,34
"15700255",Germany,Male,44
"15669410",France,Male,30
"15807595",Germany,Male,51
"15664523",Germany,Female,31
"15642833",France,Female,30
"15605279",France,Male,50
"15713644",Spain,Male,22
"15750466",Germany,Male,42
"15739054",France,Female,29
"15612771",France,Male,35
"15788483",Spain,Male,38
"15732832",France,Female,40
"15772892",France,Female,49
"15713843",Spain,Male,30
"15567993",Spain,Male,28
"15617603",Germany,Male,30
"15744983",Spain,Male,47
"15630419",France,Male,44
"15738828",Germany,Male,45
"15778025",Germany,Male,43
"15799479",Spain,Male,33
"15684269",Spain,Female,35
"15762745",Spain,Male,32
"15746970",Spain,Female,57
"15725024",Germany,Female,33
"15592116",France,Female,39
"15624391",Spain,Female,30
"15567422",France,Male,42
"15612627",Germany,Male,29
"15574879",Germany,Female,37
"15745107",Germany,Male,38
"15734491",Spain,Female,36
"15675320",Spain,Female,40
"15643824",France,Male,33
"15643438",France,Male,20
"15721730",Spain,Female,44
"15680727",France,Male,49
"15752508",Germany,Male,32
"15808846",Germany,Female,21
"15727251",France,Male,30
"15663489",Germany,Female,29
"15683677",Spain,Male,39
"15596414",Spain,Male,41
"15730639",France,Male,23
"15672132",France,Female,42
"15742638",France,Female,25
"15578603",Germany,Female,54
"15726088",France,Male,40
"15682533",France,Female,39
"15772995",France,Male,30
"15765694",Spain,Female,59
"15659486",Germany,Male,34
"15568963",Germany,Male,34
"15703820",France,Male,42
"15569410",Germany,Female,33
"15632256",France,Male,29
"15724466",Germany,Female,41
"15777639",Spain,Female,23
"15802501",Germany,Male,33
"15778410",Spain,Female,52
"15670702",France,Male,37
"15704763",Germany,Female,39
"15645544",Germany,Female,30
"15757646",France,Male,35
"15701121",France,Male,38
"15796313",France,Female,36
"15815660",France,Female,34
"15602844",France,Male,38
"15636238",France,Male,40
"15770101",Germany,Male,43
"15645543",France,Female,34
"15596397",France,Female,48
"15770525",Spain,Male,28
"15684267",Germany,Male,39
"15689980",Spain,Female,36
"15633260",France,Male,37
"15756471",Germany,Male,27
"15721303",Spain,Male,34
"15802256",France,Male,28
"15725664",France,Female,38
"15674851",France,Male,38
"15701946",France,Male,34
"15748947",France,Female,41
"15673342",France,Male,36
"15601008",France,Male,33
"15771636",Spain,Female,36
"15642002",France,Female,35
"15693381",Spain,Male,38
"15607691",France,Male,36
"15589380",Germany,Male,40
"15603846",Spain,Male,37
"15753549",France,Male,25
"15725355",France,Female,43
"15773017",Spain,Female,37
"15625641",Germany,Female,74
"15776467",Spain,Female,35
"15746451",Spain,Male,41
"15777922",Spain,Male,36
"15606841",France,Male,38
"15757648",Germany,Female,35
"15677173",France,Male,37
"15764170",Germany,Male,44
"15610446",France,Female,51
"15612776",Spain,Female,39
"15794122",France,Female,59
"15774931",France,Male,30
"15779247",Spain,Female,24
"15707078",France,Female,26
"15605263",France,Male,33
"15607381",Germany,Female,31
"15683471",France,Male,38
"15605037",France,Female,49
"15576085",France,Male,41
"15770435",France,Female,50
"15592994",France,Female,65
"15624068",France,Female,26
"15595221",Germany,Female,33
"15637131",France,Male,38
"15613471",Germany,Male,31
"15583499",France,Male,32
"15752816",France,Male,29
"15804075",Germany,Female,36
"15800517",Spain,Male,32
"15712319",Spain,Male,45
"15797389",Spain,Male,23
"15621432",Spain,Male,35
"15779390",Spain,Female,31
"15711219",Germany,Female,57
"15770498",France,Female,37
"15678727",Germany,Male,45
"15573893",Germany,Male,25
"15740104",Spain,Female,22
"15792649",Spain,Female,31
"15605275",Germany,Male,45
"15572467",France,Male,37
"15738219",France,Female,36
"15600710",France,Male,22
"15804394",Germany,Male,32
"15694188",Spain,Female,46
"15583718",Germany,Male,38
"15802478",Spain,Male,31
"15619343",France,Male,56
"15758813",Germany,Male,39
"15761374",France,Male,54
"15569209",Spain,Female,34
"15788539",France,Female,34
"15747222",Spain,Female,35
"15769346",France,Female,36
"15699634",France,Female,48
"15589076",France,Male,36
"15812338",Spain,Female,30
"15758845",Spain,Female,37
"15685844",Germany,Female,35
"15583090",Spain,Female,29
"15587581",Germany,Female,33
"15633640",France,Female,52
"15573741",Spain,Male,38
"15633574",France,Female,41
"15711455",Germany,Female,36
"15570601",France,Female,47
"15690925",Spain,Female,29
"15709338",France,Female,29
"15780746",France,Male,61
"15681956",France,Male,34
"15778190",Spain,Female,28
"15786852",Germany,Female,38
"15726494",France,Male,44
"15641183",Spain,Male,25
"15805312",France,Male,45
"15636572",France,Female,32
"15632575",France,Female,70
"15740164",France,Female,33
"15574947",France,Male,36
"15597909",Germany,Male,33
"15782574",Spain,Male,33
"15734999",Spain,Male,36
"15706593",Spain,Female,50
"15766686",Germany,Female,39
"15590268",Spain,Male,35
"15763055",Spain,Male,31
"15664754",Germany,Male,39
"15643630",Spain,Male,55
"15641043",Spain,Male,35
"15768095",France,Male,31
"15811314",Germany,Female,36
"15669922",Spain,Female,36
"15707114",France,Male,30
"15670602",Germany,Male,24
"15713479",France,Male,35
"15663830",Spain,Male,32
"15566958",Spain,Male,39
"15680918",Spain,Male,34
"15663921",France,Male,60
"15716324",France,Female,23
"15796969",France,Male,33
"15574783",France,Female,37
"15773487",Germany,Female,31
"15802486",France,Male,34
"15783398",Spain,Female,49
"15649418",France,Female,29
"15604588",Spain,Female,38
"15735428",Spain,Female,37
"15629078",Germany,Female,45
"15806880",Spain,Female,30
"15754999",France,Female,33
"15781034",Spain,Male,67
"15622017",Spain,Female,33
"15705885",Spain,Male,36
"15677382",Spain,Female,69
"15566843",Germany,Male,20
"15608387",France,Female,29
"15810786",France,Female,67
"15626983",Spain,Female,48
"15773605",Spain,Female,32
"15811261",Spain,Male,42
"15590606",France,Male,41
"15576644",Germany,Female,29
"15750264",Germany,Male,30
"15741554",Spain,Male,31
"15769051",Spain,Male,25
"15812198",Germany,Male,48
"15699772",Germany,Female,40
"15744105",France,Female,28
"15739858",France,Male,56
"15723720",France,Female,31
"15638355",France,Female,35
"15805637",France,Male,36
"15629575",France,Male,36
"15586243",France,Male,44
"15757931",France,Male,24
"15716023",France,Male,31
"15647782",Germany,Male,36
"15716609",Germany,Male,54
"15623791",Spain,Female,40
"15627262",Germany,Male,23
"15652693",France,Female,26
"15586993",Spain,Female,56
"15815560",Germany,Male,74
"15584930",Germany,Male,30
"15799031",France,Male,39
"15810457",Germany,Female,33
"15697879",France,Male,30
"15594902",France,Male,38
"15799710",France,Male,37
"15659651",Germany,Female,31
"15645956",Spain,Male,44
"15651713",France,Male,45
"15737265",Germany,Male,39
"15687310",Spain,Male,39
"15607347",France,Male,22
"15698321",Germany,Male,34
"15657812",France,Male,52
"15569187",Spain,Male,35
"15681562",France,Female,43
"15615456",France,Female,37
"15589793",France,Male,53
"15781884",Germany,Male,27
"15675190",France,Male,21
"15600734",Spain,Male,51
"15779176",Germany,Female,58
"15605286",France,Male,55
"15674922",France,Male,54
"15737506",France,Male,42
"15780514",France,Male,33
"15623647",Spain,Female,36
"15668472",Spain,Female,24
"15692416",Spain,Female,52
"15771139",Germany,Male,34
"15738318",France,Female,40
"15772243",France,Female,33
"15638463",Germany,Female,48
"15598088",Spain,Male,25
"15693468",Spain,Female,39
"15671930",France,Female,36
"15762268",France,Female,41
"15780954",Spain,Male,26
"15700174",Spain,Female,30
"15635728",France,Male,41
"15679283",France,Female,33
"15591386",France,Female,35
"15694192",Spain,Female,38
"15585901",Spain,Male,35
"15792329",Germany,Male,37
"15635597",France,Male,33
"15775880",France,Female,30
"15630913",Spain,Female,69
"15756680",France,Male,28
"15587913",Spain,Female,40
"15737605",Spain,Female,45
"15627876",Spain,Female,47
"15772601",Germany,Female,41
"15758606",France,Male,54
"15657107",Spain,Female,46
"15622454",Spain,Male,28
"15775803",Spain,Male,41
"15570859",Germany,Male,36
"15748381",France,Female,29
"15787189",Germany,Male,60
"15666055",France,Female,49
"15617648",France,Female,44
"15755678",France,Male,62
"15624781",France,Female,34
"15779497",France,Male,43
"15567399",Germany,Male,43
"15613656",France,Male,58
"15734311",France,Female,27
"15657214",France,Male,74
"15799350",France,Male,41
"15729970",Germany,Male,29
"15725835",Germany,Female,32
"15745543",France,Male,39
"15727384",Germany,Female,43
"15666916",France,Male,43
"15732917",Germany,Male,46
"15612050",Spain,Female,48
"15726267",France,Male,32
"15780124",France,Male,74
"15742238",Germany,Male,35
"15679024",France,Male,32
"15715297",Germany,Female,40
"15633612",France,Male,28
"15602929",Spain,Female,37
"15696703",Germany,Male,27
"15756668",France,Male,30
"15565779",Germany,Female,30
"15795519",Germany,Female,18
"15761477",Germany,Male,24
"15731890",France,Male,41
"15633043",Spain,Female,39
"15752953",France,Male,45
"15603088",Spain,Female,23
"15606613",France,Female,59
"15635939",France,Female,39
"15666043",France,Male,33
"15746190",Spain,Female,28
"15591357",France,Male,51
"15658716",Germany,Female,37
"15679909",Spain,Male,41
"15634262",Germany,Male,34
"15799825",France,Female,44
"15756875",Spain,Male,34
"15678146",Spain,Female,24
"15710743",France,Male,47
"15595831",Germany,Female,64
"15626684",France,Female,38
"15709846",France,Female,39
"15635459",Germany,Female,27
"15642544",France,Male,34
"15566494",France,Male,45
"15655238",France,Female,31
"15733429",Germany,Male,34
"15814536",France,Male,37
"15771702",France,Female,35
"15723008",France,Female,45
"15797160",France,Female,49
"15792222",France,Female,37
"15644765",Germany,Male,26
"15610686",France,Male,63
"15730868",France,Male,41
"15705991",Germany,Male,38
"15577078",Spain,Male,38
"15679550",France,Male,32
"15787655",France,Male,47
"15668081",Spain,Female,50
"15747980",Spain,Male,38
"15710295",Germany,Female,38
"15724443",Germany,Female,29
"15571305",Germany,Female,35
"15569503",France,Male,44
"15581840",France,Male,33
"15772262",Germany,Male,37
"15767794",France,Male,31
"15629338",Spain,Female,31
"15790379",Germany,Male,28
"15750684",France,Female,42
"15697214",Spain,Female,36
"15711015",France,Male,36
"15573309",Spain,Female,48
"15805303",Germany,Male,44
"15741385",Germany,Male,45
"15780254",France,Male,40
"15744843",Spain,Female,34
"15815626",France,Male,63
"15784736",France,Male,45
"15813412",France,Female,55
"15809143",Germany,Male,32
"15617617",Spain,Male,39
"15779738",France,Male,24
"15668669",France,Female,36
"15687477",Germany,Male,28
"15578908",Spain,Female,32
"15687658",France,Female,52
"15615020",Germany,Female,41
"15608886",France,Female,33
"15602551",Spain,Male,39
"15672945",France,Female,37
"15757408",Spain,Male,38
"15806132",France,Male,55
"15813022",Spain,Male,70
"15673578",Germany,Female,40
"15757916",France,Female,38
"15689168",Spain,Male,37
"15769216",France,Female,43
"15593295",France,Male,57
"15804814",France,Male,40
"15778934",Spain,Female,49
"15802351",Germany,Female,33
"15630241",France,Male,61
"15719561",France,Male,42
"15615096",France,Female,31
"15659931",Germany,Female,55
"15714586",Spain,Female,42
"15634949",Germany,Male,74
"15589224",Spain,Male,41
"15795990",Germany,Female,48
"15603216",France,Male,25
"15631201",Spain,Female,28
"15686255",Germany,Male,35
"15746594",Spain,Male,33
"15718893",Germany,Female,54
"15671609",France,Male,44
"15652540",France,Male,31
"15774857",France,Female,27
"15791836",France,Male,29
"15651554",Germany,Female,54
"15583576",France,Male,30
"15732740",Spain,Female,32
"15723320",Germany,Female,25
"15603851",France,Male,32
"15777923",France,Female,45
"15735719",France,Female,40
"15703482",Germany,Male,34
"15605835",France,Male,37
"15664881",France,Male,34
"15757568",France,Female,45
"15792660",France,Male,38
"15599722",Spain,Female,43
"15726354",France,Female,32
"15610355",France,Male,44
"15704284",Germany,Male,57
"15621893",France,Male,18
"15588219",France,Female,38
"15688619",Spain,Male,45
"15765518",France,Female,51
"15616931",France,Male,41
"15758372",France,Male,18
"15782591",France,Male,35
"15612109",France,Male,38
"15613712",Spain,Male,34
"15639322",Spain,Male,33
"15594349",France,Male,49
"15574167",France,Male,33
"15811842",Spain,Male,26
"15648794",Spain,Male,57
"15771211",France,Male,38
"15588614",France,Male,57
"15630698",France,Female,55
"15694200",France,Male,36
"15721426",Germany,Male,65
"15725997",France,Female,35
"15762138",France,Male,42
"15750649",France,Female,44
"15685706",France,Female,40
"15641835",France,Male,72
"15586821",France,Male,28
"15569678",Germany,Male,32
"15793842",France,Female,34
"15667554",France,Male,35
"15794479",Spain,Male,77
"15585041",France,Male,33
"15780650",France,Male,40
"15780846",France,Male,33
"15805260",Germany,Female,56
"15800326",Spain,Female,39
"15621629",Germany,Male,43
"15662151",France,Male,40
"15747174",Germany,Male,58
"15651585",Germany,Male,35
"15649738",France,Female,46
"15633108",France,Male,26
"15769254",Germany,Female,34
"15704746",Spain,Male,35
"15637644",France,Female,24
"15609562",Spain,Female,43
"15787459",Spain,Male,40
"15762902",France,Female,42
"15738605",Germany,Female,46
"15724889",Spain,Male,38
"15730735",France,Male,38
"15689147",France,Female,40
"15730397",Spain,Male,40
"15762169",Germany,Male,37
"15589320",Spain,Male,34
"15799211",Spain,Female,32
"15798310",France,Male,35
"15609998",Germany,Female,59
"15583548",Spain,Female,47
"15761763",France,Male,33
"15764409",France,Male,37
"15710161",France,Female,34
"15735246",Spain,Female,58
"15791700",Germany,Male,47
"15670753",Spain,Male,35
"15573876",Spain,Male,48
"15770174",France,Male,29
"15641114",France,Male,37
"15682435",France,Male,35
"15751788",Spain,Male,28
"15672598",Spain,Male,30
"15762803",France,Male,31
"15812982",Spain,Male,38
"15597901",France,Male,34
"15731507",France,Female,33
"15809826",France,Female,46
"15764237",Spain,Male,33
"15769917",Germany,Female,34
"15641850",France,Male,40
"15770974",Germany,Female,37
"15803749",Germany,Female,41
"15684999",France,Female,26
"15770225",France,Male,36
"15627484",France,Female,47
"15610337",Spain,Male,35
"15752488",Spain,Female,31
"15610056",Germany,Female,34
"15806049",Germany,Female,49
"15736069",Germany,Female,35
"15763662",Germany,Male,43
"15615575",France,Male,34
"15691723",Spain,Male,55
"15774098",Germany,Male,38
"15750808",Spain,Male,46
"15744368",Spain,Male,58
"15610594",France,Female,37
"15756125",Spain,Male,44
"15623277",France,Female,30
"15795954",France,Male,35
"15671969",Spain,Male,36
"15791268",Spain,Male,38
"15713655",France,Female,38
"15633930",Spain,Female,56
"15712849",Germany,Male,41
"15639077",France,Female,30
"15808784",France,Male,28
"15648577",France,Female,31
"15670345",Germany,Female,33
"15633112",Germany,Male,42
"15714397",Germany,Female,30
"15780038",Spain,Male,38
"15756305",France,Female,66
"15578799",France,Female,58
"15785485",Germany,Female,41
"15783958",Spain,Female,37
"15727546",France,Male,35
"15739576",Spain,Male,20
"15631333",Spain,Female,25
"15604782",Germany,Female,33
"15589643",Spain,Female,41
"15585533",France,Male,36
"15681506",Spain,Male,43
"15630551",France,Male,33
"15698349",Spain,Female,35
"15776631",France,Female,36
"15762216",France,Female,41
"15623927",France,Male,55
"15681402",Germany,Female,61
"15586264",France,Male,43
"15594685",France,Female,49
"15812945",France,Female,29
"15734628",France,Female,35
"15629323",Germany,Female,37
"15666823",France,Male,39
"15777553",France,Female,56
"15613097",France,Female,33
"15622217",France,Female,38
"15703588",Germany,Male,25
"15570835",Germany,Female,57
"15679299",Spain,Female,27
"15808044",France,Female,65
"15579208",France,Female,48
"15684951",France,Female,59
"15667620",France,Female,43
"15582960",France,Female,33
"15590730",Spain,Male,34
"15763747",France,Male,36
"15778320",Germany,Female,40
"15642787",France,Male,37
"15624633",France,Male,45
"15766765",Germany,Male,39
"15783615",Germany,Male,50
"15640161",Germany,Male,44
"15619889",France,Male,26
"15579166",France,Female,30
"15789097",France,Male,48
"15674880",Spain,Male,50
"15778157",Spain,Male,27
"15779064",France,Male,27
"15801265",Spain,Female,45
"15589204",France,Male,33
"15664543",France,Male,40
"15582714",Germany,Male,47
"15797595",France,Female,40
"15614034",Germany,Male,61
"15763171",Germany,Female,25
"15647266",Spain,Female,45
"15757577",France,Female,61
"15736656",France,Female,49
"15635078",Spain,Male,45
"15680141",Spain,Female,35
"15576945",France,Male,29
"15602034",France,Female,34
"15732020",Germany,Male,57
"15611029",Germany,Female,33
"15621210",Germany,Male,46
"15569222",France,Male,32
"15664639",France,Male,19
"15724223",France,Female,55
"15644621",Germany,Female,40
"15756056",Spain,Female,28
"15700353",France,Female,37
"15624388",Germany,Female,50
"15627212",France,Female,36
"15648005",Spain,Male,33
"15681446",Germany,Female,37
"15775888",Germany,Female,38
"15749019",Germany,Male,45
"15709928",Spain,Female,41
"15784676",France,Male,51
"15748116",France,Female,29
"15612193",Spain,Male,29
"15762984",Spain,Male,35
"15613713",France,Male,30
"15664204",Spain,Male,29
"15639415",France,Male,35
"15806332",Spain,Female,39
"15614929",Germany,Male,28
"15695492",France,Female,29
"15635972",Spain,Male,36
"15616380",Spain,Female,37
"15581440",Germany,Female,48
"15654390",France,Male,33
"15660688",Spain,Female,35
"15806307",France,Male,37
"15647975",Germany,Male,26
"15595728",Germany,Male,41
"15735388",France,Female,25
"15788535",Spain,Male,44
"15765902",Germany,Male,38
"15642345",Germany,Female,49
"15641250",Spain,Male,38
"15706163",Germany,Male,46
"15746708",Germany,Male,55
"15775203",France,Male,45
"15787907",Germany,Female,42
"15646764",Germany,Female,58
"15678284",France,Male,35
"15726791",Spain,Female,45
"15813144",France,Female,26
"15669342",Germany,Male,35
"15710366",Spain,Female,42
"15614934",Germany,Female,37
"15588701",France,Female,38
"15665438",France,Male,43
"15644896",Germany,Male,32
"15670205",Germany,Female,41
"15635776",Germany,Female,43
"15791053",Germany,Male,45
"15644005",France,Female,33
"15796343",France,Female,31
"15751057",Germany,Male,32
"15623430",France,Male,34
"15682600",Germany,Male,39
"15769312",Spain,Male,48
"15708212",Spain,Female,54
"15650258",France,Female,35
"15604345",France,Female,22
"15578297",Germany,Female,43
"15671789",France,Male,31
"15726186",Spain,Male,29
"15764618",Spain,Female,39
"15730738",Spain,Male,31
"15637650",France,Male,50
"15606267",France,Female,38
"15625904",France,Male,26
"15654463",France,Male,34
"15774151",Spain,Female,41
"15693259",France,Male,30
"15642468",France,Male,42
"15758531",France,Female,40
"15728352",France,Male,27
"15637240",France,Male,46
"15595588",Spain,Female,39
"15778395",Germany,Male,34
"15711825",Spain,Female,35
"15599251",Germany,Male,32
"15570004",France,Male,31
"15656912",Spain,Male,51
"15657342",Germany,Male,28
"15716284",France,Male,43
"15672374",France,Male,52
"15732476",France,Female,27
"15747724",Spain,Female,34
"15633877",Spain,Female,42
"15672516",Germany,Male,51
"15607827",Germany,Male,34
"15751336",Spain,Male,30
"15646539",France,Male,31
"15756901",France,Female,26
"15809286",Germany,Male,37
"15759021",France,Male,35
"15725039",Spain,Male,32
"15579130",Germany,Female,43
"15754112",Spain,Male,55
"15735522",Germany,Male,37
"15613326",France,Female,33
"15739502",Germany,Female,31
"15670914",France,Male,38
"15604073",Germany,Female,25
"15806027",France,Female,52
"15574886",France,Male,32
"15707120",France,Male,46
"15800845",Spain,Female,33
"15603914",France,Male,40
"15722765",Spain,Female,57
"15783305",France,Female,46
"15574842",Germany,Female,25
"15607837",France,Female,29
"15714877",France,Female,29
"15782941",France,Male,31
"15630167",Spain,Female,39
"15759038",France,Female,41
"15661821",Germany,Female,49
"15728006",France,Male,40
"15712176",France,Male,31
"15689351",Germany,Female,41
"15782247",France,Male,22
"15769064",Germany,Male,39
"15718153",Spain,Female,74
"15613189",France,Female,52
"15661734",Germany,Male,42
"15592645",Spain,Male,37
"15768387",France,Male,41
"15792525",Germany,Female,61
"15586976",France,Female,42
"15790659",Spain,Male,59
"15691446",Spain,Male,29
"15772632",France,Female,34
"15706587",France,Male,57
"15572461",Germany,Female,29
"15654409",France,Female,34
"15568025",France,Male,51
"15715769",France,Male,26
"15667458",Germany,Male,28
"15567980",Germany,Female,46
"15679294",France,Female,46
"15606507",France,Male,24
"15578825",France,Female,29
"15619935",Spain,Female,59
"15636089",Germany,Female,51
"15727490",France,Male,47
"15591766",Spain,Female,25
"15641629",Spain,Female,38
"15813303",Spain,Male,88
"15756920",France,Male,63
"15726403",Germany,Male,41
"15592765",France,Male,40
"15704442",France,Female,53
"15641136",France,Male,32
"15725818",Germany,Male,40
"15612071",Spain,Female,32
"15719809",Germany,Male,32
"15716518",France,Female,27
"15742210",France,Male,38
"15630617",Germany,Male,36
"15720838",Spain,Female,31
"15595537",Germany,Male,49
"15623196",France,Male,38
"15679249",Germany,Female,57
"15693199",France,Female,37
"15661219",France,Male,32
"15617136",Germany,Female,38
"15760294",France,Female,41
"15652808",France,Female,41
"15657139",France,Female,40
"15803790",Germany,Male,37
"15764105",France,Female,57
"15672610",Spain,Male,40
"15766896",France,Male,37
"15587735",France,Male,39
"15659501",France,Female,38
"15745001",Spain,Female,36
"15651140",France,Female,32
"15571148",Spain,Female,21
"15776824",France,Male,28
"15633141",Germany,Female,35
"15764174",Spain,Female,26
"15778155",Germany,Female,31
"15715920",Spain,Male,23
"15671917",France,Male,46
"15666548",Germany,Female,56
"15625623",France,Female,45
"15748123",France,Male,20
"15648735",France,Male,37
"15634974",France,Female,37
"15713378",France,Male,38
"15753370",Germany,Female,38
"15782659",France,Male,32
"15583364",France,Female,32
"15625942",Spain,Female,45
"15720284",Germany,Female,37
"15679642",Spain,Male,44
"15628007",France,Male,33
"15661974",France,Male,46
"15689341",France,Female,50
"15607993",France,Female,52
"15693267",Germany,Female,34
"15769522",France,Male,51
"15755825",France,Male,39
"15598175",Germany,Female,26
"15744327",France,Male,40
"15798666",France,Female,36
"15577064",Germany,Male,36
"15759436",France,Female,50
"15690231",Spain,Female,62
"15751561",Germany,Male,61
"15739068",Germany,Male,25
"15758056",France,Male,35
"15742269",France,Female,24
"15726490",Spain,Male,52
"15738411",France,Male,34
"15727919",Spain,Female,29
"15709396",France,Male,42
"15654106",France,Male,26
"15621653",France,Female,29
"15598086",France,Female,45
"15752300",Germany,Male,47
"15658693",France,Female,60
"15631838",France,Male,61
"15803804",Germany,Female,35
"15578809",Germany,Male,40
"15752026",France,Male,58
"15723706",France,Female,33
"15752838",Spain,Male,38
"15569571",Germany,Female,46
"15769703",Germany,Female,45
"15679770",France,Female,61
"15791102",Germany,Male,41
"15655192",Spain,Female,24
"15709487",Germany,Male,34
"15687130",France,Female,43
"15755178",France,Male,50
"15634772",Spain,Female,59
"15617197",France,Male,50
"15631240",France,Female,36
"15784301",France,Male,42
"15631310",France,Female,53
"15756560",Spain,Female,46
"15732270",Spain,Male,71
"15739357",Spain,Male,30
"15771540",France,Male,38
"15567486",Spain,Female,41
"15714634",France,Male,26
"15727021",Germany,Female,30
"15650670",Germany,Female,40
"15711834",Spain,Female,30
"15729763",Spain,Male,34
"15646566",France,Female,58
"15645463",France,Female,27
"15672144",France,Female,38
"15596088",France,Female,50
"15614878",Germany,Female,29
"15635240",France,Male,42
"15775905",Germany,Female,47
"15700657",Germany,Female,40
"15611905",Spain,Female,31
"15652527",France,Male,44
"15785865",France,Male,58
"15645942",Spain,Male,40
"15688691",Germany,Female,51
"15592736",Germany,Male,54
"15673529",Spain,Male,36
"15724145",Germany,Male,29
"15704629",France,Female,32
"15597896",Germany,Male,30
"15731790",Germany,Female,38
"15634719",France,Male,31
"15703205",France,Female,46
"15567333",France,Female,31
"15754537",France,Male,40
"15612030",France,Male,28
"15573242",France,Male,50
"15601892",France,Male,33
"15663885",France,Male,32
"15701096",France,Male,44
"15710450",Spain,Male,22
"15790846",Germany,Male,38
"15658956",Germany,Male,40
"15755223",Germany,Male,53
"15787318",Germany,Female,47
"15737310",France,Male,29
"15763665",France,Female,28
"15668818",Spain,Female,40
"15765812",Spain,Male,48
"15704844",Spain,Male,62
"15744582",France,Female,24
"15616700",Spain,Female,41
"15683521",Germany,Male,28
"15583049",Germany,Female,34
"15643752",France,Male,25
"15620398",Spain,Female,34
"15715707",France,Male,32
"15814209",France,Male,31
"15733768",France,Male,32
"15755242",France,Female,46
"15729412",France,Male,38
"15746564",France,Male,42
"15588446",Spain,Male,34
"15665221",France,Male,26
"15640846",Germany,Female,58
"15700209",France,Male,63
"15658360",Spain,Male,35
"15602735",Germany,Male,45
"15724834",France,Female,30
"15800062",Spain,Male,49
"15685300",France,Male,35
"15760102",France,Female,36
"15787026",Germany,Male,27
"15653696",France,Female,28
"15788946",Spain,Female,29
"15600724",Germany,Male,29
"15574324",Germany,Female,29
"15707144",Germany,Male,25
"15775891",Germany,Male,48
"15711789",Spain,Female,42
"15600879",Germany,Female,36
"15681196",France,Male,35
"15716000",Spain,Male,48
"15766776",France,Male,41
"15680278",Spain,Female,42
"15688637",France,Female,27
"15591179",Spain,Male,30
"15677435",France,Female,29
"15698619",France,Male,43
"15581036",Germany,Female,40
"15622117",Spain,Female,31
"15599301",Germany,Female,28
"15581548",Spain,Female,22
"15586870",France,Male,27
"15735263",France,Male,27
"15765322",France,Male,23
"15582944",Spain,Female,39
"15687162",France,Male,51
"15644962",France,Male,21
"15612615",France,Female,37
"15813439",France,Male,33
"15604544",Germany,Male,40
"15761348",France,Female,38
"15785078",Spain,Male,26
"15759874",France,Male,44
"15643658",Germany,Male,53
"15713267",Spain,Female,34
"15737782",France,Male,29
"15815490",Germany,Male,40
"15679410",France,Female,62
"15756241",France,Female,44
"15688409",France,Female,28
"15742272",France,Female,44
"15717898",Spain,Male,32
"15769582",France,Male,29
"15635660",Germany,Male,30
"15576723",France,Female,37
"15591577",France,Male,35
"15582325",France,Male,52
"15693947",France,Female,19
"15760446",France,Female,64
"15611105",Spain,Male,35
"15630920",France,Male,34
"15574910",France,Male,50
"15756472",France,Male,25
"15682890",Germany,Male,38
"15641994",Germany,Male,43
"15733297",France,Female,38
"15767793",France,Female,38
"15725698",Spain,Female,35
"15813532",France,Female,39
"15576760",Germany,Male,36
"15732102",Germany,Female,27
"15739046",Spain,Female,23
"15631927",Spain,Female,28
"15672115",France,Male,60
"15618765",Germany,Female,42
"15679148",France,Male,44
"15728474",Germany,Male,32
"15636999",France,Male,38
"15754261",Spain,Male,42
"15629150",France,Female,37
"15736274",France,Male,31
"15627697",France,Male,34
"15721585",Germany,Male,29
"15639946",Germany,Female,39
"15792176",Spain,Female,40
"15699450",France,Male,48
"15729954",France,Female,28
"15600103",Germany,Female,29
"15786200",France,Male,31
"15797010",France,Female,31
"15670172",France,Female,30
"15627352",Germany,Male,46
"15622494",France,Male,27
"15585835",Spain,Female,34
"15595071",France,Male,22
"15628203",France,Female,38
"15667190",Spain,Female,21
"15780212",France,Male,37
"15766869",Germany,Male,37
"15775741",France,Female,28
"15628170",Germany,Female,32
"15701318",Spain,Male,67
"15710928",France,Female,55
"15682547",France,Male,38
"15631170",France,Male,45
"15648702",Germany,Male,70
"15783444",France,Female,39
"15809178",Germany,Female,42
"15806688",Spain,Female,56
"15576824",Germany,Female,44
"15675422",France,Female,32
"15681550",France,Female,41
"15812628",Germany,Female,38
"15597951",France,Female,58
"15807045",Germany,Female,37
"15581748",Germany,Male,57
"15770420",Germany,Male,46
"15608230",France,Male,23
"15730339",Spain,Male,30
"15712584",France,Female,33
"15592816",Germany,Female,48
"15641480",France,Male,32
"15708505",Germany,Female,37
"15791131",Germany,Female,30
"15618225",Germany,Male,36
"15644724",France,Male,31
"15662098",Spain,Male,41
"15723894",France,Male,45
"15787699",Germany,Male,34
"15687738",France,Female,38
"15576126",France,Female,41
"15658889",France,Male,22
"15667046",Spain,Male,38
"15669957",Germany,Male,52
"15655794",France,Male,36
"15599829",France,Female,35
"15753332",Germany,Male,48
"15671124",France,Male,25
"15767474",France,Female,57
"15720671",France,Male,42
"15626787",Spain,Female,31
"15774491",France,Female,28
"15579647",France,Male,42
"15625522",Spain,Male,31
"15765806",France,Male,29
"15566708",France,Female,45
"15668347",France,Male,36
"15575214",France,Male,37
"15591123",Germany,Male,68
"15573280",Germany,Male,50
"15589018",Germany,Male,28
"15654495",Germany,Female,47
"15597265",France,Male,38
"15733876",France,Male,36
"15677217",France,Male,30
"15747265",Germany,Female,27
"15713379",France,Male,26
"15730433",Germany,Female,38
"15693347",France,Female,32
"15715465",Germany,Male,28
"15680736",Germany,Female,72
"15610765",France,Male,29
"15650034",France,Female,28
"15782468",Spain,Male,51
"15685109",France,Male,39
"15776233",Germany,Female,61
"15761141",Spain,Female,71
"15781702",Germany,Male,38
"15790235",Spain,Male,40
"15641416",Germany,Female,61
"15775234",France,Male,24
"15659475",France,Female,33
"15642202",Germany,Female,37
"15771417",France,Male,43
"15585100",Germany,Female,40
"15700487",France,Male,46
"15726589",Germany,Male,39
"15747503",Spain,Male,44
"15595883",Germany,Male,39
"15663826",Spain,Female,66
"15742820",France,Female,45
"15624793",Germany,Male,23
"15597930",France,Male,52
"15665110",France,Female,25
"15770719",France,Female,39
"15731327",Germany,Male,27
"15576044",Germany,Male,28
"15775662",France,Male,43
"15646817",France,Male,51
"15596060",Spain,Male,29
"15723299",France,Male,53
"15636982",Germany,Female,43
"15751175",France,Female,44
"15618936",France,Female,51
"15787529",Spain,Male,38
"15780128",France,Male,33
"15615991",France,Male,42
"15757001",France,Female,32
"15595388",France,Female,30
"15699550",Spain,Female,34
"15581620",France,Male,28
"15600934",France,Female,52
"15738672",Germany,Female,40
"15721307",Germany,Male,37
"15619280",France,Male,25
"15768244",Spain,Female,30
"15806837",France,Male,37
"15643496",France,Female,34
"15813916",France,Female,31
"15626385",Spain,Female,33
"15603582",Spain,Female,34
"15764351",Germany,Female,59
"15667938",France,Male,32
"15576360",France,Male,40
"15628813",France,Female,43
"15584190",France,Male,36
"15716449",Spain,Male,33
"15759913",Germany,Male,43
"15701555",Spain,Male,53
"15758482",France,Female,32
"15758171",France,Male,20
"15680346",Spain,Male,40
"15649124",France,Male,30
"15812917",Spain,Male,35
"15768455",France,Male,60
"15703059",Germany,Female,49
"15646196",Spain,Female,36
"15585451",Germany,Female,32
"15714057",Spain,Male,40
"15748473",France,Male,38
"15785782",Spain,Male,48
"15693233",Germany,Male,38
"15757521",France,Male,35
"15812513",Germany,Male,45
"15674950",Germany,Male,39
"15678572",Spain,Male,38
"15713608",France,Female,41
"15579262",France,Male,41
"15610426",France,Female,39
"15776454",France,Female,48
"15771483",France,Male,40
"15648489",France,Male,53
"15646609",France,Male,33
"15693203",Spain,Female,75
"15813067",Germany,Female,45
"15769829",Spain,Male,51
"15662434",France,Male,25
"15773503",Spain,Male,32
"15705890",France,Male,45
"15711398",France,Female,25
"15752375",Germany,Male,33
"15659175",France,Female,43
"15597033",Germany,Male,37
"15590228",France,Male,21
"15631848",France,Female,26
"15654211",Spain,Female,27
"15707968",Spain,Male,36
"15594084",France,Male,22
"15651093",France,Female,55
"15798824",Spain,Male,38
"15671591",Spain,Male,52
"15707189",Germany,Female,36
"15733581",Germany,Male,32
"15641640",Spain,Female,33
"15585284",Spain,Female,35
"15617866",Spain,Male,67
"15667751",Spain,Female,36
"15669411",Germany,Female,52
"15789425",Germany,Female,37
"15570943",Germany,Female,35
"15685829",France,Male,37
"15721917",France,Female,38
"15776047",France,Female,29
"15716024",Spain,Male,42
"15675328",France,Female,37
"15604314",Germany,Female,26
"15658339",Germany,Male,37
"15630402",France,Female,31
"15689616",Spain,Male,34
"15774224",Germany,Female,30
"15701291",France,Male,44
"15719606",France,Male,50
"15644119",France,Male,31
"15646859",Germany,Male,47
"15606836",France,Female,33
"15664150",Germany,Female,29
"15624510",France,Male,52
"15810944",France,Female,35
"15668575",Spain,Female,26
"15603246",France,Male,73
"15804002",France,Female,33
"15728773",France,Female,47
"15598044",France,Female,35
"15694829",Germany,Male,32
"15600575",Spain,Male,41
"15727311",France,Female,22
"15570769",France,Male,69
"15606274",Germany,Male,38
"15746139",France,Male,33
"15704987",France,Female,52
"15628972",Germany,Male,32
"15697686",France,Female,40
"15733883",France,Male,28
"15617482",Germany,Female,52
"15704583",France,Male,56
"15621083",France,Male,57
"15649487",Germany,Female,38
"15736760",Spain,Female,42
"15714658",France,Female,33
"15599081",Germany,Female,46
"15705113",Spain,Male,34
"15631159",Germany,Male,41
"15792818",Germany,Female,29
"15633531",France,Female,76
"15744529",France,Male,63
"15669656",France,Male,32
"15581198",Germany,Female,39
"15729054",Germany,Male,32
"15573452",Germany,Male,42
"15776733",Germany,Female,37
"15724858",France,Female,54
"15713144",Spain,Male,46
"15690188",France,Male,33
"15689425",Spain,Male,35
"15671766",France,Male,44
"15782806",Spain,Male,28
"15764419",France,Male,27
"15591915",France,Female,39
"15772798",Spain,Female,28
"15792008",Spain,Female,26
"15715541",France,Female,42
"15639277",France,Female,41
"15798850",France,Male,32
"15776348",Germany,Male,20
"15727696",France,Male,42
"15793813",France,Male,36
"15694395",France,Female,29
"15764195",Spain,Male,39
"15744919",Spain,Female,37
"15671655",Germany,Male,31
"15654901",France,Male,51
"15649136",France,Female,43
"15775562",France,Female,33
"15807481",France,Female,46
"15642885",France,Male,30
"15789109",France,Female,41
"15814004",France,Male,29
"15673619",France,Male,25
"15595135",Germany,Female,29
"15583681",Spain,Male,31
"15605000",France,Male,38
"15718071",France,Female,51
"15679760",France,Male,46
"15654574",Germany,Male,36
"15577178",France,Male,45
"15595324",Germany,Female,39
"15756932",Spain,Female,36
"15726358",France,Male,34
"15595228",France,Male,45
"15782530",Spain,Male,30
"15592877",Spain,Male,42
"15651983",France,Female,56
"15746737",Germany,Male,59
"15774179",France,Male,37
"15667265",France,Male,39
"15655123",Spain,Female,45
"15595917",France,Female,35
"15668385",France,Male,40
"15709476",Spain,Female,41
"15711218",Germany,Male,39
"15798659",Spain,Female,43
"15663939",Germany,Male,35
"15694946",France,Male,35
"15631912",France,Male,30
"15768816",Germany,Male,42
"15682268",Germany,Female,26
"15684801",France,Male,47
"15636428",Spain,Female,45
"15809823",Germany,Male,19
"15699284",France,Male,49
"15786993",France,Female,51
"15709441",Spain,Female,59
"15710257",France,Female,39
"15582492",France,Female,29
"15575694",Spain,Female,45
"15756820",France,Female,26
"15766289",France,Male,47
"15593014",France,Male,33
"15584545",France,Female,40
"15675949",Spain,Female,43
"15672091",Germany,Female,32
"15801658",France,Male,55
"15706185",Germany,Male,47
"15789863",France,Male,39
"15720943",France,Female,45
"15697997",France,Male,33
"15665416",France,Male,62
"15660200",France,Male,31
"15619653",France,Male,47
"15773447",Spain,Male,30
"15739160",France,Female,41
"15689237",France,Female,27
"15679297",Spain,Male,43
"15591433",Germany,Male,43
"15642725",France,Male,32
"15701962",Spain,Female,29
"15811613",France,Female,27
"15741049",France,Male,29
"15724423",France,Female,38
"15574305",France,Male,36
"15678168",Spain,Female,27
"15697020",France,Male,39
"15610801",Germany,Male,41
"15745232",France,Female,39
"15722758",France,Male,40
"15792102",France,Female,42
"15675185",Germany,Female,48
"15801247",Spain,Male,39
"15725660",France,Male,20
"15638963",France,Female,22
"15800061",Spain,Female,45
"15578006",France,Female,85
"15668504",France,Male,36
"15687491",Germany,Male,45
"15610403",France,Male,43
"15741094",France,Male,21
"15807909",France,Male,47
"15666141",Spain,Female,26
"15617134",France,Male,38
"15783029",France,Male,34
"15622833",Germany,Female,29
"15746422",France,Female,38
"15750839",Spain,Male,29
"15749130",Germany,Male,27
"15779862",Germany,Female,31
"15767871",Spain,Male,48
"15679651",Spain,Female,37
"15576219",France,Male,32
"15699247",France,Female,44
"15619087",France,Male,53
"15605327",France,Male,35
"15610140",France,Female,34
"15791174",Spain,Male,67
"15602373",France,Male,44
"15762605",France,Male,58
"15598840",France,Male,33
"15744279",Spain,Female,58
"15670619",France,Female,33
"15599533",France,Female,43
"15757837",Germany,Male,33
"15697574",France,Female,40
"15578738",France,Male,32
"15762228",Spain,Male,35
"15614827",France,Male,42
"15789815",France,Female,28
"15579781",Germany,Male,31
"15587013",France,Female,31
"15570932",France,Male,43
"15794661",Spain,Male,32
"15581654",France,Male,32
"15644296",France,Female,30
"15614420",Germany,Female,32
"15609653",Germany,Female,44
"15594577",France,Male,35
"15584114",Germany,Female,43
"15673367",Germany,Male,33
"15685576",Spain,Female,36
"15774727",Germany,Female,34
"15694288",Spain,Male,28
"15603319",France,Male,29
"15759066",France,Female,44
"15814816",France,Male,40
"15724402",France,Female,30
"15571059",France,Female,54
"15674206",France,Female,22
"15715160",France,Male,36
"15730448",Germany,Male,25
"15662067",France,Male,40
"15779581",Spain,Female,43
"15662901",France,Male,37
"15689751",France,Female,31
"15667742",Spain,Male,41
"15738448",Germany,Female,25
"15680243",France,Male,19
"15745083",Germany,Male,59
"15708228",Germany,Male,30
"15628523",France,Female,24
"15708196",Spain,Male,60
"15735549",Germany,Male,35
"15809347",Germany,Male,32
"15660866",France,Female,29
"15766609",France,Female,47
"15654230",Germany,Male,31
"15794566",France,Female,28
"15800890",France,Female,45
"15697424",Spain,Female,30
"15724536",Spain,Female,28
"15735878",Germany,Female,47
"15707596",Germany,Female,74
"15657163",Germany,Male,42
"15622478",France,Female,40
"15779529",France,Male,32
"15636023",France,Female,40
"15582066",France,Male,21
"15666675",France,Female,39
"15732987",Spain,Male,43
"15789432",France,Male,33
"15663161",Germany,Female,51
"15694879",Spain,Female,23
"15593715",Germany,Male,27
"15575002",France,Male,29
"15622171",France,Male,30
"15795224",France,Male,39
"15685346",Spain,Female,26
"15691808",France,Male,43
"15721007",Germany,Male,33
"15794253",Spain,Female,34
"15694453",Germany,Male,37
"15813113",Spain,Female,56
"15614187",Germany,Female,39
"15619407",France,Male,39
"15646227",France,Female,27
"15660541",France,Male,34
"15753874",France,Male,37
"15617877",France,Male,44
"15772073",France,Male,48
"15701537",France,Male,60
"15736228",France,Female,40
"15780572",Spain,Male,30
"15769596",Germany,Female,24
"15586996",France,Female,76
"15722061",Germany,Female,41
"15638003",Spain,Male,55
"15775590",Germany,Female,48
"15730688",France,Female,28
"15753102",Spain,Male,44
"15810075",France,Female,39
"15723373",Spain,Female,34
"15795298",Germany,Female,35
"15584320",France,Female,39
"15724161",France,Female,40
"15750056",France,Female,29
"15609637",France,Male,51
"15794493",Spain,Male,32
"15569641",Germany,Female,41
"15815236",Spain,Male,34
"15811177",France,Female,31
"15680587",France,Male,23
"15672821",France,Male,28
"15767681",Spain,Male,34
"15600379",Spain,Male,34
"15801336",Germany,Female,37
"15721592",France,Female,38
"15581282",France,Female,39
"15746203",Germany,Male,62
"15583137",France,Female,48
"15680752",France,Female,49
"15688172",Spain,Male,40
"15791373",Germany,Female,35
"15589449",France,Female,56
"15692819",Germany,Male,32
"15727467",France,Female,27
"15734312",Spain,Male,43
"15764604",France,Female,35
"15613014",Germany,Male,29
"15759684",France,Female,27
"15609669",France,Female,39
"15685536",France,Female,34
"15750447",France,Female,60
"15663249",Spain,Female,37
"15638646",France,Female,43
"15734161",France,Male,43
"15631070",Germany,Male,55
"15761950",Germany,Female,45
"15649668",Germany,Female,36
"15713912",Spain,Female,45
"15586757",France,Female,32
"15596522",France,Female,42
"15625395",France,Female,28
"15760570",France,Male,32
"15566689",Spain,Male,66
"15725794",France,Female,49
"15673539",France,Female,26
"15705298",Germany,Male,29
"15675791",France,Male,36
"15747043",Spain,Male,36
"15736397",France,Male,23
"15678201",France,Female,46
"15720745",Spain,Male,24
"15637593",France,Male,20
"15598070",France,Female,33
"15787550",France,Male,69
"15603942",Germany,Male,50
"15733973",France,Female,42
"15596761",Germany,Male,60
"15652400",Spain,Male,56
"15717893",Germany,Male,36
"15622585",France,Male,26
"15733964",Spain,Female,53
"15753861",Germany,Female,27
"15747097",France,Male,35
"15594762",Spain,Male,46
"15667417",France,Male,33
"15684861",France,Female,32
"15742204",Germany,Male,31
"15623502",Spain,Female,56
"15774872",France,Male,36
"15611191",Germany,Female,37
"15674331",Germany,Male,30
"15619465",Spain,Female,24
"15575247",France,Male,30
"15695679",Spain,Male,39
"15713463",Germany,Female,41
"15785170",Germany,Female,32
"15796351",Germany,Male,35
"15639576",France,Male,26
"15693264",France,Female,29
"15589715",France,Female,66
"15769902",France,Female,33
"15587177",France,Male,36
"15814553",France,Female,34
"15601550",Spain,Male,36
"15664907",France,Male,47
"15612465",Spain,Male,34
"15810800",Spain,Female,32
"15665760",Spain,Male,38
"15588080",France,Male,54
"15776844",Spain,Female,19
"15717560",France,Male,50
"15629739",Germany,Female,31
"15729908",France,Female,36
"15716781",France,Male,24
"15646936",Germany,Female,32
"15768151",Germany,Female,45
"15579212",France,Male,57
"15721835",Spain,Male,25
"15800515",France,Male,35
"15591279",France,Male,37
"15587419",France,Male,58
"15750335",Germany,Male,43
"15699619",France,Male,31
"15606472",France,Female,38
"15778368",Germany,Male,50
"15671387",France,Female,29
"15573926",Spain,Male,38
"15709183",France,Female,58
"15577514",Germany,Female,36
"15778830",France,Male,31
"15768072",Spain,Female,33
"15768293",France,Male,51
"15654456",Germany,Male,48
"15807525",France,Male,43
"15574372",France,Male,35
"15671249",France,Female,33
"15779744",Spain,Male,30
"15624755",Germany,Female,40
"15611430",France,Male,54
"15774744",Germany,Male,33
"15629885",France,Female,33
"15708791",Spain,Male,32
"15793890",France,Female,59
"15646091",Spain,Female,43
"15596984",France,Female,31
"15800215",France,Male,25
"15577806",Germany,Female,54
"15749381",France,Female,41
"15683758",France,Male,44
"15670615",Spain,Male,37
"15715622",France,Female,57
"15707634",France,Female,32
"15806901",France,Female,39
"15775335",Germany,Female,48
"15724150",France,Male,48
"15627220",Germany,Female,43
"15672330",France,Female,31
"15668521",France,Male,37
"15807837",France,Female,30
"15592570",Spain,Female,23
"15748589",France,Female,30
"15635893",France,Female,28
"15757632",France,Female,41
"15691863",France,Female,39
"15706071",Germany,Male,39
"15654296",Spain,Female,19
"15755018",Germany,Female,26
"15594041",Spain,Female,41
"15670587",Germany,Male,25
"15724527",France,Male,34
"15801904",Germany,Male,28
"15658195",France,Male,34
"15630113",Spain,Male,35
"15784320",France,Female,44
"15676513",Germany,Male,35
"15574072",France,Female,62
"15633854",France,Female,40
"15618566",France,Female,38
"15733014",France,Female,62
"15753343",France,Female,28
"15746076",Spain,Male,50
"15608226",Spain,Male,72
"15605684",France,Female,31
"15638988",France,Male,54
"15628767",Spain,Female,63
"15737977",France,Female,25
"15758116",France,Male,53
"15575119",France,Male,71
"15625126",France,Female,40
"15567114",France,Male,35
"15672242",France,Male,24
"15681327",France,Male,30
"15802585",France,Female,41
"15740630",Spain,Female,31
"15815420",Spain,Male,47
"15711468",France,Female,32
"15799626",Germany,Male,50
"15659325",Spain,Male,40
"15651352",France,Female,38
"15684925",France,Female,43
"15657439",France,Male,18
"15574122",France,Male,34
"15720508",France,Male,31
"15599078",Germany,Female,41
"15702300",France,Male,27
"15660735",Spain,Female,31
"15671390",Spain,Male,36
"15647385",Spain,Male,56
"15739223",Spain,Female,24
"15631305",Spain,Female,28
"15809263",Germany,Male,29
"15640866",France,Female,29
"15775663",Germany,Male,53
"15631800",France,Male,37
"15654292",Germany,Male,33
"15648320",France,Female,31
"15726747",France,Male,63
"15694510",France,Male,45
"15572291",France,Male,40
"15603465",Germany,Female,45
"15685628",Spain,Male,35
"15792729",Germany,Female,34
"15767414",France,Male,40
"15568044",France,Female,31
"15751333",France,Female,36
"15623062",Germany,Male,24
"15713621",Germany,Male,41
"15670668",Germany,Male,29
"15750638",Germany,Female,33
"15747878",Spain,Male,60
"15726796",France,Male,38
"15754952",Germany,Female,48
"15652192",France,Female,33
"15681924",Germany,Male,38
"15763544",France,Male,47
"15764431",Spain,Female,34
"15684010",Germany,Female,74
"15648881",Germany,Male,40
"15733303",France,Male,67
"15643294",France,Female,33
"15749905",Spain,Female,47
"15625175",Germany,Female,43
"15643967",France,Female,37
"15578251",France,Male,37
"15772573",Spain,Male,55
"15733234",France,Female,58
"15721582",Germany,Female,40
"15628219",Germany,Female,37
"15571302",Germany,Male,72
"15637178",Spain,Female,45
"15601184",Spain,Female,26
"15629511",France,Male,49
"15570629",Germany,Female,72
"15665766",Germany,Male,39
"15693732",France,Female,66
"15765982",France,Male,41
"15582016",Spain,Male,41
"15798024",Germany,Male,84
"15588622",Germany,Male,25
"15724863",Spain,Female,55
"15618213",France,Female,32
"15780411",France,Female,46
"15725429",Germany,Male,33
"15600626",France,Male,30
"15668460",France,Male,29
"15576263",France,Female,22
"15720354",France,Male,71
"15691624",France,Male,33
"15793196",France,Male,41
"15633352",France,Female,31
"15750874",France,Male,31
"15588923",France,Female,33
"15715745",France,Female,26
"15611800",France,Female,62
"15576928",France,Female,23
"15793693",France,Male,60
"15581252",Spain,Female,29
"15797760",France,Male,40
"15790564",Germany,Female,40
"15593736",Germany,Female,46
"15595937",Germany,Male,36
"15815628",France,Female,37
"15782802",Germany,Male,26
"15627412",France,Male,39
"15734609",France,Female,37
"15710689",Spain,Male,40
"15565806",France,Male,38
"15815530",France,Female,42
"15632272",France,Female,42
"15684103",France,Female,26
"15654519",France,Male,31
"15767722",France,Female,39
"15654346",Germany,Male,35
"15660147",Spain,Male,32
"15814998",Spain,Male,42
"15802207",Germany,Male,43
"15658668",Spain,Male,49
"15715079",France,Male,41
"15570360",France,Female,35
"15674678",Germany,Female,43
"15780925",France,Male,37
"15688193",France,Male,36
"15778219",France,Male,26
"15696514",Germany,Female,37
"15712303",France,Male,66
"15719090",Germany,Female,34
"15735632",France,Male,41
"15619436",France,Female,32
"15722404",France,Female,30
"15662063",France,Male,36
"15745605",France,Female,47
"15636658",France,Male,36
"15784130",Germany,Female,30
"15606755",Spain,Female,46
"15801699",Spain,Male,43
"15784097",Germany,Male,28
"15764654",France,Male,37
"15612092",Germany,Male,32
"15610903",Spain,Female,31
"15705777",Germany,Male,49
"15661936",France,Male,40
"15700864",France,Female,21
"15722965",France,Male,57
"15737521",Germany,Male,40
"15814465",France,Male,24
"15580988",France,Male,29
"15789974",France,Male,33
"15713370",Spain,Male,36
"15748673",France,Female,37
"15754919",France,Female,40
"15641662",Germany,Male,39
"15813422",Spain,Male,35
"15713596",France,Female,62
"15791216",Germany,Male,43
"15689031",Spain,Female,37
"15763704",Germany,Female,43
"15631339",France,Male,28
"15771509",Germany,Female,42
"15769586",France,Female,49
"15656096",Spain,Female,26
"15585280",France,Female,36
"15743582",France,Female,27
"15761692",France,Male,40
"15627840",France,Female,42
"15778861",Spain,Male,33
"15770554",France,Male,31
"15806956",Spain,Male,30
"15701908",Spain,Female,40
"15736990",France,Male,28
"15743714",France,Male,46
"15807993",Germany,Female,30
"15644686",Spain,Female,34
"15677377",Spain,Male,37
"15626412",Spain,Male,39
"15643679",Germany,Male,28
"15728456",France,Male,33
"15630661",Spain,Female,25
"15734044",France,Female,31
"15705001",Spain,Female,35
"15809817",Spain,Male,43
"15809137",France,Male,29
"15751593",Germany,Male,35
"15626491",France,Female,45
"15765461",Spain,Male,47
"15568120",France,Female,37
"15787161",Germany,Male,46
"15812324",France,Male,27
"15588944",France,Female,63
"15694253",France,Female,41
"15759566",France,Male,74
"15675675",France,Female,32
"15802060",Germany,Female,30
"15660505",Germany,Male,46
"15782630",France,Male,35
"15700710",France,Female,37
"15742834",France,Male,45
"15806511",Spain,Male,45
"15608166",France,Male,36
"15614230",France,Female,34
"15729958",France,Male,37
"15800814",France,Male,35
"15674727",France,Female,42
"15657779",Spain,Male,18
"15801395",France,Female,33
"15757911",Spain,Female,32
"15665340",Spain,Female,37
"15787151",France,Female,34
"15757821",Spain,Male,18
"15600688",France,Female,39
"15594878",Spain,Female,41
"15569248",France,Female,43
"15812706",Spain,Male,49
"15645045",France,Female,38
"15766746",France,Male,35
"15700383",France,Female,35
"15632551",Germany,Male,31
"15795129",France,Female,30
"15650545",France,Male,69
"15612769",France,Male,28
"15710853",France,Female,24
"15623712",Spain,Female,42
"15653251",France,Female,84
"15755077",Germany,Female,37
"15808557",France,Female,42
"15614687",Germany,Female,44
"15626882",Spain,Male,37
"15748034",France,Male,29
"15632324",France,Male,59
"15761023",Germany,Female,43
"15761453",France,Male,42
"15646726",France,Male,43
"15637169",Spain,Female,67
"15636024",Spain,Female,34
"15801218",France,Male,49
"15642655",Spain,Male,33
"15690130",France,Female,32
"15653753",Spain,Male,43
"15641359",Spain,Female,35
"15776827",Germany,Male,37
"15647725",France,Female,61
"15648455",Germany,Male,51
"15580629",France,Male,31
"15730161",France,Female,39
"15626612",Spain,Male,40
"15662865",Spain,Male,36
"15629094",France,Female,36
"15651823",France,Female,60
"15594827",France,Male,34
"15786392",France,Male,41
"15727353",France,Female,64
"15733777",France,Male,44
"15614302",Germany,Female,31
"15723263",Germany,Female,34
"15687270",Spain,Female,61
"15803121",France,Male,51
"15598700",Spain,Female,30
"15741875",Spain,Female,25
"15631709",Spain,Female,31
"15672970",Spain,Male,20
"15761670",France,Female,50
"15706005",France,Male,46
"15790336",Germany,Male,36
"15754267",Germany,Male,31
"15791988",France,Male,68
"15683375",France,Female,32
"15625151",France,Female,66
"15635285",France,Male,28
"15574296",France,Male,23
"15711618",Germany,Female,39
"15670943",Germany,Male,31
"15634359",Germany,Female,41
"15586629",France,Male,33
"15588461",France,Male,35
"15773221",Spain,Male,43
"15664227",Germany,Male,28
"15741745",France,Male,28
"15652626",France,Male,55
"15599410",France,Male,41
"15571958",Spain,Male,40
"15785406",France,Female,51
"15687884",France,Male,37
"15621685",France,Male,29
"15628886",Spain,Male,56
"15699325",Germany,Female,62
"15578369",Germany,Female,37
"15654156",Germany,Female,32
"15707199",France,Male,36
"15671630",Germany,Female,40
"15632079",Germany,Female,37
"15767921",France,Male,41
"15573599",France,Female,57
"15747208",France,Male,50
"15582762",Spain,Male,77
"15772528",France,Female,47
"15755798",France,Male,33
"15788683",Germany,Female,34
"15616922",France,Female,26
"15771855",France,Male,37
"15601873",France,Female,36
"15657868",Germany,Male,40
"15711716",France,Female,56
"15734246",France,Female,21
"15792151",Spain,Female,37
"15770159",Germany,Male,25
"15747649",Germany,Female,36
"15639357",France,Male,46
"15738907",France,Female,60
"15663446",Germany,Female,29
"15750867",Germany,Female,46
"15715939",France,Male,33
"15763806",France,Male,41
"15637993",France,Male,36
"15720338",Spain,Male,55
"15627162",Germany,Male,27
"15596710",France,Female,33
"15781678",Spain,Male,31
"15634968",Germany,Female,37
"15609475",Spain,Female,39
"15573319",Germany,Female,35
"15738291",France,Female,48
"15782456",France,Male,46
"15794841",Spain,Male,19
"15684696",Spain,Female,26
"15629846",Germany,Female,47
"15674442",France,Male,23
"15571689",France,Female,37
"15730469",Spain,Male,31
"15809320",Spain,Female,52
"15684367",Spain,Male,27
"15793049",Germany,Female,48
"15603665",Germany,Female,39
"15613623",Spain,Male,62
"15569572",France,Male,42
"15698791",France,Male,45
"15626233",France,Female,32
"15607263",France,Male,55
"15610900",France,Female,70
"15624775",France,Male,67
"15691703",France,Male,47
"15745355",France,Male,41
"15724955",France,Male,38
"15628999",France,Male,79
"15654341",France,Male,34
"15744240",Germany,Female,46
"15632365",Germany,Male,33
"15729689",Germany,Male,35
"15759284",France,Female,37
"15602124",France,Male,30
"15661903",France,Female,43
"15664668",France,Female,42
"15736431",Spain,Male,27
"15748639",Germany,Male,35
"15628123",France,Female,28
"15602731",France,Male,31
"15794137",Germany,Female,37
"15748696",France,Male,42
"15725068",Spain,Female,21
"15807340",Germany,Male,33
"15586133",Germany,Female,44
"15576185",France,Male,29
"15660809",France,Male,28
"15616666",Germany,Female,52
"15706904",France,Male,43
"15606915",France,Male,24
"15749693",France,Female,32
"15791743",France,Male,32
"15796480",France,Female,31
"15790442",Spain,Male,33
"15609458",France,Male,30
"15593897",Spain,Male,25
"15604576",Spain,Male,22
"15666270",France,Female,40
"15572626",Spain,Male,44
"15727197",France,Female,52
"15714006",France,Female,35
"15642137",Spain,Female,39
"15665327",France,Male,18
"15626806",France,Female,32
"15662578",Germany,Male,35
"15790829",France,Female,45
"15654959",Spain,Male,67
"15760244",France,Female,76
"15715394",Spain,Male,35
"15722246",France,Female,60
"15609704",France,Female,33
"15757628",France,Male,40
"15633586",France,Female,39
"15565796",Germany,Male,48
"15717935",France,Female,21
"15577700",France,Male,37
"15747345",France,Female,22
"15678317",France,Male,46
"15698335",France,Female,73
"15768451",Germany,Male,40
"15753213",France,Female,34
"15769645",France,Female,35
"15657565",Spain,Female,44
"15620323",Spain,Female,42
"15679983",France,Male,34
"15812616",France,Female,49
"15601796",France,Male,30
"15729489",Germany,Female,34
"15613216",Spain,Female,39
"15657937",Germany,Male,22
"15815428",France,Male,34
"15632859",France,Male,36
"15640409",Germany,Female,46
"15699492",Germany,Female,27
"15623536",Germany,Male,39
"15707551",France,Male,30
"15577999",France,Female,62
"15788775",Germany,Male,40
"15758362",France,Female,41
"15807961",France,Male,25
"15710978",Germany,Male,42
"15703541",Germany,Female,51
"15626474",France,Female,31
"15608344",Germany,Female,29
"15768367",France,Female,27
"15806210",Spain,Male,66
"15697702",Spain,Male,29
"15689152",Spain,Male,38
"15568573",Germany,Female,51
"15689598",France,Male,46
"15713374",Germany,Male,67
"15679733",Germany,Male,40
"15759274",France,Female,32
"15607748",Germany,Male,37
"15607577",Spain,Male,27
"15813697",Germany,Female,44
"15801125",France,Female,32
"15777855",France,Male,45
"15635396",Germany,Female,29
"15698031",Germany,Female,39
"15678944",Germany,Female,32
"15718507",Germany,Male,37
"15808334",Germany,Female,37
"15804709",Germany,Male,35
"15645835",France,Male,32
"15738166",France,Female,39
"15675360",France,Male,33
"15793042",France,Male,39
"15630106",Spain,Male,29
"15810385",Spain,Female,36
"15578211",France,Male,23
"15572792",Spain,Male,35
"15620030",France,Male,29
"15783541",France,Male,31
"15679284",Spain,Female,45
"15582910",France,Male,38
"15688337",France,Male,40
"15734970",Spain,Male,38
"15759140",France,Female,64
"15643042",Germany,Female,40
"15773868",Germany,Female,37
"15615820",France,Male,49
"15730273",France,Male,27
"15724890",Spain,Male,36
"15765952",France,Male,29
"15685920",Spain,Male,34
"15663263",France,Male,47
"15568953",France,Male,27
"15643361",Germany,Male,34
"15699486",Spain,Male,34
"15747854",France,Female,35
"15691785",France,Male,61
"15709004",Germany,Male,22
"15652218",France,Male,33
"15697127",France,Female,31
"15658486",Spain,Female,59
"15694160",France,Male,37
"15685290",Germany,Male,46
"15701042",Germany,Female,27
"15680449",Germany,Female,44
"15599860",Spain,Female,26
"15723169",France,Female,31
"15803842",Germany,Female,45
"15728224",Germany,Female,41
"15644174",Germany,Male,27
"15707110",Germany,Male,28
"15765415",Spain,Female,45
"15756751",Spain,Female,54
"15795151",France,Female,38
"15584037",Germany,Male,58
"15621409",France,Male,32
"15581102",France,Female,22
"15578096",France,Male,26
"15669887",France,Female,51
"15621834",Spain,Female,43
"15655341",Spain,Female,35
"15685314",France,Female,28
"15653997",Spain,Male,31
"15629551",Germany,Female,44
"15651264",Germany,Male,51
"15760825",France,Female,40
"15597394",Spain,Male,34
"15740383",Spain,Female,38
"15670562",France,Male,30
"15698117",Germany,Male,41
"15694805",Spain,Male,35
"15746802",France,Female,30
"15589428",France,Female,42
"15790267",France,Female,40
"15665402",Spain,Male,73
"15642093",France,Male,30
"15666181",France,Male,33
"15602554",France,Female,31
"15724251",Germany,Female,29
"15740147",France,Female,44
"15718289",Germany,Male,46
"15763148",France,Male,39
"15685245",Spain,Female,56
"15626985",France,Female,39
"15585823",France,Male,31
"15728167",France,Male,44
"15762928",Spain,Male,44
"15751774",France,Male,76
"15654733",Germany,Male,57
"15809777",Germany,Female,55
"15744200",France,Female,36
"15720713",France,Female,29
"15695356",France,Male,46
"15653315",Spain,Female,35
"15604792",Germany,Male,38
"15704819",Spain,Female,39
"15670859",Germany,Female,39
"15602797",Spain,Female,49
"15662533",Spain,Female,23
"15778154",Germany,Male,50
"15806230",Germany,Male,40
"15662884",Germany,Male,58
"15750778",France,Female,60
"15717185",France,Male,28
"15677804",Spain,Male,38
"15568915",France,Male,38
"15736495",France,Male,34
"15737354",France,Female,48
"15667889",France,Female,37
"15577831",Germany,Male,41
"15729836",Spain,Male,32
"15775293",France,Male,34
"15697597",France,Male,26
"15639669",France,Male,36
"15631392",Germany,Male,43
"15580935",Germany,Male,33
"15590344",Germany,Male,32
"15653306",Germany,Female,32
"15805025",France,Female,45
"15658449",France,Male,45
"15694450",France,Male,42
"15605666",France,Female,34
"15615126",France,Female,37
"15726588",Spain,Female,36
"15645095",France,Female,28
"15808960",Germany,Male,40
"15729435",France,Male,40
"15656840",France,Female,29
"15659149",France,Male,39
"15585490",France,Female,34
"15674929",France,Female,31
"15746341",France,Male,40
"15662091",Spain,Male,21
"15620123",France,Male,39
"15616240",Spain,Male,37
"15624186",Germany,Female,25
"15605036",Spain,Female,37
"15805151",Germany,Male,31
"15753847",Spain,Male,45
"15653222",Germany,Female,32
"15757541",France,Female,33
"15726945",France,Female,72
"15794276",France,Female,64
"15568328",France,Female,22
"15604355",France,Male,39
"15735788",France,Male,31
"15618255",Germany,Female,56
"15720941",Germany,Male,34
"15769110",France,Female,46
"15576094",France,Male,71
"15756150",France,Female,39
"15719579",Germany,Female,33
"15748854",Germany,Female,28
"15612455",Germany,Male,45
"15664802",France,Female,42
"15735687",Spain,Male,37
"15664734",Germany,Female,25
"15767894",France,Female,21
"15666884",Germany,Female,41
"15750156",Germany,Male,59
"15751120",France,Female,36
"15575748",France,Male,36
"15714610",Spain,Male,30
"15720305",Spain,Female,40
"15678129",Spain,Female,45
"15566633",Germany,Male,55
"15680436",France,Female,29
"15674343",France,Male,44
"15658890",Germany,Male,46
"15599004",Spain,Male,37
"15726487",France,Male,63
"15698716",France,Female,70
"15710527",France,Female,35
"15655590",Spain,Male,46
"15732266",Germany,Male,53
"15669326",France,Male,44
"15672246",Germany,Male,43
"15620276",Spain,Male,36
"15640258",France,Female,50
"15740283",France,Male,29
"15759717",Spain,Female,39
"15620268",Germany,Male,43
"15743871",France,Male,59
"15614491",France,Male,39
"15595047",France,Male,41
"15732334",France,Female,40
"15701206",Spain,Male,44
"15581280",Germany,Male,29
"15651943",Spain,Female,65
"15609545",France,Male,29
"15658548",Germany,Female,36
"15626008",Germany,Female,52
"15774133",France,Female,35
"15763798",France,Male,23
"15758013",France,Male,37
"15705765",Spain,Female,46
"15648362",Germany,Male,45
"15761102",Spain,Female,32
"15610165",France,Female,26
"15723717",Germany,Male,41
"15654611",Germany,Female,25
"15659736",Germany,Male,66
"15603170",France,Male,32
"15786167",Spain,Male,20
"15671915",France,Male,46
"15794792",France,Female,31
"15652789",Spain,Male,40
"15739168",France,Female,31
"15719950",France,Male,61
"15743818",Spain,Male,58
"15717937",Germany,Male,43
"15602841",Spain,Female,28
"15619972",France,Female,47
"15796114",France,Female,34
"15633546",Spain,Female,33
"15758755",France,Female,34
"15695168",France,Male,39
"15754342",Germany,Female,60
"15756610",Germany,Female,38
"15640917",France,Male,43
"15663164",Germany,Male,49
"15616811",France,Male,47
"15610781",France,Female,29
"15600911",France,Male,33
"15629603",France,Male,31
"15714981",France,Male,37
"15775892",Spain,Female,23
"15782778",France,Male,35
"15786643",France,Male,32
"15595657",Germany,Male,40
"15743673",Spain,Male,27
"15634310",France,Male,30
"15790809",Spain,Male,40
"15668695",France,Female,22
"15669281",Spain,Male,38
"15621031",Spain,Male,27
"15720071",France,Female,49
"15792180",Germany,Male,22
"15813894",Spain,Male,21
"15669490",Germany,Male,37
"15783030",France,Female,40
"15695792",France,Male,65
"15575676",France,Male,24
"15627665",France,Male,46
"15814092",France,Female,44
"15695225",Spain,Male,38
"15615091",France,Male,24
"15794345",Spain,Male,38
"15726484",France,Male,37
"15650442",Germany,Female,32
"15714256",France,Male,30
"15778752",France,Male,32
"15601659",Germany,Female,59
"15602811",Germany,Male,38
"15779414",Spain,Male,40
"15763097",Spain,Male,80
"15633666",Spain,Female,33
"15718789",France,Male,30
"15690620",France,Male,39
"15737071",France,Female,60
"15665062",France,Male,19
"15600692",France,Male,38
"15792064",Germany,Male,53
"15811486",Germany,Female,29
"15626141",France,Female,26
"15738546",Spain,Female,41
"15677052",France,Female,59
"15656454",France,Male,37
"15645496",France,Female,43
"15612505",Spain,Male,45
"15708513",France,Female,39
"15685654",Spain,Male,66
"15732307",Germany,Male,33
"15726814",Spain,Male,46
"15653776",Germany,Female,57
"15597914",Germany,Female,51
"15631603",France,Male,32
"15789753",France,Male,40
"15678034",France,Male,46
"15690209",Germany,Female,32
"15592091",Spain,Male,31
"15647453",France,Male,42
"15697100",Germany,Female,48
"15811290",Germany,Male,44
"15629187",France,Male,38
"15758073",France,Female,20
"15640769",France,Male,63
"15606641",Germany,Male,56
"15718280",Germany,Male,39
"15764335",Germany,Female,41
"15634218",Germany,Male,27
"15808760",Spain,Female,42
"15648461",Spain,Male,37
"15593555",France,Male,38
"15569079",Germany,Male,48
"15800736",Spain,Female,42
"15792607",France,Female,38
"15640034",France,Male,42
"15807563",France,Female,52
"15684461",Spain,Female,31
"15580134",Spain,Male,27
"15679075",France,Male,37
"15742504",France,Male,36
"15567328",Spain,Male,38
"15698294",Spain,Male,31
"15607142",France,Male,32
"15738516",Spain,Female,36
"15806403",France,Male,37
"15656707",Spain,Male,21
"15653715",France,Female,63
"15806184",Spain,Male,33
"15585734",Germany,Male,41
"15725639",France,Female,63
"15618401",Germany,Male,41
"15785385",Spain,Male,51
"15734762",France,Female,56
"15767129",France,Female,60
"15797204",Spain,Female,28
"15769272",France,Female,26
"15771966",France,Male,39
"15691952",France,Male,37
"15593250",France,Female,29
"15605333",Spain,Male,31
"15800083",France,Male,45
"15575691",France,Female,58
"15689886",Germany,Male,39
"15809838",Spain,Male,30
"15736154",France,Female,44
"15767391",Germany,Female,32
"15704910",Spain,Male,23
"15656613",France,Female,34
"15611551",Spain,Male,48
"15732430",Spain,Female,54
"15741865",France,Female,38
"15634143",Spain,Male,30
"15609676",France,Female,35
"15761600",France,Male,43
"15676404",France,Female,50
"15659236",Spain,Male,33
"15690440",Spain,Male,47
"15694601",France,Female,31
"15812262",Germany,Female,37
"15762821",Spain,Male,33
"15669301",Germany,Female,29
"15672640",Spain,Female,45
"15750458",France,Female,39
"15627251",France,Male,34
"15764294",Germany,Male,31
"15659962",France,Male,60
"15788536",Germany,Male,40
"15596979",France,Female,47
"15681220",France,Female,37
"15635097",Germany,Male,39
"15780779",Spain,Female,40
"15798470",Spain,Female,48
"15760880",France,Male,29
"15616929",Spain,Male,62
"15758775",Spain,Male,34
"15663386",Spain,Female,26
"15621267",France,Male,32
"15720509",France,Male,34
"15693322",Germany,Female,37
"15589544",Spain,Female,57
"15772030",Spain,Male,33
"15693337",Spain,Male,41
"15676571",France,Male,55
"15701392",Spain,Male,28
"15741092",Spain,Male,34
"15643865",France,Female,40
"15769389",Germany,Female,39
"15807768",Germany,Male,28
"15801630",France,Male,40
"15705034",Spain,Male,40
"15763107",France,Female,30
"15667085",France,Male,33
"15647008",Germany,Male,54
"15584505",France,Female,23
"15748068",Spain,Female,31
"15663964",France,Male,37
"15782311",France,Male,28
"15588197",France,Male,36
"15610105",Germany,Female,21
"15606133",Spain,Male,42
"15599403",France,Male,60
"15648225",Spain,Female,38
"15608406",France,Male,26
"15633378",Spain,Female,49
"15664759",Spain,Male,32
"15625545",Spain,Male,52
"15772148",Germany,Female,37
"15810829",France,Male,48
"15731669",France,Male,39
"15738634",France,Male,47
"15737571",Spain,Female,28
"15667602",Spain,Male,33
"15684147",France,Male,43
"15789874",France,Female,29
"15757952",France,Male,44
"15698732",Germany,Male,51
"15714355",Germany,Male,32
"15599090",Germany,Male,40
"15762048",Germany,Female,33
"15790596",Spain,Male,39
"15609623",France,Female,63
"15711901",France,Male,45
"15779809",France,Male,44
"15729018",France,Female,33
"15698246",France,Female,24
"15712409",Germany,Male,66
"15758306",France,Male,32
"15621435",France,Female,39
"15566295",France,Female,33
"15569098",France,Male,44
"15662532",Germany,Male,31
"15664001",Germany,Female,53
"15703437",France,Male,34
"15708003",Spain,Male,41
"15599452",Germany,Female,43
"15719793",Spain,Male,62
"15771580",France,Female,38
"15732268",France,Male,29
"15722350",Germany,Female,37
"15611371",France,Male,43
"15673584",France,Female,74
"15636396",France,Female,35
"15706170",France,Male,34
"15725478",France,Male,60
"15654562",Spain,Female,45
"15737509",Spain,Male,34
"15690796",France,Male,37
"15716728",Spain,Female,42
"15605665",Germany,Female,69
"15748481",France,Female,27
"15757777",France,Female,35
"15747808",France,Male,29
"15810593",France,Male,51
"15693376",Spain,Male,43
"15579808",Germany,Female,39
"15598275",France,Female,32
"15737080",France,Female,32
"15668580",Spain,Male,33
"15569438",Germany,Male,36
"15675842",Spain,Male,26
"15577587",Germany,Male,52
"15625592",France,Male,26
"15635141",Germany,Male,59
"15642570",Spain,Male,35
"15702175",France,Female,29
"15677785",Spain,Male,32
"15786153",Germany,Male,47
"15759499",France,Female,32
"15659568",Spain,Female,31
"15715597",France,Male,36
"15610147",France,Male,60
"15802362",Spain,Male,45
"15660524",Germany,Female,54
"15747168",Germany,Female,47
"15796910",Spain,Female,57
"15707674",France,Female,58
"15565706",Spain,Male,35
"15587596",Spain,Female,39
"15751943",Spain,Female,43
"15621227",Germany,Female,46
"15757588",France,Male,30
"15640922",France,Female,52
"15567557",France,Male,27
"15670103",France,Female,38
"15720929",France,Female,47
"15732774",France,Male,37
"15628558",France,Female,44
"15729201",France,Male,55
"15731117",Spain,Male,28
"15615207",Spain,Male,47
"15773512",Spain,Female,25
"15572145",France,Female,34
"15642710",France,Male,26
"15574213",France,Female,53
"15718852",France,Male,56
"15583840",Germany,Male,35
"15782418",Germany,Female,19
"15813504",Germany,Female,25
"15711314",Spain,Female,45
"15621064",Germany,Male,23
"15627847",France,Male,40
"15588090",Germany,Female,51
"15735270",Spain,Male,47
"15671804",Spain,Male,36
"15753215",Spain,Female,36
"15789941",France,Female,36
"15691061",France,Female,37
"15808326",France,Female,34
"15566660",France,Female,41
"15778947",France,Male,36
"15632977",France,Male,47
"15591747",France,Male,32
"15567335",France,Female,42
"15609299",France,Male,29
"15669945",France,Male,35
"15736271",France,Female,29
"15710390",France,Female,39
"15756481",France,Female,39
"15736730",France,Female,45
"15626040",Spain,Male,63
"15746553",Germany,Male,50
"15622518",France,Female,26
"15684908",Germany,Male,64
"15569446",France,Female,34
"15777504",France,Female,30
"15677906",Spain,Female,54
"15703292",France,Male,26
"15712938",France,Male,44
"15631359",France,Female,38
"15720847",France,Male,35
"15787830",Germany,Male,33
"15599869",Spain,Female,29
"15592078",Germany,Female,27
"15596228",France,Male,29
"15578462",Spain,Female,76
"15756894",France,Male,29
"15796167",Germany,Male,35
"15664808",Spain,Female,37
"15664555",France,Male,40
"15607278",Spain,Female,46
"15585222",France,Male,41
"15750299",Spain,Male,24
"15761294",Germany,Female,56
"15810454",France,Male,32
"15673984",France,Female,35
"15609319",France,Female,41
"15709941",France,Male,46
"15580252",France,Male,44
"15741275",France,Female,57
"15707132",France,Male,33
"15600708",Spain,Female,34
"15804787",France,Male,75
"15690021",Germany,Female,42
"15763895",France,Male,32
"15623478",Germany,Female,32
"15797910",Germany,Male,51
"15577751",Germany,Male,30
"15781777",France,Male,33
"15740527",Germany,Female,62
"15721251",Spain,Female,41
"15602994",France,Female,53
"15750769",France,Male,35
"15740175",Germany,Female,42
"15679968",France,Male,40
"15694404",France,Female,42
"15657529",Germany,Male,53
"15762882",Germany,Female,31
"15642579",Spain,Female,37
"15598884",Spain,Female,23
"15770185",France,Male,32
"15800287",Spain,Female,46
"15665861",Spain,Male,44
"15662203",Germany,Female,42
"15616454",Germany,Female,34
"15702788",France,Male,40
"15778149",Spain,Male,68
"15680001",France,Male,38
"15711991",France,Male,30
"15633834",Germany,Female,28
"15765266",France,Male,32
"15791867",Germany,Male,44
"15675380",Spain,Male,56
"15770576",Spain,Male,50
"15775294",France,Female,31
"15727059",France,Female,40
"15702499",Spain,Male,46
"15611699",France,Female,40
"15654000",France,Female,35
"15657881",France,Male,38
"15719991",Spain,Female,52
"15720687",France,Female,41
"15687079",Spain,Male,69
"15582276",France,Male,34
"15763980",Germany,Male,30
"15720774",Spain,Male,44
"15592194",France,Female,28
"15803685",Germany,Female,77
"15759456",Spain,Male,34
"15611544",Germany,Male,36
"15794257",France,Male,34
"15681697",France,Male,31
"15579566",Spain,Female,43
"15577970",France,Male,34
"15727489",Spain,Female,45
"15764284",Spain,Male,27
"15581811",Germany,Female,30
"15622527",France,Female,55
"15753362",Spain,Male,60
"15666652",France,Female,19
"15789714",Spain,Male,21
"15771543",Germany,Male,31
"15748327",Germany,Male,34
"15754649",Spain,Female,57
"15810460",Spain,Female,64
"15771742",Germany,Male,38
"15642160",France,Male,38
"15798439",Spain,Male,25
"15605293",France,Female,43
"15692631",Spain,Female,44
"15665376",Germany,Female,35
"15772412",Spain,Male,30
"15654577",Germany,Male,54
"15585427",France,Female,26
"15584536",Germany,Male,46
"15585853",Spain,Male,41
"15645271",Germany,Male,24
"15579387",Germany,Female,44
"15623107",Spain,Male,45
"15754072",Spain,Female,36
"15666163",France,Male,43
"15765192",France,Male,26
"15804822",France,Female,31
"15612893",Spain,Male,45
"15593636",France,Female,39
"15693326",France,Female,42
"15809901",France,Male,36
"15759751",France,Male,48
"15605425",Germany,Female,44
"15801934",France,Male,66
"15592000",Germany,Female,48
"15618695",Spain,Female,22
"15637110",Spain,Female,35
"15727408",Germany,Male,27
"15716328",France,Female,40
"15669060",France,Male,74
"15675854",Spain,Male,50
"15621116",Germany,Male,33
"15781495",France,Female,22
"15740470",France,Male,39
"15714391",France,Female,35
"15730137",France,Male,31
"15596455",Spain,Female,45
"15717290",Germany,Male,41
"15616555",Germany,Male,41
"15659820",France,Female,34
"15696301",France,Female,37
"15771087",France,Female,71
"15808831",France,Male,29
"15812241",Germany,Male,59
"15680370",France,Male,39
"15780561",France,Female,39
"15800784",France,Male,42
"15715796",France,Male,37
"15605375",France,Male,35
"15621520",Germany,Female,42
"15665460",Spain,Female,67
"15801152",Spain,Female,39
"15756425",France,Male,30
"15674328",France,Female,40
"15742404",France,Male,38
"15757140",France,Male,51
"15570051",Germany,Female,38
"15669175",Germany,Male,24
"15790324",France,Female,20
"15691119",Germany,Male,68
"15743478",Germany,Male,39
"15707007",France,Female,39
"15572547",France,Female,45
"15567063",Germany,Female,34
"15689633",Spain,Female,38
"15720637",Germany,Female,46
"15616859",Germany,Female,43
"15766166",Spain,Male,43
"15617655",Spain,Female,35
"15623450",Germany,Female,27
"15796612",France,Female,31
"15795963",France,Male,34
"15781598",Germany,Male,41
"15691871",Germany,Male,42
"15740345",Spain,Male,42
"15662626",France,Female,40
"15596575",Germany,Male,39
"15657321",Germany,Male,27
"15575955",France,Female,24
"15743893",France,Male,42
"15697270",Spain,Male,27
"15644356",Spain,Female,47
"15677586",Germany,Female,32
"15571261",Germany,Female,35
"15698758",Spain,Female,31
"15787014",Germany,Female,28
"15739857",France,Female,40
"15774630",Germany,Female,47
"15805523",France,Female,28
"15749557",France,Female,44
"15681180",France,Female,23
"15742028",France,Female,35
"15686463",France,Male,38
"15654379",Spain,Male,59
"15783629",Germany,Female,42
"15751193",Spain,Male,33
"15724099",France,Male,26
"15568429",Spain,Female,46
"15648967",Germany,Female,64
"15664498",France,Male,26
"15779522",France,Female,24
"15583850",Germany,Male,68
"15696539",France,Female,21
"15760121",France,Male,32
"15628279",France,Female,38
"15766163",France,Male,38
"15566467",Germany,Female,32
"15639049",France,Female,31
"15736413",France,Male,29
"15634815",France,Female,37
"15716381",Germany,Female,50
"15708162",Germany,Female,40
"15569364",France,Male,36
"15791191",France,Male,59
"15621205",France,Male,34
"15704788",Spain,Female,49
"15775756",Germany,Male,33
"15641312",France,Male,36
"15782531",Spain,Female,31
"15724428",France,Male,40
"15743617",Germany,Male,47
"15585839",France,Male,37
"15658158",Germany,Female,23
"15637678",France,Male,35
"15701809",Spain,Female,28
"15676937",Spain,Female,32
"15778975",Germany,Female,70
"15710375",France,Male,41
"15579914",Germany,Male,30
"15595160",Spain,Male,35
"15595391",France,Male,31
"15630363",France,Female,39
"15692443",Spain,Male,33
"15593795",Germany,Female,53
"15642824",Spain,Female,56
"15683524",Germany,Female,23
"15713532",Germany,Female,29
"15719827",France,Male,36
"15578435",France,Male,40
"15723028",France,Male,33
"15595609",Germany,Male,52
"15622443",France,Male,31
"15579112",France,Male,47
"15648479",France,Female,45
"15659234",France,Male,30
"15811970",France,Female,42
"15774192",Germany,Female,38
"15595136",France,Female,37
"15630580",Germany,Male,34
"15660646",France,Male,35
"15614365",Germany,Male,31
"15776128",France,Female,44
"15787035",France,Female,35
"15792646",Spain,Female,64
"15726832",Germany,Male,61
"15773260",France,Female,32
"15624437",Spain,Female,32
"15717138",Spain,Male,31
"15657317",France,Female,32
"15626948",France,Female,42
"15758901",Spain,Female,47
"15777759",France,Male,30
"15773322",Germany,Female,44
"15697318",Germany,Male,32
"15678916",France,Female,75
"15632118",Spain,Male,45
"15788118",France,Male,33
"15788930",Spain,Male,37
"15628583",France,Female,30
"15635177",Spain,Female,66
"15587690",France,Male,28
"15627630",France,Female,41
"15610930",Germany,Female,35
"15657747",Germany,Female,43
"15568006",France,Female,45
"15751748",France,Male,51
"15722212",France,Female,41
"15658670",France,Female,38
"15761654",Spain,Male,30
"15812210",Germany,Female,32
"15787051",Spain,Female,39
"15642991",Spain,Female,29
"15713769",Spain,Male,38
"15605826",Germany,Male,46
"15648898",Spain,Female,27
"15705309",Spain,Male,39
"15734202",Germany,Female,52
"15658852",France,Male,38
"15612633",Spain,Male,43
"15604818",France,Male,34
"15593900",France,Male,38
"15624995",Spain,Female,31
"15570087",France,Female,44
"15802617",Germany,Male,43
"15656029",France,Male,37
"15739194",Spain,Male,38
"15607275",Spain,Male,39
"15629475",France,Male,41
"15635034",Germany,Male,37
"15756333",France,Female,55
"15777436",Spain,Female,31
"15676835",Spain,Male,33
"15574206",France,Female,37
"15613017",Germany,Male,32
"15815131",Spain,Female,36
"15585455",France,Male,28
"15692929",Germany,Female,42
"15758081",Spain,Male,39
"15667476",Germany,Female,36
"15738248",France,Female,37
"15672152",Germany,Male,37
"15673372",France,Female,58
"15587611",France,Male,59
"15803415",France,Female,39
"15715673",Spain,Female,46
"15655648",France,Female,25
"15763613",France,Male,30
"15660385",France,Male,39
"15733261",Spain,Female,35
"15796231",France,Female,18
"15624866",Germany,Male,37
"15623730",France,Male,34
"15668248",Germany,Female,62
"15694518",Spain,Female,36
"15638028",Germany,Male,31
"15795895",Germany,Male,36
"15694376",Germany,Female,64
"15669204",Germany,Male,23
"15773779",Spain,Female,46
"15580682",France,Female,40
"15768530",Spain,Female,27
"15672875",Germany,Male,32
"15617082",France,Male,33
"15760514",Germany,Female,43
"15761775",Germany,Male,20
"15799964",Germany,Female,30
"15693906",France,Female,24
"15739514",France,Female,32
"15756926",Germany,Male,29
"15770984",Spain,Female,40
"15703979",Germany,Male,39
"15801821",France,Male,38
"15711028",France,Male,52
"15791842",France,Female,32
"15746127",France,Female,47
"15663625",France,Male,37
"15604891",Spain,Female,38
"15589666",France,Female,39
"15627881",France,Male,30
"15664895",France,Female,25
"15676094",France,Female,34
"15761720",France,Male,41
"15611961",France,Male,35
"15680167",France,Female,78
"15762543",France,Female,32
"15658475",France,Male,36
"15779743",France,Female,44
"15661532",France,Female,31
"15782360",Germany,Male,65
"15767908",France,Male,38
"15677105",Germany,Female,46
"15641474",France,Male,46
"15624451",France,Female,38
"15577985",France,Female,34
"15571666",Germany,Male,30
"15783691",Spain,Female,35
"15671172",France,Male,23
"15731760",France,Male,25
"15585599",France,Female,34
"15784958",France,Female,55
"15734524",France,Male,51
"15614103",Germany,Male,42
"15794895",Spain,Male,34
"15772381",Germany,Male,38
"15710553",Germany,Male,48
"15649292",France,Female,49
"15792565",France,Female,46
"15718245",France,Male,34
"15703117",France,Female,44
"15758136",France,Male,37
"15799932",France,Male,24
"15633516",France,Male,42
"15622532",France,Female,47
"15798960",France,Male,33
"15698664",Spain,Male,43
"15703614",Spain,Male,48
"15699195",France,Female,24
"15710543",France,Male,46
"15695499",France,Female,45
"15622321",France,Female,32
"15715744",France,Male,39
"15788151",Spain,Male,32
"15687153",Germany,Male,49
"15684958",Germany,Male,38
"15706116",Germany,Female,30
"15740557",France,Female,43
"15707291",Germany,Male,48
"15583353",Spain,Female,45
"15761024",France,Female,33
"15630709",Germany,Female,31
"15639590",France,Female,30
"15659399",Germany,Male,50
"15567078",France,Female,27
"15696373",France,Female,44
"15786617",Germany,Male,34
"15657449",Germany,Male,25
"15672594",France,Female,60
"15714240",Spain,Male,74
"15782144",France,Female,34
"15665008",Germany,Female,26
"15581733",France,Female,28
"15751392",Spain,Female,57
"15785815",Germany,Male,31
"15664214",France,Male,33
"15579996",Germany,Female,25
"15675252",Spain,Female,39
"15579617",France,Female,51
"15593976",Germany,Female,31
"15716041",Spain,Male,39
"15654489",France,Female,38
"15736302",France,Male,48
"15805909",Spain,Male,28
"15572762",Germany,Female,50
"15724632",France,Female,41
"15670416",France,Female,43
"15749528",Spain,Male,58
"15578783",Germany,Male,35
"15580719",France,Female,23
"15656293",France,Male,35
"15691875",Germany,Female,39
"15596870",Germany,Male,54
"15780770",France,Male,31
"15751491",Germany,Male,50
"15706200",Germany,Male,41
"15808674",Germany,Female,45
"15641411",France,Female,23
"15764661",France,Male,33
"15689492",Germany,Male,41
"15602405",Germany,Female,38
"15610271",Spain,Female,42
"15791780",Germany,Female,48
"15589147",Spain,Male,61
"15756975",Spain,Female,35
"15729582",Germany,Male,48
"15742971",France,Female,44
"15568046",France,Male,24
"15694890",France,Male,38
"15736963",France,Male,43
"15646490",Spain,Male,42
"15607314",Spain,Male,53
"15576745",France,Male,48
"15669606",France,Male,33
"15737832",Spain,Male,45
"15681990",Germany,Male,24
"15758050",Spain,Male,37
"15787848",Spain,Male,30
"15713594",France,Female,32
"15588186",Spain,Male,45
"15786739",France,Male,37
"15699467",Spain,Female,41
"15680706",Germany,Male,48
"15645717",France,Male,62
"15748597",Spain,Male,56
"15773709",Spain,Male,35
"15629787",France,Male,27
"15661007",France,Male,33
"15686812",Spain,Female,44
"15754113",France,Female,35
"15749489",Germany,Female,22
"15574352",France,Male,43
"15701281",France,Male,27
"15811985",Spain,Male,44
"15713505",France,Male,31
"15685653",Germany,Female,40
"15758831",France,Male,39
"15618774",France,Male,54
"15764448",Germany,Male,35
"15611024",France,Female,23
"15738220",Spain,Male,38
"15805764",France,Male,18
"15580487",Germany,Male,38
"15675787",France,Male,26
"15583580",Germany,Female,35
"15780654",Germany,Female,33
"15695034",France,Female,44
"15805671",France,Male,32
"15790658",Spain,Male,42
"15578648",Germany,Male,49
"15734987",France,Female,43
"15721740",Germany,Male,50
"15641822",France,Female,19
"15765650",Germany,Male,40
"15788556",France,Female,42
"15576550",Spain,Female,38
"15622230",France,Female,35
"15653937",Germany,Female,53
"15743538",France,Female,31
"15591740",France,Female,54
"15650086",France,Male,43
"15718773",France,Female,32
"15615140",France,Male,36
"15644361",France,Female,40
"15774536",France,Female,32
"15618661",France,Male,30
"15605020",France,Male,45
"15762134",Germany,Male,59
"15685279",Spain,Female,57
"15582849",France,Female,51
"15655410",Germany,Male,49
"15649129",France,Male,32
"15702380",Spain,Male,64
"15759067",Germany,Female,37
"15683027",Germany,Male,29
"15597487",France,Female,35
"15763256",Germany,Female,64
"15620111",France,Male,54
"15623053",Spain,Male,40
"15595592",France,Female,59
"15740072",France,Female,37
"15778005",France,Female,39
"15583278",Spain,Female,36
"15601263",Spain,Female,48
"15709222",Spain,Male,34
"15713949",France,Male,40
"15717706",France,Female,32
"15756071",France,Male,34
"15696564",France,Male,38
"15657637",Spain,Female,36
"15755863",Spain,Female,49
"15719858",Spain,Female,38
"15688876",Spain,Male,39
"15698528",Spain,Female,31
"15770345",Spain,Female,31
"15761506",Spain,Male,19
"15716619",Germany,Female,36
"15788367",Spain,Male,44
"15709451",Germany,Female,35
"15640421",France,Female,35
"15580068",Spain,Male,35
"15677123",Spain,Male,37
"15619801",France,Female,33
"15582246",Spain,Female,45
"15711843",Germany,Male,40
"15680046",Spain,Male,36
"15804131",Spain,Female,53
"15722611",France,Female,53
"15729224",France,Female,37
"15811588",Spain,Female,53
"15702138",France,Female,22
"15749799",France,Female,34
"15752885",France,Male,42
"15674932",Spain,Female,44
"15743828",France,Male,41
"15642022",Spain,Male,34
"15746461",Spain,Male,35
"15809991",Spain,Male,19
"15787322",France,Female,41
"15575498",France,Female,39
"15691387",France,Male,29
"15765457",Spain,Male,35
"15666173",Germany,Female,32
"15627377",France,Male,41
"15656683",France,Male,52
"15679810",France,Male,39
"15606310",France,Male,71
"15756871",Spain,Male,39
"15610002",Spain,Male,41
"15567802",Spain,Female,34
"15745452",Germany,Male,41
"15617252",France,Female,33
"15753248",France,Male,28
"15610755",France,Female,33
"15662238",France,Male,37
"15799186",France,Male,38
"15686941",Spain,Female,26
"15601172",France,Male,31
"15723858",Spain,Male,39
"15615896",Spain,Male,39
"15737647",Germany,Female,77
"15582841",France,Male,29
"15760090",France,Male,28
"15588587",France,Female,36
"15683157",France,Male,26
"15694209",France,Female,32
"15655875",France,Female,33
"15805704",France,Female,32
"15744789",Spain,Female,32
"15799357",France,Male,35
"15726153",France,Male,31
"15713346",France,Male,24
"15665053",Spain,Male,52
"15592379",Spain,Female,42
"15692599",France,Male,34
"15620758",Spain,Male,30
"15637428",France,Male,35
"15808389",France,Female,79
"15807003",France,Male,32
"15702912",Spain,Female,35
"15590623",Spain,Male,34
"15728078",France,Male,26
"15708256",France,Male,28
"15582335",France,Female,40
"15649150",France,Female,53
"15691647",France,Female,35
"15668270",Germany,Female,44
"15624820",Spain,Male,56
"15736254",France,Male,29
"15720814",Germany,Female,36
"15642997",France,Female,36
"15693200",France,Female,36
"15624596",France,Female,23
"15807167",France,Male,42
"15660301",Germany,Male,70
"15593094",France,Male,27
"15618239",France,Female,48
"15574137",Spain,Male,35
"15614740",France,Female,41
"15574071",Germany,Male,23
"15671148",Germany,Male,33
"15721921",France,Male,44
"15717995",France,Male,27
"15632050",France,Female,41
"15647111",Spain,Female,22
"15759991",Spain,Male,36
"15790204",Spain,Female,22
"15686780",Spain,Female,55
"15640491",France,Female,33
"15783225",France,Male,54
"15734438",France,Female,29
"15688760",Germany,Female,37
"15768124",France,Female,34
"15661330",France,Male,37
"15781272",France,Male,50
"15573888",Germany,Female,43
"15575858",France,Male,40
"15645937",Spain,Male,32
"15702337",France,Male,37
"15764537",France,Male,43
"15619616",France,Female,33
"15585133",Spain,Female,27
"15573971",France,Male,44
"15579433",Spain,Male,29
"15777045",Spain,Female,44
"15611580",Spain,Male,33
"15614778",France,Male,31
"15771750",Germany,Female,36
"15593280",Germany,Male,43
"15569274",Germany,Male,49
"15654408",Spain,Male,41
"15657468",Germany,Female,53
"15614213",France,Male,37
"15589869",France,Male,49
"15693205",Germany,Female,41
"15797113",Spain,Female,34
"15676958",Germany,Male,34
"15739592",Germany,Female,51
"15656263",Spain,Male,29
"15636872",France,Female,32
"15589435",France,Male,31
"15640464",France,Male,41
"15723851",Spain,Male,40
"15722122",France,Female,40
"15696852",France,Female,32
"15634936",France,Male,41
"15575935",France,Male,59
"15634491",France,Male,30
"15628530",France,Male,42
"15678720",France,Female,44
"15627999",Spain,Male,30
"15571244",Spain,Female,33
"15739931",France,Male,34
"15806256",France,Male,48
"15787258",Spain,Female,29
"15706463",France,Female,36
"15691004",Spain,Male,37
"15792228",France,Male,60
"15733447",France,Female,51
"15679062",Germany,Female,47
"15594409",France,Male,45
"15613816",Spain,Female,39
"15681991",France,Male,32
"15796074",France,Female,36
"15625941",Spain,Female,50
"15615016",France,Male,33
"15748414",Spain,Female,33
"15751203",France,Male,26
"15662658",Germany,Male,34
"15574868",Germany,Male,36
"15790282",Germany,Male,58
"15762927",Germany,Female,36
"15803456",France,Female,40
"15771857",Spain,Male,39
"15700601",France,Male,34
"15569670",Germany,Male,30
"15772341",Germany,Male,81
"15661548",France,Female,29
"15787597",Germany,Female,31
"15806913",France,Female,54
"15804862",Germany,Male,43
"15792986",Germany,Male,24
"15625632",France,Male,36
"15727703",Germany,Male,34
"15606273",France,Male,37
"15799652",France,Female,38
"15715047",Spain,Male,43
"15784687",France,Male,36
"15615322",Spain,Male,43
"15722072",France,Male,53
"15646784",France,Female,31
"15644692",France,Female,47
"15670354",France,Female,62
"15716357",Spain,Female,39
"15786717",France,Male,36
"15771383",Germany,Female,45
"15649793",France,Male,20
"15731543",Spain,Male,58
"15684516",Spain,Male,34
"15677249",Spain,Male,42
"15581525",Germany,Male,33
"15628420",Spain,Male,33
"15600478",France,Male,39
"15594502",France,Male,37
"15784361",Spain,Female,46
"15767626",France,Male,42
"15632521",Germany,Male,45
"15665088",France,Female,42
"15652084",France,Male,40
"15574761",France,Female,41
"15729515",France,Male,36
"15682070",France,Male,64
"15743817",Germany,Male,40
"15572158",Spain,Male,41
"15584477",Spain,Female,35
"15614893",Spain,Male,38
"15665963",Spain,Male,30
"15612524",Germany,Male,41
"15596962",France,Female,24
"15744942",Spain,Female,55
"15573278",France,Male,39
"15717056",Germany,Female,25
"15795881",Spain,Male,35
"15758939",Germany,Male,35
"15792250",Germany,Female,45
"15740406",Germany,Male,38
"15768137",Spain,Female,23
"15569120",France,Male,30
"15723721",France,Male,30
"15777122",France,Female,31
"15742681",Germany,Male,26
"15582090",Spain,Female,36
"15711254",France,Female,35
"15775067",France,Male,47
"15602851",France,Male,40
"15802857",Spain,Female,33
"15701175",France,Female,33
"15783019",France,Female,62
"15728912",France,Female,44
"15585580",Germany,Female,52
"15583480",France,Female,36
"15620341",Germany,Male,44
"15613886",Spain,Male,43
"15792916",Spain,Female,40
"15710408",Spain,Female,38
"15598695",Germany,Female,68
"15649354",Spain,Male,35
"15737556",France,Male,43
"15671610",France,Male,36
"15625092",Germany,Female,57
"15741032",France,Male,48
"15750014",Germany,Female,37
"15784761",Spain,Female,46
"15768359",France,Male,36
"15805769",Spain,Male,33
"15719508",Germany,Male,49
"15609011",Spain,Male,47
"15703106",France,Male,40
"15626795",France,Female,40
"15773731",Spain,Female,35
"15756196",France,Male,50
"15687903",France,Female,29
"15777599",Germany,Male,34
"15754577",France,Female,51
"15584113",Germany,Female,53
"15669589",Germany,Female,68
"15632793",France,Female,29
"15711130",France,Male,45
"15615254",France,Male,40
"15720583",Germany,Female,44
"15780432",France,Male,37
"15673223",France,Male,44
"15807989",Germany,Male,37
"15761168",France,Female,38
"15651272",France,Male,38
"15812832",Germany,Male,33
"15722425",France,Male,32
"15680517",Germany,Female,34
"15750569",Germany,Female,46
"15690743",France,Female,61
"15627741",Germany,Female,29
"15712121",Spain,Male,34
"15805429",Germany,Male,59
"15814923",Spain,Male,38
"15589230",France,Female,63
"15775490",France,Female,38
"15749727",Spain,Male,50
"15619238",Spain,Male,29
"15593468",France,Female,33
"15718454",Spain,Female,44
"15789498",France,Male,30
"15744691",France,Female,29
"15708289",Spain,Male,25
"15790412",Spain,Male,26
"15741416",France,Male,42
"15598894",Spain,Male,38
"15663294",France,Male,32
"15572728",Spain,Male,36
"15706729",France,Male,38
"15674433",Germany,Female,28
"15641170",Spain,Male,36
"15806284",Spain,Male,31
"15690958",Germany,Male,23
"15606386",Germany,Female,46
"15682322",France,Male,37
"15579915",France,Male,29
"15681928",France,Female,35
"15734005",France,Female,42
"15650432",Germany,Male,41
"15592578",Spain,Female,41
"15671243",France,Female,47
"15775709",France,Female,27
"15702631",France,Female,26
"15602282",Germany,Female,45
"15717879",Spain,Female,79
"15740878",Spain,Female,29
"15794468",France,Female,42
"15773277",France,Male,35
"15572657",France,Male,29
"15800295",Germany,Male,34
"15672397",France,Male,38
"15684921",Spain,Male,25
"15720676",France,Female,37
"15731829",France,Male,34
"15732672",Spain,Male,35
"15692406",France,Male,37
"15764405",France,Male,29
"15757537",France,Female,31
"15793307",Spain,Female,41
"15660679",Spain,Female,38
"15666856",France,Male,49
"15687372",Germany,Male,49
"15667289",Spain,Male,50
"15624641",Spain,Male,43
"15734610",France,Male,42
"15631882",Germany,Male,45
"15642709",France,Female,30
"15811026",Germany,Male,43
"15596303",France,Female,39
"15787255",Germany,Female,55
"15617166",France,Male,37
"15742442",Spain,Female,46
"15758692",France,Female,29
"15568238",Spain,Male,20
"15730353",Germany,Male,29
"15731555",Germany,Female,45
"15582404",Spain,Female,26
"15721462",Spain,Female,58
"15632899",Spain,Male,20
"15808526",Germany,Female,58
"15694349",Spain,Male,44
"15718465",Germany,Male,51
"15682995",France,Female,32
"15584776",Spain,Female,37
"15777772",Spain,Male,55
"15576156",Spain,Female,28
"15646756",France,Female,33
"15742886",France,Male,26
"15586135",Spain,Female,28
"15616152",France,Female,47
"15721460",France,Male,60
"15727317",Germany,Female,49
"15649536",Germany,Male,38
"15754929",France,Male,31
"15572051",France,Male,40
"15668142",France,Male,37
"15701176",France,Male,26
"15708422",Spain,Female,35
"15655632",France,Male,27
"15744606",Spain,Male,29
"15612140",Spain,Female,46
"15656086",Spain,Male,54
"15655298",Spain,Female,54
"15644796",Spain,Female,38
"15726250",France,Female,38
"15764432",Germany,Female,42
"15631721",Germany,Male,38
"15707479",France,Male,40
"15579826",France,Female,66
"15668104",Spain,Male,37
"15641604",France,Female,55
"15587240",France,Male,40
"15680767",Germany,Female,64
"15601594",France,Female,51
"15589969",France,Male,34
"15703728",Spain,Male,47
"15617790",France,Female,29
"15662500",Spain,Male,32
"15778526",Spain,Female,48
"15670584",Spain,Male,31
"15748069",France,Female,25
"15680597",Germany,Male,38
"15628992",Germany,Male,32
"15719624",France,Female,38
"15812767",Spain,Male,70
"15689201",France,Female,49
"15614716",France,Female,37
"15683618",France,Female,35
"15799631",Spain,Male,36
"15692259",France,Female,29
"15590966",Germany,Female,42
"15656426",France,Female,42
"15675256",Spain,Male,33
"15751185",Spain,Female,50
"15789582",France,Male,55
"15651103",Spain,Female,69
"15672299",France,Male,44
"15772250",Spain,Male,46
"15763922",France,Male,31
"15633870",France,Female,36
"15624323",France,Male,36
"15688612",France,Male,33
"15694644",Spain,Female,43
"15587174",France,Male,29
"15579559",Spain,Male,30
"15775430",Germany,Male,31
"15623695",France,Female,31
"15760849",France,Male,39
"15813095",France,Male,37
"15705281",Spain,Male,38
"15812594",France,Male,34
"15626322",Spain,Female,29
"15723105",France,Female,28
"15588449",Spain,Female,27
"15794849",Germany,Male,22
"15620000",Germany,Male,34
"15799720",Spain,Male,43
"15711287",Spain,Female,35
"15613102",France,Female,31
"15621440",France,Male,38
"15677146",France,Female,28
"15801169",Germany,Female,39
"15682421",France,Female,30
"15691910",Spain,Male,30
"15721779",Spain,Male,41
"15579548",Spain,Male,36
"15681075",France,Female,58
"15607884",France,Female,39
"15767757",Spain,Female,29
"15791550",France,Male,27
"15658589",Spain,Male,38
"15670822",France,Female,22
"15629744",France,Female,71
"15660768",France,Male,40
"15726310",Spain,Female,27
"15641298",Germany,Male,42
"15625675",France,Male,36
"15713354",Germany,Female,22
"15633866",Germany,Male,30
"15704231",France,Female,33
"15735400",France,Male,28
"15632826",France,Male,38
"15751022",Germany,Female,37
"15664737",Spain,Female,38
"15681126",Spain,Female,38
"15738954",France,Male,35
"15662263",Germany,Male,22
"15621611",Germany,Male,55
"15783752",Germany,Male,29
"15709474",Germany,Female,57
"15701280",France,Male,24
"15671104",Spain,Male,43
"15796434",France,Male,28
"15781505",France,Male,20
"15625819",France,Female,38
"15753174",Germany,Male,37
"15654067",Spain,Female,29
"15724719",France,Female,22
"15624695",Spain,Female,72
"15718216",Spain,Male,43
"15586300",France,Male,66
"15783349",Spain,Male,39
"15725767",France,Male,23
"15791925",France,Male,29
"15793585",France,Male,35
"15576641",Germany,Male,40
"15749519",France,Male,38
"15684960",France,Female,46
"15591286",Germany,Female,49
"15668323",France,Female,41
"15608528",France,Female,68
"15645184",France,Male,29
"15702566",Spain,Male,26
"15660840",France,Male,30
"15750811",Germany,Male,44
"15733842",France,Female,24
"15581526",France,Male,41
"15662751",Germany,Female,40
"15684319",Germany,Female,37
"15702190",Spain,Male,43
"15588517",France,Male,38
"15801863",France,Female,32
"15584271",France,Male,59
"15700366",France,Male,39
"15804038",France,Male,44
"15720820",Germany,Female,24
"15743759",France,Male,39
"15749947",France,Female,44
"15670496",Spain,Female,27
"15746664",Spain,Male,20
"15745533",France,Female,63
"15761497",Spain,Female,48
"15628600",Germany,Female,31
"15627002",France,Male,38
"15614635",France,Male,52
"15731281",Germany,Female,35
"15814022",France,Female,26
"15659194",France,Male,30
"15745030",Germany,Male,41
"15691817",Spain,Female,44
"15707488",France,Female,27
"15784700",France,Male,31
"15710397",France,Male,26
"15687648",France,Male,28
"15732281",Germany,Male,34
"15607230",Germany,Male,33
"15567630",Germany,Male,40
"15587507",France,Male,47
"15733904",France,Male,32
"15709511",France,Male,43
"15579616",France,Female,42
"15694852",France,Male,29
"15589924",Spain,Female,40
"15799300",Germany,Male,31
"15731330",Spain,Female,40
"15694129",Germany,Female,28
"15620372",Spain,Male,31
"15744622",France,Male,32
"15799815",Germany,Female,23
"15759250",Germany,Male,51
"15732643",Spain,Female,53
"15690540",Spain,Female,41
"15803078",Spain,Female,38
"15652180",France,Male,30
"15741195",Spain,Male,19
"15743490",Germany,Female,56
"15575510",France,Female,32
"15732610",France,Female,28
"15602909",Spain,Female,41
"15734058",Germany,Male,32
"15801788",Germany,Female,29
"15702462",Spain,Female,44
"15683416",Germany,Male,51
"15794187",France,Male,36
"15792989",France,Female,71
"15613734",France,Female,33
"15606177",France,Male,39
"15636700",France,Male,39
"15645766",Spain,Male,25
"15671345",Spain,Female,42
"15652469",France,Male,27
"15749638",France,Female,51
"15728706",France,Female,49
"15735439",Spain,Female,31
"15778696",Spain,Female,36
"15624744",Germany,Male,42
"15584338",France,Female,40
"15726178",Spain,Female,48
"15794939",France,Female,72
"15788068",Germany,Male,45
"15572956",France,Male,36
"15780386",Spain,Male,40
"15791114",France,Male,37
"15708046",Spain,Male,31
"15719779",Germany,Male,25
"15591550",Spain,Male,36
"15639368",France,Male,25
"15699830",France,Female,40
"15569264",France,Male,32
"15595158",Germany,Male,31
"15599126",France,Female,43
"15650575",Spain,Female,59
"15641490",Germany,Female,25
"15680234",Germany,Male,27
"15592230",France,Male,41
"15626212",France,Male,29
"15700627",Germany,Female,46
"15782641",Spain,Female,29
"15784445",Spain,Male,33
"15813681",Germany,Male,24
"15596649",France,Female,39
"15700460",France,Female,55
"15724076",Spain,Female,57
"15784000",Germany,Female,34
"15733966",Germany,Female,55
"15612667",Spain,Male,42
"15654025",France,Female,51
"15589431",Germany,Male,47
"15578238",France,Male,47
"15566269",France,Male,25
"15639217",France,Male,34
"15688644",France,Male,31
"15662426",Spain,Male,32
"15720511",Germany,Male,41
"15567246",Germany,Male,32
"15647965",France,Female,57
"15679048",Germany,Male,41
"15675749",France,Female,23
"15782181",Spain,Male,35
"15795738",France,Male,31
"15773751",France,Female,29
"15655436",Germany,Male,47
"15691396",Germany,Male,31
"15796958",France,Male,39
"15801832",Germany,Male,42
"15661349",France,Male,35
"15719265",France,Male,46
"15779985",Germany,Female,37
"15663410",Spain,Male,51
"15704144",Germany,Male,33
"15774104",Spain,Male,39
"15812230",Germany,Female,42
"15742848",France,Male,41
"15745326",France,Female,62
"15674541",Spain,Male,52
"15728564",France,Male,41
"15580701",France,Male,33
"15688973",Spain,Female,39
"15709412",Spain,Male,30
"15607753",Spain,Female,23
"15705352",Spain,Male,38
"15602500",Spain,Male,38
"15672437",France,Male,72
"15720968",Germany,Male,27
"15730796",France,Female,21
"15768219",Spain,Male,36
"15663883",Germany,Male,32
"15589296",France,Female,40
"15586425",France,Male,28
"15679813",Spain,Male,28
"15681410",Germany,Female,36
"15668283",France,Male,48
"15624072",Spain,Male,22
"15669664",Germany,Male,54
"15682728",France,Female,32
"15573851",France,Female,38
"15733661",Spain,Female,27
"15710012",Spain,Male,44
"15763327",France,Male,32
"15668853",Spain,Female,44
"15639303",Germany,Male,48
"15691011",France,Male,42
"15638513",France,Female,40
"15648933",Germany,Male,44
"15628904",Spain,Male,35
"15644788",France,Female,30
"15598161",France,Male,47
"15745624",France,Male,37
"15733169",Spain,Male,22
"15801417",France,Male,37
"15592707",Germany,Female,64
"15593954",France,Female,47
"15714431",France,Male,37
"15638257",Spain,Female,54
"15690939",Spain,Male,28
"15723613",France,Female,28
"15813640",France,Female,40
"15707322",France,Female,48
"15588918",France,Female,42
"15600357",France,Female,40
"15747014",France,Female,28
"15809830",France,Male,50
"15662245",France,Male,32
"15651075",Germany,Male,35
"15642515",France,Female,42
"15594456",Spain,Female,56
"15583462",France,Male,28
"15757661",France,Female,39
"15729117",France,Female,31
"15749671",France,Male,35
"15566253",Germany,Male,44
"15595153",Germany,Female,44
"15698572",Spain,Female,36
"15674149",Germany,Male,36
"15623082",France,Female,35
"15797905",France,Female,48
"15746028",France,Female,24
"15582951",France,Female,25
"15616471",Spain,Male,51
"15641575",France,Male,37
"15638803",Spain,Female,32
"15808283",France,Female,33
"15811200",France,Female,34
"15733476",Germany,Male,30
"15633274",France,Male,34
"15582168",Germany,Female,61
"15807269",Germany,Male,43
"15602979",France,Male,29
"15660417",Germany,Female,43
"15590199",Spain,Male,28
"15641794",France,Male,33
"15779174",France,Female,36
"15785547",France,Male,28
"15795124",Germany,Male,50
"15718912",Germany,Female,44
"15592028",France,Female,46
"15580227",France,Male,33
"15657830",France,Male,43
"15798256",France,Female,45
"15643819",France,Female,25
"15754301",France,Male,39
"15726855",Germany,Female,45
"15755225",Germany,Male,34
"15725221",Germany,Male,62
"15789055",Spain,Male,35
"15617507",Spain,Female,36
"15668894",Germany,Male,41
"15589563",Spain,Male,31
"15693162",France,Female,29
"15750099",France,Female,36
"15795540",France,Female,36
"15794941",Germany,Female,41
"15611848",Germany,Male,32
"15581237",Spain,Male,33
"15738150",France,Male,45
"15678571",France,Male,21
"15736124",France,Male,25
"15623202",Germany,Female,39
"15804201",Germany,Male,42
"15596863",Germany,Female,38
"15696277",France,Female,34
"15748608",Germany,Male,42
"15723864",Spain,Male,47
"15802390",France,Female,34
"15774336",Germany,Male,44
"15648766",Spain,Male,35
"15659094",Germany,Female,34
"15606397",Germany,Female,44
"15642619",Spain,Male,46
"15666032",Spain,Male,28
"15595842",Germany,Male,45
"15753837",Spain,Male,38
"15783882",Spain,Female,41
"15799790",France,Male,35
"15628155",France,Female,35
"15703778",France,Male,33
"15722322",Spain,Female,78
"15639278",Germany,Female,36
"15568487",France,Male,35
"15682084",France,Male,31
"15642821",Spain,Female,48
"15601387",France,Male,35
"15710421",Spain,Female,36
"15726774",France,Male,35
"15649078",Germany,Female,27
"15641877",France,Male,47
"15796496",France,Female,31
"15815690",Spain,Female,40
"15631739",Spain,Male,24
"15625584",France,Male,32
"15802466",France,Female,53
"15697028",Spain,Male,34
"15575759",Spain,Female,40
"15567442",France,Female,75
"15746805",France,Male,33
"15636330",Germany,Female,48
"15714970",Germany,Male,32
"15653784",France,Male,37
"15693543",France,Female,33
"15773283",France,Male,65
"15742534",Germany,Female,28
"15569878",France,Male,37
"15729454",France,Male,33
"15578375",France,Male,39
"15785559",France,Male,43
"15649414",France,Female,61
"15701605",France,Male,37
"15686696",France,Female,37
"15625586",France,Male,35
"15654975",France,Female,53
"15782993",France,Male,51
"15774382",Germany,Male,49
"15689602",France,Male,38
"15756155",France,Male,32
"15812647",France,Male,34
"15736043",France,Male,34
"15696744",France,Female,31
"15602572",France,Male,33
"15674765",Spain,Male,44
"15678725",France,Female,29
"15694444",Germany,Female,32
"15795878",Spain,Male,45
"15735346",Germany,Female,41
"15687094",Germany,Female,28
"15790067",Spain,Male,39
"15605742",France,Male,43
"15566740",Spain,Male,51
"15664897",France,Female,35
"15585777",France,Male,38
"15650864",France,Male,42
"15806709",Germany,Male,33
"15633818",France,Male,32
"15713845",France,Male,38
"15639662",France,Male,38
"15567013",Spain,Male,33
"15777784",France,Female,44
"15800251",Germany,Female,26
"15651315",France,Male,41
"15651450",Germany,Male,31
"15784218",Spain,Male,38
"15572398",Spain,Female,39
"15707962",France,Male,40
"15705663",Germany,Female,39
"15645355",Germany,Male,34
"15729557",Germany,Male,36
"15631436",France,Male,35
"15583073",Spain,Female,56
"15614361",Spain,Male,42
"15724684",Spain,Male,46
"15700083",Spain,Male,39
"15636541",Germany,Male,35
"15796015",Germany,Male,42
"15787222",Germany,Male,28
"15594270",France,Male,38
"15701524",France,Male,36
"15645847",Germany,Male,35
"15708867",Spain,Female,38
"15613140",France,Male,34
"15628893",France,Male,29
"15764073",Spain,Female,36
"15782879",France,Male,40
"15635964",Germany,Male,65
"15726087",France,Female,62
"15726313",Spain,Female,50
"15578073",Spain,Male,22
"15786249",Spain,Male,30
"15812850",Spain,Male,67
"15596972",France,Male,38
"15620579",Spain,Female,31
"15768270",Spain,Female,31
"15656597",Germany,Male,38
"15699446",Germany,Female,25
"15615004",France,Female,37
"15704771",France,Female,35
"15588372",Germany,Female,37
"15681439",Germany,Male,25
"15607509",France,Male,38
"15670343",Spain,Male,19
"15597968",Spain,Male,50
"15658432",France,Male,40
"15616431",France,Male,33
"15796957",Spain,Male,35
"15815552",France,Female,42
"15631871",Germany,Female,57
"15635870",Germany,Female,50
"15596713",France,Male,37
"15684211",Spain,Female,44
"15760521",France,Female,50
"15608408",Spain,Male,39
"15804721",France,Male,49
"15730272",France,Male,58
"15741988",Germany,Female,52
"15771728",Germany,Male,41
"15605113",France,Female,27
"15661945",Spain,Female,40
"15783816",France,Female,28
"15721207",Germany,Male,42
"15764072",France,Female,31
"15689412",France,Female,32
"15798385",Spain,Female,46
"15775339",France,Female,29
"15585256",Spain,Male,26
"15797329",France,Male,43
"15780220",France,Male,38
"15648951",Spain,Male,41
"15752409",France,Male,31
"15807524",France,Female,44
"15766649",France,Male,38
"15696812",Spain,Male,42
"15581295",Spain,Female,45
"15663234",France,Female,60
"15741417",Spain,Female,35
"15695174",France,Male,29
"15665168",Germany,Female,44
"15601503",Spain,Male,28
"15706131",Spain,Female,37
"15782758",France,Male,40
"15591091",France,Male,44
"15715877",France,Male,28
"15756918",France,Female,38
"15746662",Spain,Female,27
"15626679",France,Male,33
"15793343",France,Female,29
"15576774",France,Female,38
"15801316",France,Male,61
"15800514",Germany,Female,24
"15662232",Germany,Male,42
"15737778",Spain,Female,41
"15782096",Spain,Female,36
"15783522",Spain,Female,37
"15785373",Spain,Female,42
"15756272",Germany,Female,35
"15615245",France,Male,19
"15600174",France,Male,35
"15752956",Spain,Male,29
"15644882",Germany,Female,36
"15766272",Germany,Female,61
"15800620",France,Female,29
"15569764",Germany,Female,41
"15747458",Spain,Female,43
"15573171",Spain,Male,63
"15736769",France,Female,27
"15763381",France,Male,30
"15814430",Spain,Male,41
"15638607",France,Female,52
"15737133",Spain,Male,68
"15613945",France,Female,26
"15659937",France,Female,40
"15765287",France,Female,38
"15661723",Spain,Male,71
"15766064",France,Male,33
"15649616",Spain,Male,60
"15719017",France,Female,34
"15720919",France,Male,42
"15706706",Germany,Male,33
"15709653",France,Male,32
"15805104",France,Female,73
"15622442",France,Male,29
"15572801",Spain,Male,34
"15767598",Spain,Male,28
"15757897",France,Female,26
"15568104",France,Female,26
"15763414",Germany,Male,32
"15732265",France,Male,33
"15621974",Germany,Female,33
"15803947",Germany,Female,30
"15720706",Spain,Female,39
"15759290",Spain,Male,29
"15651664",France,Female,61
"15795132",France,Female,25
"15811565",Spain,Female,47
"15713774",Spain,Female,46
"15691840",Germany,Female,37
"15682021",Germany,Male,23
"15612931",Spain,Female,50
"15676707",Spain,Female,39
"15601383",Spain,Male,44
"15662662",France,Female,30
"15752694",France,Female,32
"15590683",France,Female,31
"15773591",France,Male,46
"15723620",France,Male,41
"15671779",France,Male,39
"15672966",Spain,Female,64
"15624667",France,Male,35
"15812888",France,Male,41
"15724154",Germany,Female,49
"15749540",France,Male,36
"15621063",France,Female,42
"15661626",Germany,Female,45
"15698703",Germany,Male,40
"15801431",Spain,Female,48
"15649451",France,Male,25
"15626156",France,Female,60
"15606158",France,Female,39
"15589496",France,Male,34
"15730345",France,Female,35
"15572038",Germany,Male,35
"15643439",France,Male,47
"15604158",France,Female,39
"15657396",France,Male,31
"15709478",Germany,Male,37
"15628824",France,Female,37
"15814519",France,Female,37
"15636520",France,Male,27
"15794414",Spain,Male,46
"15643671",Germany,Male,49
"15700650",France,Male,34
"15680224",France,Female,26
"15784286",Spain,Male,40
"15693996",France,Female,33
"15764343",Spain,Female,46
"15704168",Germany,Male,38
"15680197",France,Male,41
"15633729",France,Male,43
"15577683",France,Female,29
"15800746",France,Male,45
"15788686",Spain,Male,40
"15742798",France,Female,22
"15596647",France,Male,54
"15756070",Spain,Female,44
"15775116",France,Male,31
"15575428",Germany,Female,35
"15654074",France,Male,38
"15695872",France,Female,30
"15568885",Germany,Female,34
"15725036",France,Male,42
"15632665",France,Male,61
"15571476",Spain,Male,38
"15776850",Spain,Female,43
"15623649",Spain,Male,32
"15751131",Spain,Female,41
"15688128",Spain,Male,34
"15678412",France,Female,45
"15770291",France,Female,29
"15583392",Germany,Male,37
"15690731",France,Male,40
"15697948",Spain,Female,36
"15608328",Spain,Female,41
"15766378",Germany,Female,45
"15600813",France,Male,50
"15706217",Germany,Male,28
"15601417",France,Male,32
"15610972",Germany,Female,44
"15674620",Germany,Female,37
"15785350",Spain,Male,23
"15749119",France,Female,31
"15756535",Germany,Male,39
"15700965",France,Female,32
"15791851",France,Female,34
"15717156",France,Male,30
"15740846",France,Male,40
"15573284",France,Female,45
"15729083",France,Male,36
"15611612",France,Female,29
"15694381",France,Male,51
"15651737",Spain,Male,44
"15663168",France,Male,35
"15643426",Spain,Female,36
"15618245",Germany,Male,31
"15717527",France,Female,49
"15793478",Germany,Female,39
"15642248",Spain,Male,66
"15640377",France,Female,36
"15723950",Spain,Male,40
"15590327",Germany,Female,42
"15706199",Germany,Male,36
"15671514",Spain,Female,33
"15727041",France,Male,71
"15738063",France,Male,29
"15711733",France,Male,48
"15652320",France,Male,40
"15634180",Germany,Male,26
"15694566",France,Female,42
"15726103",Germany,Female,55
"15646351",Spain,Male,27
"15730044",Germany,Female,42
"15795186",France,Male,38
"15784890",Spain,Female,32
"15694125",France,Male,57
"15565891",France,Male,39
"15674254",Spain,Female,45
"15775206",France,Male,37
"15797627",Spain,Male,54
"15649853",France,Female,45
"15610379",France,Male,30
"15659800",Spain,Female,50
"15716236",France,Male,35
"15672053",Spain,Male,38
"15663933",Germany,Female,35
"15814236",Spain,Female,38
"15583597",Spain,Male,47
"15607395",France,Female,33
"15694556",France,Male,60
"15744109",France,Male,32
"15800688",Spain,Female,42
"15810878",Spain,Female,38
"15587835",France,Male,41
"15763515",France,Male,30
"15725882",Germany,Female,40
"15788022",Germany,Female,41
"15663917",France,Male,43
"15656865",Germany,Male,69
"15667971",Germany,Female,34
"15800366",France,Male,29
"15717231",Germany,Male,37
"15643188",Germany,Female,47
"15671351",Spain,Male,35
"15573628",Germany,Female,51
"15698953",Spain,Male,36
"15753888",Spain,Female,62
"15737961",Germany,Female,29
"15801701",Spain,Male,35
"15684419",Spain,Female,37
"15794266",France,Male,32
"15810711",Germany,Male,37
"15771270",France,Female,27
"15607786",France,Male,26
"15624519",Germany,Female,49
"15799910",France,Male,32
"15602479",Spain,Male,37
"15617419",Germany,Female,29
"15657603",France,Female,35
"15570379",Spain,Male,51
"15772996",Germany,Male,40
"15729574",Spain,Male,71
"15737267",France,Female,49
"15799128",Spain,Female,38
"15813327",France,Male,21
"15711921",France,Male,29
"15654300",Germany,Male,33
"15569945",Spain,Male,29
"15569666",France,Female,45
"15681887",Germany,Male,33
"15608873",France,Male,51
"15762091",Germany,Female,22
"15722053",Spain,Male,33
"15782100",Spain,Male,22
"15765300",Germany,Male,40
"15743570",France,Female,34
"15608541",France,Male,46
"15750671",Spain,Male,31
"15813659",France,Female,56
"15757867",France,Female,30
"15652914",Spain,Male,38
"15723818",France,Female,37
"15713819",France,Male,48
"15656484",France,Male,40
"15778515",France,Male,40
"15803840",France,Female,32
"15735339",France,Male,39
"15600392",France,Female,53
"15625740",Germany,Male,62
"15663817",France,Male,46
"15734461",Germany,Male,31
"15780142",France,Male,43
"15709920",France,Female,33
"15684248",Spain,Male,21
"15643158",France,Female,40
"15693902",France,Male,19
"15578307",France,Female,33
"15585379",France,Male,39
"15758510",France,Male,26
"15692918",Germany,Male,36
"15705301",France,Male,41
"15718231",France,Male,28
"15567991",Spain,Male,31
"15772650",France,Male,55
"15574795",France,Female,38
"15706036",Germany,Male,38
"15768887",Spain,Male,26
"15723856",France,Female,29
"15812920",Germany,Male,40
"15691287",Germany,Female,33
"15804797",France,Female,54
"15708650",France,Female,31
"15712777",France,Male,38
"15786469",France,Female,34
"15669219",Germany,Male,35
"15641004",Spain,Female,48
"15648067",France,Male,39
"15704014",Germany,Male,37
"15645136",Spain,Male,30
"15709604",France,Male,23
"15713637",France,Male,34
"15793901",France,Female,27
"15569759",France,Female,27
"15712930",France,Male,42
"15586504",France,Male,40
"15677317",France,Female,29
"15664270",Germany,Male,45
"15731519",France,Female,30
"15745623",France,Male,32
"15813862",Spain,Male,66
"15641934",Spain,Female,46
"15713043",France,Female,33
"15700749",France,Female,39
"15697567",France,Male,33
"15715414",France,Female,38
"15639530",Spain,Male,42
"15726058",Germany,Male,27
"15725665",France,Male,47
"15698872",Spain,Female,39
"15812184",France,Female,31
"15742609",Germany,Male,28
"15815043",Spain,Male,49
"15640648",France,Male,36
"15627203",Spain,Male,54
"15786196",France,Female,44
"15612095",France,Female,48
"15674368",France,Female,39
"15783477",Germany,Female,39
"15757559",France,Female,53
"15591036",Germany,Female,43
"15761241",Germany,Female,36
"15695078",France,Male,32
"15645744",France,Female,30
"15566988",Germany,Female,46
"15749300",France,Female,47
"15594340",France,Male,41
"15607065",France,Male,34
"15778089",Spain,Male,37
"15773723",Spain,Female,22
"15697035",Spain,Female,31
"15679668",Spain,Male,38
"15709861",Germany,Male,30
"15791958",France,Female,41
"15791030",France,Female,33
"15695339",Germany,Male,53
"15658813",France,Female,55
"15715709",Germany,Male,43
"15722533",France,Female,40
"15683118",France,Male,32
"15672798",France,Female,45
"15680112",Germany,Female,35
"15714575",Germany,Female,44
"15806808",Germany,Female,57
"15590637",France,Male,41
"15657535",Spain,Male,29
"15696141",Spain,Female,31
"15811947",France,Male,33
"15649024",France,Female,39
"15594928",Germany,Female,38
"15765532",Germany,Male,76
"15741719",France,Female,40
"15665629",Spain,Female,33
"15728917",France,Male,48
"15762993",Spain,Male,32
"15571193",Germany,Male,42
"15653521",Germany,Female,40
"15802220",Spain,Male,35
"15644132",France,Female,30
"15600832",France,Female,43
"15797919",Spain,Male,37
"15603743",France,Male,28
"15579714",France,Female,29
"15634295",France,Male,35
"15786680",Spain,Male,37
"15623499",Germany,Male,49
"15691823",France,Male,37
"15809279",France,Male,45
"15758039",France,Male,44
"15807163",France,Female,38
"15631639",France,Female,40
"15713770",Spain,Male,41
"15698167",France,Female,24
"15781710",Spain,Female,31
"15801296",Germany,Female,37
"15704378",Germany,Male,37
"15767891",Germany,Female,28
"15640667",France,Female,41
"15702145",Spain,Male,33
"15679738",Spain,Female,35
"15636634",Germany,Female,25
"15809227",France,Male,35
"15601811",France,Female,53
"15625494",France,Female,32
"15723737",France,Male,27
"15682955",France,Female,32
"15758856",France,Male,45
"15746065",Germany,Male,35
"15783865",France,Male,59
"15745455",Germany,Male,62
"15583033",France,Female,20
"15644212",Spain,Male,28
"15735688",France,Female,31
"15658577",France,Female,37
"15606887",France,Female,30
"15783026",France,Female,41
"15579892",Spain,Male,19
"15802088",Spain,Female,22
"15589323",France,Female,24
"15636395",France,Female,31
"15712772",France,Male,28
"15700937",Spain,Female,24
"15766659",Spain,Male,33
"15814033",Spain,Male,38
"15783007",Germany,Female,45
"15654183",France,Female,26
"15609899",Spain,Male,37
"15747323",Spain,Male,48
"15582591",Spain,Male,59
"15738835",Germany,Male,38
"15782404",France,Female,34
"15697480",France,Male,30
"15697045",Spain,Female,35
"15781234",France,Female,35
"15579891",France,Male,52
"15805690",Spain,Female,35
"15612139",France,Female,33
"15568834",Spain,Male,27
"15709917",France,Female,46
"15718843",Spain,Male,41
"15799494",Germany,Male,44
"15673439",Spain,Female,50
"15669011",France,Female,44
"15581388",Spain,Male,33
"15743153",Germany,Female,40
"15579787",France,Male,39
"15759966",Spain,Female,36
"15601045",Spain,Male,37
"15764021",France,Male,34
"15687218",France,Female,27
"15626452",Spain,Male,32
"15700964",Germany,Female,27
"15735358",Spain,Male,46
"15749472",France,Male,45
"15685872",France,Female,29
"15760851",France,Male,31
"15734588",France,Male,46
"15784594",Germany,Female,37
"15606435",Germany,Male,69
"15790247",Spain,Male,40
"15676433",France,Female,36
"15625905",Spain,Male,41
"15626414",France,Male,44
"15623220",Spain,Female,45
"15752857",Germany,Male,52
"15677908",Spain,Male,42
"15773013",France,Female,47
"15623972",Germany,Female,23
"15738627",France,Male,25
"15643392",France,Male,31
"15684868",Germany,Male,56
"15627854",Spain,Male,44
"15669253",Spain,Male,39
"15758023",Germany,Male,47
"15574558",Spain,Male,32
"15635256",France,Male,31
"15680399",France,Male,23
"15674720",Germany,Female,37
"15580249",France,Male,45
"15675431",France,Female,34
"15698285",France,Female,41
"15810775",Spain,Male,52
"15678173",Spain,Male,35
"15665222",Spain,Male,52
"15803908",France,Male,45
"15586039",Germany,Female,36
"15802570",France,Female,45
"15781451",France,Male,42
"15721019",France,Female,24
"15738588",Germany,Female,37
"15730657",France,Female,41
"15739292",Germany,Male,31
"15725945",Spain,Female,42
"15813159",France,Male,52
"15636820",Germany,Male,40
"15603880",Germany,Male,38
"15619494",Germany,Female,31
"15596992",Germany,Male,45
"15735025",Spain,Male,37
"15730759",France,Female,27
"15752912",France,Female,30
"15711316",France,Male,27
"15738785",France,Male,26
"15777896",Germany,Female,33
"15628963",Germany,Male,43
"15742126",Germany,Male,38
"15575623",France,Female,31
"15741652",Spain,Male,37
"15738884",Germany,Male,41
"15615050",Germany,Male,47
"15803005",Germany,Female,57
"15743498",Germany,Male,52
"15720463",France,Male,30
"15588695",Spain,Male,32
"15665802",Spain,Female,36
"15571144",France,Male,28
"15750731",Germany,Male,50
"15605134",France,Female,34
"15626044",Germany,Male,28
"15737910",Germany,Male,35
"15761076",France,Male,41
"15710105",Germany,Female,26
"15577402",France,Male,31
"15803337",France,Male,23
"15654372",Germany,Male,34
"15585867",Spain,Male,36
"15662488",France,Female,44
"15604813",France,Male,40
"15611644",France,Male,73
"15674928",Spain,Male,37
"15656100",France,Female,49
"15764293",France,Male,33
"15636423",France,Male,40
"15607629",France,Male,48
"15577313",France,Male,44
"15714493",Spain,Female,33
"15643359",Spain,Male,32
"15687913",Germany,Female,34
"15790935",France,Female,29
"15708693",France,Female,33
"15672016",France,Male,35
"15727605",Germany,Male,43
"15651144",Germany,Female,35
"15749401",France,Male,60
"15691874",France,Female,34
"15620735",Germany,Female,33
"15769781",Spain,Female,25
"15624611",Spain,Male,37
"15773071",Spain,Female,33
"15720371",France,Female,51
"15717984",France,Male,47
"15806407",France,Female,37
"15785042",France,Female,31
"15809302",France,Male,24
"15677550",France,Female,38
"15654096",Germany,Female,24
"15617320",Spain,Female,46
"15653065",Spain,Female,22
"15649112",Spain,Female,33
"15690526",Germany,Male,31
"15806945",France,Female,30
"15670066",Spain,Male,34
"15625761",Germany,Male,41
"15761525",Spain,Female,31
"15735080",France,Female,64
"15619537",France,Male,31
"15598162",Germany,Female,39
"15694300",France,Male,26
"15637235",Spain,Male,33
"15612444",France,Male,29
"15626457",France,Male,31
"15627995",Germany,Female,26
"15706128",France,Female,21
"15666430",France,Male,38
"15627385",France,Male,34
"15581323",Germany,Female,28
"15608109",Germany,Male,58
"15801942",Spain,Female,41
"15567431",France,Male,64
"15810167",Spain,Male,75
"15644501",France,Female,26
"15785290",France,Male,29
"15611157",France,Female,32
"15673837",Spain,Male,61
"15656822",Germany,Male,43
"15580560",France,Female,73
"15760641",Germany,Male,26
"15587584",Spain,Male,31
"15604146",Germany,Female,38
"15813974",Germany,Male,37
"15746986",Germany,Female,40
"15759741",Germany,Female,34
"15734892",Spain,Male,37
"15797194",France,Male,39
"15723786",France,Female,37
"15642726",France,Male,53
"15664339",Spain,Male,48
"15754526",Germany,Male,36
"15703037",France,Male,37
"15751412",France,Male,36
"15609558",Germany,Female,47
"15572408",Germany,Male,39
"15613923",Spain,Female,43
"15747000",France,Male,27
"15731781",France,Male,43
"15727198",Germany,Female,28
"15794273",France,Female,56
"15804950",France,Female,41
"15576304",France,Male,29
"15645200",Germany,Female,54
"15779627",Germany,Male,31
"15750755",Spain,Female,33
"15569654",Germany,Female,31
"15753079",France,Male,41
"15684995",Spain,Male,49
"15790763",Spain,Female,49
"15766458",France,Male,33
"15616221",France,Female,29
"15776124",Spain,Male,51
"15665811",France,Male,33
"15729804",France,Male,34
"15714062",France,Female,40
"15592197",Spain,Male,30
"15793116",Germany,Female,40
"15638231",Spain,Female,62
"15697678",Germany,Male,36
"15800412",Germany,Male,35
"15597610",Spain,Male,41
"15726634",France,Male,47
"15670866",France,Male,31
"15667462",Spain,Male,43
"15662574",Spain,Male,37
"15716926",France,Male,33
"15603554",France,Female,45
"15716800",France,Male,31
"15679429",France,Male,32
"15616122",France,Male,39
"15742172",Germany,Male,32
"15792305",Germany,Male,46
"15636016",France,Female,34
"15733138",Germany,Male,42
"15669741",France,Male,36
"15616954",France,Male,71
"15729238",Germany,Male,48
"15718242",Germany,Female,47
"15682914",France,Male,34
"15654274",France,Male,37
"15691457",Spain,Male,36
"15719649",France,Male,38
"15778897",France,Female,28
"15589437",France,Male,26
"15682369",France,Male,47
"15626507",France,Male,27
"15571995",Germany,Female,33
"15673333",Germany,Male,52
"15748752",Germany,Male,33
"15725302",Spain,Female,20
"15722083",Spain,Male,39
"15771442",France,Male,40
"15803633",France,Female,46
"15672185",France,Male,47
"15806486",France,Female,48
"15570895",France,Male,42
"15614520",France,Female,37
"15687492",Germany,Male,32
"15675337",Germany,Female,34
"15721047",Germany,Male,37
"15589017",Germany,Male,55
"15611186",France,Male,37
"15617301",Germany,Male,36
"15726046",France,Female,27
"15585748",Germany,Female,28
"15672826",France,Female,32
"15595162",Spain,Female,35
"15650026",France,Male,44
"15745826",France,Male,37
"15708610",Germany,Male,44
"15624471",France,Male,37
"15590097",Spain,Female,33
"15689328",Germany,Male,48
"15582154",France,Female,45
"15734626",Spain,Female,36
"15702806",Spain,Male,24
"15620756",France,Male,49
"15611331",France,Female,46
"15576935",Spain,Male,43
"15661275",Germany,Male,52
"15814940",Spain,Female,33
"15768471",Germany,Female,54
"15697391",Spain,Female,34
"15793346",France,Female,72
"15608338",Spain,Female,55
"15578546",Germany,Male,26
"15656921",France,Male,31
"15761340",France,Male,22
"15591135",France,Male,37
"15623219",France,Male,33
"15655229",Germany,Female,35
"15805884",France,Female,41
"15668289",Spain,Male,32
"15568562",France,Male,40
"15773276",Spain,Male,63
"15622801",France,Female,27
"15779886",Spain,Male,24
"15713673",France,Female,33
"15783083",France,Male,27
"15742824",Germany,Male,42
"15621550",Spain,Female,50
"15799480",France,Male,34
"15625247",France,Female,34
"15755241",France,Female,52
"15575679",France,Male,24
"15668235",France,Female,41
"15683183",Germany,Female,45
"15684592",Spain,Male,42
"15591169",Germany,Female,49
"15653455",France,Female,38
"15732563",Germany,Female,33
"15656471",France,Male,33
"15598510",Germany,Male,27
"15766427",Germany,Male,52
"15785342",France,Male,25
"15641595",Spain,Male,43
"15798429",France,Male,29
"15648136",Germany,Female,28
"15812482",France,Male,27
"15790810",France,Female,41
"15687421",Spain,Male,67
"15765643",France,Male,37
"15654878",France,Male,29
"15686835",Germany,Female,57
"15768340",Germany,Female,19
"15673599",Spain,Male,32
"15689096",France,Male,47
"15684294",France,Male,50
"15615828",France,Male,34
"15746012",Spain,Female,28
"15615797",Germany,Male,59
"15788494",France,Male,31
"15793856",Spain,Female,36
"15629545",Spain,Female,41
"15661198",Germany,Male,34
"15715117",France,Female,39
"15701074",Germany,Male,35
"15793046",France,Female,35
"15623744",France,Male,34
"15611329",Spain,Female,35
"15740428",France,Female,35
"15781534",Germany,Female,35
"15618243",Spain,Female,43
"15784161",Germany,Male,39
"15700325",France,Female,24
"15659064",Spain,Male,37
"15658364",Germany,Female,40
"15704340",France,Female,37
"15793455",Spain,Female,55
"15579777",France,Male,41
"15632345",France,Female,35
"15814468",Germany,Male,50
"15754820",Germany,Male,35
"15707505",Spain,Male,31
"15699507",France,Female,25
"15799600",Germany,Male,48
"15794472",France,Female,27
"15646632",France,Male,38
"15676353",France,Male,35
"15566312",Spain,Female,42
"15570414",Spain,Male,41
"15776743",France,Male,43
"15674637",France,Female,68
"15730418",France,Female,32
"15739972",Germany,Female,45
"15661591",Germany,Male,39
"15675585",Germany,Female,25
"15814750",Spain,Male,34
"15593454",Spain,Female,40
"15663421",Spain,Male,28
"15576196",Spain,Female,48
"15677324",Germany,Male,73
"15568742",France,Female,41
"15693764",Spain,Male,52
"15714260",France,Female,38
"15798200",France,Male,35
"15656627",France,Male,34
"15791111",France,Female,47
"15638269",France,Male,67
"15807473",France,Male,38
"15708534",Spain,Female,64
"15640686",France,Male,46
"15588904",France,Male,33
"15768763",France,Male,37
"15770543",France,Male,37
"15642162",Germany,Male,35
"15714046",Spain,Male,33
"15575060",France,Male,24
"15812040",France,Male,36
"15812073",France,Female,31
"15706810",Germany,Female,32
"15584090",Spain,Female,40
"15810807",France,Female,43
"15582033",Germany,Male,44
"15687607",France,Female,30
"15588406",Spain,Female,37
"15784099",France,Female,38
"15701352",Spain,Female,28
"15789371",Germany,Female,41
"15602845",Germany,Male,41
"15707918",Germany,Female,36
"15602812",Germany,Female,44
"15675888",Spain,Female,33
"15591822",Spain,Male,26
"15738501",Germany,Male,48
"15585907",Spain,Female,30
"15579040",France,Female,46
"15804211",France,Male,36
"15736126",Germany,Male,55
"15745399",Spain,Female,49
"15760749",Spain,Male,41
"15637118",France,Male,33
"15657829",Germany,Male,30
"15738497",Spain,Male,44
"15690695",France,Female,33
"15762351",Spain,Female,63
"15791172",Germany,Female,21
"15598982",Germany,Female,53
"15734765",France,Female,20
"15642912",France,Female,21
"15769516",France,Female,42
"15789379",France,Male,26
"15695103",Spain,Male,37
"15801924",Spain,Female,27
"15767804",France,Male,44
"15718039",Germany,Female,47
"15579994",France,Male,23
"15595037",France,Male,47
"15600720",Spain,Male,41
"15782608",France,Male,43
"15566894",France,Male,39
"15749123",Spain,Male,45
"15668943",France,Male,37
"15577423",Germany,Female,39
"15623102",Spain,Male,38
"15728012",Spain,Female,40
"15683363",Spain,Male,39
"15699335",Germany,Female,33
"15574369",Spain,Male,53
"15703167",France,Female,45
"15754874",France,Male,26
"15723216",Germany,Male,33
"15725094",France,Female,37
"15647974",France,Female,44
"15583371",Spain,Male,37
"15772559",France,Female,47
"15711251",France,Male,45
"15719212",France,Male,33
"15764927",France,Male,92
"15731412",Germany,Female,37
"15719170",France,Female,30
"15596011",Spain,Male,34
"15614834",Spain,Female,31
"15600510",Spain,Female,37
"15625706",Germany,Male,45
"15781409",France,Female,28
"15722583",Spain,Female,29
"15677243",Spain,Male,43
"15815070",Germany,Female,44
"15705899",Spain,Male,35
"15701522",France,Female,29
"15755978",France,Male,31
"15722090",Spain,Male,51
"15783526",France,Male,36
"15632125",Germany,Male,45
"15688395",France,Male,29
"15666975",France,Female,36
"15682211",France,Male,57
"15637411",France,Male,30
"15591512",Germany,Female,33
"15606855",Spain,Male,26
"15763683",Germany,Male,32
"15641782",France,Female,31
"15677184",France,Female,35
"15775042",France,Female,23
"15616630",Germany,Female,41
"15800233",France,Female,40
"15588419",Germany,Female,34
"15595557",France,Male,22
"15626143",France,Male,37
"15566030",Germany,Male,41
"15701412",France,Male,40
"15702464",France,Female,34
"15573348",France,Male,35
"15704160",Spain,Male,49
"15693704",France,Female,24
"15664752",Germany,Male,39
"15628292",France,Male,32
"15621195",Germany,Male,41
"15668629",Spain,Male,44
"15635197",Germany,Male,26
"15592761",France,Male,40
"15574283",France,Male,31
"15598097",France,Male,44
"15711352",France,Female,31
"15620751",France,Male,34
"15656717",France,Female,30
"15643121",Germany,Female,35
"15723671",France,Male,35
"15752846",France,Male,28
"15640852",Germany,Female,39
"15789313",Germany,Female,44
"15793688",France,Male,50
"15770405",France,Female,27
"15702561",France,Male,32
"15625964",France,Female,43
"15761364",France,Male,30
"15590286",France,Female,40
"15587978",Germany,Female,37
"15773242",France,Male,32
"15761053",Germany,Male,48
"15702095",Spain,Female,56
"15764253",France,Male,32
"15700801",Germany,Male,42
"15730590",Germany,Female,40
"15643916",Spain,Male,46
"15720636",France,Female,50
"15795429",France,Male,24
"15609254",Spain,Female,41
"15625141",Spain,Male,26
"15810898",France,Female,65
"15775797",Spain,Female,32
"15795246",Germany,Female,51
"15795275",Spain,Female,49
"15571869",Germany,Female,50
"15694143",France,Female,41
"15748231",Germany,Male,35
"15632185",France,Female,42
"15806249",Spain,Female,31
"15743293",Germany,Female,35
"15598157",France,Male,34
"15700946",France,Female,34
"15722692",France,Male,38
"15696506",Spain,Male,27
"15728823",Spain,Female,37
"15808851",Germany,Female,75
"15675231",France,Female,45
"15732299",France,Male,67
"15706269",France,Female,47
"15590078",Spain,Male,27
"15776985",France,Female,36
"15756743",France,Female,37
"15782364",Spain,Female,39
"15604093",France,Male,34
"15749328",France,Female,45
"15656322",Germany,Male,33
"15685564",Spain,Male,35
"15785831",France,Male,35
"15796218",Germany,Male,29
"15716218",France,Female,45
"15572735",Spain,Male,27
"15633840",France,Male,20
"15608760",France,Female,30
"15627848",France,Male,38
"15792029",France,Male,32
"15617331",Germany,Female,39
"15651740",Spain,Female,30
"15636407",Germany,Female,34
"15607526",Germany,Male,50
"15632576",France,Male,31
"15581505",France,Male,35
"15612207",Germany,Female,51
"15707242",Spain,Male,40
"15721937",France,Male,38
"15773852",Germany,Male,38
"15719778",France,Female,32
"15650538",Germany,Female,48
"15797475",France,Male,44
"15780359",Germany,Male,25
"15737104",Germany,Female,47
"15789936",France,Female,33
"15709523",Germany,Female,30
"15593425",Spain,Female,54
"15776725",Germany,Male,54
"15604706",Germany,Male,38
"15790958",Spain,Male,38
"15747534",France,Male,46
"15574237",France,Female,21
"15690332",Germany,Male,35
"15661290",Germany,Female,38
"15651883",Germany,Female,55
"15808905",France,Male,37
"15715532",Germany,Male,38
"15786078",France,Female,28
"15652401",France,Female,36
"15673074",Germany,Female,30
"15598744",Germany,Female,71
"15785975",Spain,Female,60
"15613180",Germany,Male,21
"15584229",Germany,Female,23
"15773804",France,Male,39
"15699515",Germany,Male,33
"15705313",France,Female,33
"15693817",Spain,Male,28
"15673790",Germany,Male,45
"15674868",Spain,Female,30
"15692110",France,Female,33
"15645904",France,Female,33
"15581332",Germany,Female,30
"15808544",France,Female,40
"15734948",Spain,Male,24
"15654531",France,Male,22
"15637774",France,Male,32
"15677141",Spain,Male,29
"15739578",France,Male,49
"15697360",France,Female,36
"15655213",Germany,Female,51
"15580872",Germany,Female,38
"15683213",France,Female,35
"15801188",France,Female,47
"15645029",Spain,Female,33
"15633181",France,Male,31
"15598259",Germany,Female,41
"15576000",France,Male,40
"15766047",France,Female,41
"15596339",France,Male,54
"15715199",Spain,Male,27
"15615938",France,Female,64
"15679991",France,Female,28
"15626135",France,Male,34
"15792934",France,Male,26
"15744046",Spain,Male,33
"15700826",Germany,Female,54
"15756301",Germany,Female,29
"15586517",France,Male,32
"15751297",France,Male,36
"15710365",France,Male,50
"15679307",France,Female,43
"15610753",France,Male,28
"15811036",France,Male,46
"15610912",Spain,Female,41
"15619932",France,Male,66
"15746199",France,Female,41
"15584967",Spain,Male,57
"15734365",France,Male,39
"15726960",France,Female,36
"15665177",France,Male,44
"15779915",Spain,Male,31
"15729110",Spain,Female,42
"15575399",France,Female,42
"15678374",France,Female,59
"15792679",France,Male,24
"15668767",France,Male,36
"15761886",France,Male,36
"15583076",Germany,Male,41
"15815615",France,Male,36
"15591942",Spain,Female,33
"15724924",France,Female,37
"15762123",Spain,Female,34
"15567893",Germany,Male,33
"15648989",France,Male,37
"15662021",Spain,Female,42
"15691627",France,Female,37
"15731751",France,Female,26
"15635277",Spain,Male,47
"15655252",Germany,Male,41
"15803941",France,Male,46
"15714380",France,Male,38
"15666559",Germany,Male,23
"15799998",France,Female,30
"15703763",France,Male,44
"15795640",Germany,Female,35
"15780056",Spain,Male,33
"15777873",France,Female,31
"15584749",Germany,Male,39
"15765258",France,Female,29
"15623346",France,Male,36
"15614054",France,Male,36
"15766185",Germany,Male,31
"15667632",France,Female,42
"15599024",Spain,Male,32
"15798709",Spain,Male,32
"15741921",Spain,Female,26
"15793671",France,Male,34
"15797900",France,Male,56
"15667932",Spain,Female,43
"15795933",France,Female,49
"15660403",Spain,Female,35
"15736299",France,Female,36
"15759034",France,Male,36
"15724663",Spain,Female,36
"15594556",Spain,Male,52
"15737169",Spain,Male,26
"15632472",Spain,Female,32
"15722813",Spain,Male,30
"15588450",France,Female,60
"15736717",France,Male,31
"15680683",Spain,Male,29
"15710316",Spain,Female,48
"15746333",France,Female,57
"15606861",France,Male,34
"15641285",Spain,Male,50
"15662908",Germany,Male,38
"15814267",France,Male,22
"15614923",Spain,Male,41
"15579223",Germany,Male,30
"15651389",Spain,Male,24
"15677087",France,Female,39
"15665784",France,Male,27
"15576706",Germany,Male,37
"15615473",France,Female,33
"15587299",France,Female,48
"15655389",France,Male,41
"15784491",France,Female,31
"15809999",France,Female,41
"15681115",Spain,Male,39
"15629390",France,Male,37
"15792668",Germany,Male,37
"15583863",Germany,Male,49
"15681878",Germany,Male,45
"15782875",France,Male,33
"15732235",France,Male,64
"15735909",Germany,Female,39
"15653448",France,Male,34
"15587647",Germany,Female,66
"15701037",France,Male,39
"15727499",Germany,Female,36
"15724838",France,Female,43
"15666711",France,Female,46
"15588933",France,Female,36
"15763111",Spain,Female,67
"15805676",Spain,Male,29
"15586674",Spain,Female,58
"15744553",France,Male,34
"15776629",France,Female,39
"15647207",France,Male,26
"15715638",Germany,Male,77
"15750602",France,Male,29
"15766810",Germany,Female,51
"15756625",France,Female,41
"15639552",Germany,Female,40
"15633213",Spain,Male,50
"15610416",France,Female,36
"15715208",Germany,Female,33
"15619608",Germany,Female,50
"15628697",Spain,Male,46
"15643826",France,Male,32
"15718588",France,Female,37
"15709741",France,Male,28
"15723318",France,Female,55
"15717328",France,Female,37
"15665943",France,Male,25
"15771299",France,Female,57
"15706223",Spain,Male,38
"15612358",Germany,Male,35
"15769191",France,Male,55
"15618816",Germany,Female,40
"15730810",Spain,Male,44
"15783463",France,Female,26
"15616213",Germany,Female,51
"15611287",France,Female,30
"15786454",Spain,Male,55
"15768682",Spain,Male,39
"15766172",France,Male,34
"15637646",France,Male,31
"15653404",Spain,Female,24
"15690546",France,Female,42
"15735636",France,Female,53
"15605424",Spain,Male,38
"15568449",Spain,Male,38
"15688085",Spain,Female,28
"15683483",Spain,Male,38
"15659567",France,Female,39
"15766667",Spain,Male,36
"15624975",Spain,Male,28
"15660878",France,Male,92
"15586557",France,Male,41
"15746183",France,Female,27
"15631457",France,Male,37
"15754053",France,Female,67
"15645839",France,Male,37
"15689955",France,Female,40
"15593510",Germany,Female,33
"15654964",Spain,Male,48
"15594039",Spain,Male,42
"15625929",France,Female,44
"15815295",France,Female,38
"15621818",Germany,Male,29
"15652700",France,Male,39
"15636860",France,Male,43
"15569432",France,Female,48
"15751455",France,Female,48
"15800583",Spain,Female,43
"15770214",France,Female,27
"15613463",Germany,Female,50
"15587066",France,Male,38
"15693752",France,Male,37
"15714874",France,Female,42
"15657809",France,Male,55
"15651955",France,Male,31
"15570912",Germany,Female,32
"15640266",Spain,Male,41
"15652069",France,Male,30
"15596074",France,Male,37
"15800268",Germany,Male,37
"15809847",France,Male,46
"15599074",Spain,Female,40
"15599591",Germany,Female,39
"15776096",Spain,Male,34
"15611669",Germany,Male,50
"15694098",France,Female,54
"15713347",Spain,Male,48
"15713094",France,Female,25
"15811978",Germany,Male,46
"15799925",France,Male,60
"15692575",France,Male,38
"15743149",France,Female,35
"15776947",Spain,Male,43
"15700656",France,Male,32
"15594515",France,Female,44
"15787884",France,Female,30
"15577988",France,Female,35
"15795586",France,Male,35
"15677739",France,Male,36
"15720134",Germany,Male,30
"15688868",France,Female,26
"15642996",Germany,Female,42
"15771222",France,Female,42
"15605059",Germany,Male,63
"15568088",Germany,Male,44
"15795571",Spain,Male,36
"15662243",France,Male,50
"15593128",France,Female,56
"15589739",France,Male,41
"15787602",Spain,Male,39
"15685019",France,Male,29
"15704209",France,Female,39
"15605264",Germany,Male,47
"15708265",Spain,Female,24
"15740264",France,Male,38
"15615477",Spain,Female,44
"15727361",France,Female,51
"15760216",France,Female,49
"15806134",Germany,Male,34
"15601351",France,Male,43
"15669262",France,Male,43
"15696989",Germany,Female,52
"15688498",Germany,Female,21
"15686964",France,Female,34
"15625035",France,Male,50
"15618391",France,Male,33
"15591344",Spain,Male,42
"15605455",France,Male,40
"15680804",France,Male,29
"15768282",Germany,Male,36
"15685826",France,Male,30
"15793491",Germany,Male,26
"15797787",France,Male,36
"15611171",France,Male,33
"15601627",France,Male,33
"15734085",Germany,Male,24
"15809309",Spain,Female,40
"15809462",France,Male,30
"15634628",France,Female,33
"15775678",France,Female,44
"15579526",France,Male,42
"15779103",Germany,Female,39
"15738715",France,Female,37
"15593943",France,Female,43
"15754574",Spain,Male,36
"15737814",France,Male,41
"15670889",France,Male,34
"15629299",Germany,Female,52
"15771569",Germany,Male,46
"15811927",France,Female,38
"15785654",Germany,Male,45
"15665524",Spain,Male,41
"15736287",France,Male,33
"15765732",Spain,Female,24
"15797381",Germany,Female,48
"15598536",Germany,Female,26
"15664506",Spain,Male,32
"15575619",Spain,Female,32
"15587394",France,Male,39
"15654457",Spain,Female,30
"15762793",Germany,Female,36
"15658067",Germany,Female,48
"15642816",France,Female,27
"15693088",France,Female,37
"15793883",France,Male,28
"15665283",France,Female,57
"15680421",France,Female,42
"15695148",Spain,Female,37
"15636592",France,Male,35
"15772618",France,Male,25
"15724453",France,Male,23
"15565878",Spain,Male,29
"15609160",France,Male,32
"15678460",France,Male,30
"15662571",France,Male,35
"15606849",France,Female,27
"15670738",Germany,Male,45
"15662641",France,Male,19
"15727539",France,Female,31
"15651020",France,Female,25
"15673877",France,Male,39
"15760865",Germany,Female,48
"15687413",Spain,Female,38
"15705009",France,Female,56
"15657540",France,Male,50
"15707441",Spain,Male,26
"15694765",Germany,Male,49
"15649086",France,Male,42
"15650488",France,Female,48
"15760924",Spain,Male,41
"15700263",France,Male,66
"15806922",Spain,Female,41
"15637522",France,Female,31
"15636548",Spain,Male,44
"15566891",Germany,Female,41
"15627185",Germany,Male,29
"15754012",France,Female,35
"15627514",Spain,Female,46
"15661433",France,Male,34
"15610653",Spain,Female,38
"15667002",Spain,Male,43
"15709199",Spain,Female,40
"15710087",Germany,Female,54
"15679884",France,Male,48
"15784180",France,Female,36
"15808849",France,Male,40
"15751549",Germany,Male,31
"15588235",France,Female,24
"15640418",Germany,Female,41
"15721116",Spain,Male,24
"15599084",France,Male,33
"15773394",France,Male,38
"15625713",Spain,Female,39
"15766417",France,Female,60
"15622578",France,Male,34
"15799924",Spain,Male,43
"15618363",Germany,Male,29
"15637138",France,Male,34
"15781665",France,Female,37
"15804853",France,Female,48
"15651627",Germany,Male,39
"15680685",France,Male,30
"15808930",France,Female,37
"15570970",France,Female,42
"15679961",Spain,Male,46
"15705458",Spain,Male,39
"15750396",France,Male,33
"15679928",France,Female,31
"15711181",France,Female,50
"15698324",France,Female,33
"15807433",France,Female,43
"15636590",France,Male,46
"15628950",Germany,Male,25
"15617206",Germany,Male,42
"15603741",Spain,Male,40
"15742607",Germany,Male,36
"15747821",Germany,Female,31
"15612043",France,Male,36
"15809558",Spain,Male,31
"15803750",Spain,Female,33
"15704681",Germany,Male,37
"15667392",Spain,Female,38
"15738889",France,Male,42
"15598838",France,Female,37
"15579109",Germany,Male,35
"15799042",France,Male,38
"15697042",Spain,Male,35
"15696605",France,Male,49
"15802274",France,Female,44
"15596808",Spain,Male,33
"15705403",Spain,Female,46
"15732903",France,Male,39
"15581968",France,Female,33
"15683892",Germany,Female,26
"15595447",Spain,Male,39
"15569249",France,Female,55
"15656188",Spain,Female,30
"15689661",France,Male,22
"15644934",France,Male,26
"15721793",Germany,Female,50
"15761286",Germany,Female,66
"15658240",France,Female,44
"15706232",France,Male,52
"15583394",Germany,Male,39
"15715643",France,Male,44
"15644856",Spain,Male,38
"15785488",Spain,Female,39
"15711571",Spain,Male,42
"15778604",France,Female,47
"15751180",France,Female,40
"15748360",Germany,Female,34
"15770039",Germany,Male,39
"15685096",France,Female,50
"15669501",France,Male,35
"15622631",France,Male,44
"15586699",France,Male,32
"15702377",Spain,Male,48
"15577170",France,Male,60
"15769451",France,Female,44
"15811877",France,Female,36
"15648725",France,Male,41
"15752801",Germany,Male,29
"15808175",France,Female,39
"15681342",France,Female,35
"15589210",France,Female,24
"15696826",France,Female,32
"15614962",Spain,Female,50
"15689061",France,Male,68
"15640074",Spain,Female,47
"15776156",France,Male,27
"15739548",France,Male,28
"15662854",Germany,Male,48
"15687688",Germany,Female,32
"15715750",Germany,Female,44
"15571121",France,Female,50
"15726466",France,Male,43
"15660390",France,Female,33
"15663942",France,Female,38
"15638610",Germany,Female,65
"15644446",France,Female,28
"15585892",France,Female,35
"15609356",France,Female,25
"15803378",Spain,Male,44
"15599440",France,Female,34
"15692408",Spain,Female,35
"15683168",France,Female,30
"15790254",Spain,Male,50
"15767729",Spain,Male,25
"15768600",Germany,Male,50
"15699839",France,Male,36
"15786237",France,Male,28
"15694530",France,Male,28
"15796813",France,Male,54
"15605791",Germany,Male,29
"15714087",Germany,Female,45
"15711446",Spain,Female,51
"15588123",France,Female,27
"15748552",Germany,Male,37
"15618410",Germany,Male,26
"15672432",France,Female,53
"15610042",France,Male,33
"15580914",Spain,Male,48
"15583680",Spain,Male,41
"15813718",Spain,Male,45
"15767264",Germany,Male,53
"15686461",France,Female,56
"15678882",Germany,Male,37
"15789611",Germany,Male,46
"15668679",France,Male,31
"15631685",Germany,Male,60
"15655658",France,Female,48
"15753591",France,Male,38
"15617348",France,Male,44
"15704581",Germany,Male,34
"15738487",France,Male,26
"15648069",France,Female,36
"15737627",Germany,Female,20
"15731586",Spain,Female,31
"15757467",Spain,Male,57
"15597709",France,Female,39
"15720529",France,Male,29
"15596797",Spain,Male,43
"15681755",France,Female,32
"15815271",Germany,Male,43
"15682860",Spain,Male,38
"15621546",France,Female,33
"15705918",France,Male,31
"15684512",Germany,Female,72
"15671769",France,Female,71
"15642934",Germany,Female,35
"15594305",France,Female,32
"15789201",Germany,Female,35
"15706762",France,Female,41
"15766183",Germany,Male,76
"15777994",France,Female,39
"15568162",Spain,Male,53
"15680643",Spain,Female,42
"15761854",France,Female,24
"15730793",Germany,Female,54
"15692137",France,Female,46
"15608595",France,Female,39
"15709459",Spain,Female,63
"15775750",France,Male,37
"15585855",France,Male,40
"15752139",Germany,Male,36
"15768295",France,Female,34
"15766906",France,Female,25
"15725776",Germany,Male,24
"15682576",France,Male,67
"15704081",Germany,Male,30
"15719940",Germany,Female,51
"15672894",France,Female,36
"15667451",France,Male,36
"15636767",Spain,Female,32
"15571415",Germany,Male,56
"15575605",France,Male,38
"15649160",France,Female,38
"15615832",Spain,Female,35
"15600975",France,Female,54
"15690772",Spain,Female,48
"15565714",France,Male,47
"15763108",Germany,Male,53
"15723884",Spain,Male,40
"15644453",Germany,Female,41
"15655464",France,Female,67
"15783883",Germany,Female,38
"15787693",Spain,Male,38
"15664793",Spain,Female,50
"15642391",Germany,Male,51
"15756538",France,Female,37
"15668830",Spain,Male,24
"15796569",Spain,Female,44
"15677112",France,Male,39
"15815040",Germany,Female,42
"15590434",Spain,Male,41
"15597536",Spain,Male,45
"15723989",France,Male,40
"15767358",Germany,Female,45
"15594812",Spain,Female,37
"15688210",France,Female,39
"15681509",Spain,Female,28
"15572390",Spain,Female,39
"15801441",Germany,Female,35
"15783859",France,Female,24
"15575243",France,Female,39
"15773421",France,Female,42
"15788776",Germany,Male,49
"15765257",Spain,Male,31
"15661412",France,Male,32
"15636478",France,Male,31
"15603683",Spain,Female,23
"15651868",France,Male,34
"15815443",Spain,Female,46
"15682686",France,Female,38
"15697460",Germany,Male,34
"15748432",France,Female,32
"15698271",France,Female,26
"15808662",France,Male,44
"15690372",Spain,Male,38
"15781875",Spain,Male,33
"15801473",Germany,Male,33
"15704509",France,Male,35
"15694666",Spain,Male,48
"15731166",France,Female,30
"15728523",France,Male,41
"15788442",Spain,Female,57
"15689781",France,Female,49
"15764226",Germany,Female,28
"15809837",Germany,Female,66
"15805212",France,Female,67
"15716082",Spain,Male,39
"15643056",Germany,Female,38
"15654859",Spain,Female,63
"15761158",France,Female,54
"15577515",Germany,Female,55
"15723827",France,Male,30
"15646594",France,Male,41
"15712877",Spain,Male,36
"15598802",Spain,Male,30
"15699340",France,Male,37
"15691150",France,Female,32
"15608688",France,Male,34
"15737998",France,Male,46
"15735837",Spain,Male,36
"15659100",France,Male,33
"15609070",Germany,Male,45
"15650313",Germany,Male,65
"15627699",France,Male,32
"15591010",Germany,Male,55
"15798895",France,Female,59
"15745375",Germany,Male,23
"15775235",France,Female,36
"15780088",Spain,Male,34
"15649379",France,Female,46
"15713983",Germany,Male,34
"15709252",Germany,Female,28
"15699238",Spain,Female,40
"15732884",France,Male,29
"15587297",France,Male,33
"15684722",France,Male,34
"15621244",France,Male,36
"15744273",Germany,Male,30
"15682540",France,Female,33
"15636521",Spain,Female,30
"15785339",France,Female,50
"15638983",France,Female,38
"15654625",Germany,Male,39
"15697310",Germany,Female,28
"15678210",France,Male,38
"15575438",France,Male,42
"15632789",France,Male,30
"15621423",France,Female,42
"15573520",Germany,Male,49
"15740458",Spain,Male,36
"15762799",Germany,Male,23
"15686885",Germany,Male,44
"15565996",France,Male,44
"15662152",France,Female,38
"15711742",France,Female,34
"15701885",France,Female,40
"15774262",Germany,Male,52
"15567839",France,Male,42
"15644400",France,Male,44
"15797246",Germany,Female,34
"15778290",France,Male,70
"15708714",France,Female,33
"15586183",France,Female,35
"15761733",France,Female,42
"15773934",France,Male,33
"15705343",Spain,Female,32
"15593959",France,Male,28
"15664615",Germany,Female,30
"15671014",Spain,Female,72
"15657778",France,Male,33
"15585192",Spain,Male,39
"15592914",France,Female,29
"15770995",Germany,Female,47
"15570990",Spain,Female,30
"15596165",Germany,Male,25
"15788131",France,Male,47
"15800773",Spain,Female,28
"15690153",France,Female,37
"15638989",France,Female,25
"15623210",Germany,Female,55
"15652658",France,Male,36
"15684440",Germany,Male,32
"15730287",France,Male,41
"15720353",France,Male,41
"15767231",France,Male,36
"15761554",France,Male,54
"15706637",Spain,Male,40
"15690492",France,Male,41
"15694237",Spain,Male,39
"15729771",Germany,Male,31
"15609823",Spain,Female,34
"15793366",Germany,Male,35
"15614813",Germany,Female,46
"15566495",Spain,Female,24
"15707602",France,Female,47
"15635244",France,Female,29
"15805627",France,Male,37
"15607986",France,Male,40
"15799785",Germany,Female,30
"15699963",France,Male,38
"15624595",Spain,Female,35
"15629750",France,Male,35
"15651460",Spain,Male,34
"15753550",France,Female,43
"15594133",Spain,Male,62
"15772329",Germany,Male,45
"15591552",France,Female,32
"15750921",France,Male,37
"15701687",Spain,Male,44
"15728906",France,Male,77
"15670029",France,Female,33
"15763579",Germany,Female,36
"15728010",France,Male,37
"15663194",Germany,Female,40
"15736510",Spain,Female,57
"15745804",France,Male,25
"15631451",Spain,Female,28
"15746995",Germany,Male,31
"15730673",Germany,Male,40
"15734649",Spain,Female,55
"15701081",France,Male,36
"15632503",France,Female,32
"15585928",Germany,Female,31
"15648681",France,Female,47
"15747757",Germany,Female,58
"15718921",Spain,Male,32
"15571081",France,Female,41
"15734578",France,Female,53
"15579583",Spain,Female,40
"15622729",France,Female,46
"15662189",Spain,Male,33
"15692718",France,Female,38
"15762716",Spain,Female,60
"15724851",Germany,Male,31
"15587266",Germany,Female,27
"15675926",Germany,Male,34
"15706268",Germany,Male,51
"15581871",Germany,Male,42
"15666166",France,Female,74
"15671582",Spain,Male,38
"15680901",France,Female,34
"15642336",France,Female,42
"15653147",France,Male,35
"15571284",Germany,Male,32
"15591360",France,Female,33
"15810485",Germany,Male,37
"15611973",France,Male,55
"15735572",France,Male,59
"15567860",Spain,Female,44
"15795690",France,Male,31
"15706464",Spain,Male,35
"15725028",France,Male,29
"15751167",France,Female,43
"15633944",Spain,Male,32
"15672637",France,Female,30
"15680895",Spain,Female,35
"15793825",France,Male,39
"15611318",Spain,Male,33
"15768474",Spain,Male,34
"15716276",France,Female,34
"15623668",Germany,Male,31
"15696361",Germany,Male,31
"15607988",Germany,Female,37
"15637891",Germany,Female,43
"15789865",France,Male,28
"15627190",France,Male,51
"15788224",Germany,Male,45
"15702149",Germany,Female,33
"15708236",France,Female,72
"15568469",France,Male,43
"15764444",Germany,Male,58
"15794204",France,Male,28
"15807546",France,Female,38
"15782159",France,Male,28
"15618703",Spain,Female,53
"15793317",Spain,Female,22
"15740487",France,Female,41
"15722479",France,Male,37
"15688264",France,Female,43
"15583067",France,Female,36
"15686670",France,Female,36
"15593345",Germany,Female,33
"15811690",Germany,Male,54
"15734008",Germany,Male,59
"15771856",Spain,Female,32
"15762045",Germany,Female,37
"15778142",Germany,Female,31
"15689268",France,Male,36
"15721507",France,Female,32
"15750476",Spain,Male,24
"15810723",France,Female,39
"15787229",Spain,Female,34
"15570508",France,Male,49
"15617065",Spain,Male,42
"15689786",Germany,Male,56
"15648876",France,Female,34
"15802106",France,Male,34
"15773869",Spain,Male,59
"15711635",Germany,Female,42
"15795527",Spain,Male,43
"15759133",France,Male,18
"15679394",France,Female,41
"15801072",France,Female,28
"15646082",France,Female,34
"15796111",Germany,Female,54
"15670646",Spain,Female,42
"15578722",France,Male,39
"15815095",Spain,Male,54
"15730360",France,Male,30
"15763194",France,Male,34
"15720725",France,Male,28
"15567834",France,Male,49
"15720644",France,Male,27
"15811742",Spain,Male,42
"15813363",Spain,Male,25
"15717629",Germany,Male,42
"15713160",Spain,Male,25
"15568878",Spain,Male,34
"15809800",France,Female,38
"15736420",France,Male,21
"15757933",Germany,Female,30
"15623072",Spain,Female,35
"15683993",France,Female,37
"15570947",Spain,Female,29
"15797767",France,Female,49
"15731989",France,Male,36
"15591035",Spain,Male,54
"15586479",France,Female,36
"15605872",France,Male,73
"15666012",France,Male,40
"15641733",France,Female,34
"15593178",Spain,Female,36
"15649183",Spain,Female,35
"15736399",Spain,Male,42
"15751137",Germany,Female,36
"15757188",Spain,Female,26
"15726167",France,Male,37
"15624850",France,Male,30
"15717700",Spain,Male,34
"15716347",Germany,Male,37
"15696287",Germany,Female,38
"15638871",France,Male,77
"15765093",France,Male,23
"15592999",France,Female,40
"15641715",France,Male,34
"15607746",France,Female,36
"15625311",Germany,Female,41
"15573077",Germany,Female,25
"15735106",Spain,Male,28
"15672912",Spain,Female,39
"15589881",France,Female,41
"15660144",France,Male,38
"15664083",Germany,Female,37
"15690898",France,Male,44
"15808023",France,Female,29
"15676909",Spain,Female,34
"15764922",Spain,Male,20
"15766734",France,Male,31
"15795079",Spain,Male,67
"15757434",France,Male,28
"15673747",France,Female,22
"15808386",Germany,Female,45
"15603565",Spain,Female,56
"15744044",Germany,Male,47
"15577771",Germany,Female,40
"15769548",France,Female,37
"15802071",Germany,Male,35
"15677395",France,Female,39
"15632010",Spain,Male,33
"15779492",Spain,Male,56
"15694677",France,Male,39
"15704315",France,Male,34
"15742009",Spain,Male,58
"15766663",France,Male,22
"15742297",France,Male,35
"15688059",Germany,Female,42
"15752344",Spain,Male,34
"15698749",Germany,Female,23
"15631693",France,Male,36
"15604536",Germany,Female,31
"15802869",Germany,Female,45
"15635598",France,Male,29
"15592326",France,Male,36
"15736533",Germany,Female,37
"15647191",France,Male,36
"15622507",Germany,Female,40
"15765487",Germany,Female,38
"15646521",Spain,Female,36
"15746258",France,Male,29
"15692430",Germany,Male,36
"15625501",Germany,Male,38
"15640521",Germany,Male,33
"15790630",France,Female,48
"15664720",Spain,Male,33
"15750055",Spain,Male,32
"15644878",Spain,Female,43
"15754578",France,Female,35
"15705379",France,Male,38
"15761047",Germany,Male,31
"15671293",Germany,Female,37
"15687527",Spain,Male,35
"15647898",Spain,Female,50
"15671534",Germany,Female,57
"15591248",France,Female,29
"15676156",France,Female,32
"15812918",France,Female,27
"15604130",Spain,Female,47
"15700549",France,Male,54
"15715519",Spain,Male,36
"15707042",France,Female,24
"15605276",France,Female,29
"15630592",France,Female,45
"15636626",France,Male,35
"15740411",Germany,Male,30
"15593834",Spain,Male,36
"15804235",France,Female,37
"15679801",Spain,Female,39
"15673907",France,Male,20
"15636562",Spain,Male,44
"15702571",Germany,Female,35
"15627365",France,Male,46
"15748499",Germany,Male,33
"15598614",Spain,Male,20
"15668889",Germany,Female,43
"15800049",Spain,Female,43
"15583724",Spain,Female,29
"15622083",Germany,Male,30
"15645571",Spain,Male,32
"15598266",France,Male,40
"15667934",France,Male,36
"15569682",Germany,Male,37
"15772941",Germany,Male,30
"15586174",Germany,Female,30
"15803682",Germany,Female,37
"15627328",Spain,Female,26
"15717065",France,Female,35
"15602456",Germany,Female,47
"15721569",Germany,Female,55
"15573798",France,Female,36
"15638272",Spain,Male,32
"15799859",France,Male,50
"15599152",France,Male,31
"15737909",France,Male,44
"15646190",France,Female,56
"15711249",Spain,Male,22
"15671987",Spain,Male,35
"15812766",Spain,Male,40
"15778589",France,Male,34
"15750104",Germany,Male,43
"15784526",France,Male,44
"15646563",France,Female,35
"15744423",France,Male,32
"15593694",France,Male,49
"15785367",France,Female,56
"15687765",Germany,Female,42
"15789014",France,Female,26
"15703177",France,Female,35
"15660263",France,Male,40
"15776545",France,Male,28
"15683276",Spain,Female,37
"15599272",France,Female,36
"15589541",France,Female,27
"15608804",Germany,Male,49
"15645820",France,Male,27
"15659031",France,Female,36
"15790113",Germany,Female,71
"15652289",France,Male,47
"15605341",France,Female,58
"15697844",Spain,Female,32
"15652048",Germany,Male,44
"15587038",Spain,Female,32
"15660528",Spain,Male,27
"15700300",Germany,Female,44
"15642001",Germany,Male,44
"15580366",Germany,Male,54
"15657228",Germany,Male,37
"15729377",France,Male,36
"15686913",France,Male,38
"15631267",France,Male,50
"15632275",France,Male,29
"15715907",France,Male,64
"15764841",France,Female,35
"15748649",France,Male,40
"15771409",France,Male,58
"15779207",Germany,Male,30
"15814116",France,Female,42
"15665087",Germany,Female,26
"15611189",Spain,Male,43
"15729718",France,Male,41
"15733602",Spain,Female,72
"15620103",France,Female,40
"15770406",Germany,Male,35
"15800554",France,Female,81
"15611409",Spain,Male,35
"15646535",France,Male,46
"15575430",France,Female,33
"15711299",Germany,Female,52
"15642063",France,Male,40
"15706602",Spain,Female,33
"15592773",Germany,Female,51
"15786539",France,Male,32
"15737542",Germany,Female,36
"15590234",France,Female,42
"15773776",France,Female,38
"15728082",Spain,Male,28
"15609987",France,Male,42
"15735330",France,Male,37
"15649430",France,Male,28
"15768777",Spain,Female,34
"15777893",France,Male,43
"15791326",France,Male,34
"15615176",France,Male,26
"15735221",France,Female,42
"15617991",France,Male,29
"15658504",Germany,Female,62
"15785705",Germany,Female,44
"15801817",France,Female,38
"15752578",France,Female,37
"15781574",Spain,Male,76
"15792107",Spain,Female,35
"15569917",Spain,Male,30
"15721504",Spain,Male,41
"15757306",Spain,Male,49
"15647295",France,Male,34
"15642098",Spain,Female,36
"15696120",Spain,Female,30
"15675176",France,Male,51
"15700046",France,Male,41
"15782089",France,Male,33
"15706394",France,Male,53
"15759387",Germany,Male,38
"15623369",France,Male,52
"15732943",Spain,Male,36
"15750545",France,Male,44
"15809909",Spain,Female,54
"15642448",Spain,Male,28
"15791944",France,Male,32
"15768342",France,Male,52
"15567919",Germany,Male,37
"15674750",Spain,Female,37
"15778345",France,Female,33
"15687634",Germany,Male,49
"15666096",Spain,Male,27
"15581700",Germany,Male,43
"15656417",France,Female,39
"15649101",France,Male,40
"15781975",France,Male,34
"15700511",Germany,Male,42
"15770255",Germany,Female,33
"15643574",France,Male,26
"15595010",Spain,Female,39
"15580579",France,Female,40
"15748532",Spain,Male,42
"15773789",Spain,Female,38
"15600027",Spain,Male,33
"15620832",France,Female,35
"15568819",Germany,Female,42
"15748691",Spain,Female,30
"15583552",Germany,Male,44
"15588019",France,Male,28
"15713250",France,Male,33
"15569595",France,Female,50
"15794868",Germany,Male,40
"15576680",France,Male,29
"15613699",France,Female,60
"15609758",France,Female,45
"15762392",Spain,Male,30
"15693382",France,Male,31
"15791769",France,Female,29
"15712483",Spain,Female,28
"15636454",France,Female,60
"15710138",Spain,Male,39
"15571571",Germany,Female,31
"15638751",Spain,Female,41
"15598574",Spain,Female,31
"15796787",France,Male,46
"15615670",France,Male,36
"15705506",Spain,Male,38
"15599535",Spain,Male,28
"15768449",France,Female,37
"15725002",France,Male,37
"15611682",Spain,Male,37
"15749964",France,Female,27
"15678779",France,Male,33
"15752601",France,Female,40
"15758477",France,Female,32
"15629133",France,Female,27
"15604963",France,Male,39
"15796413",France,Male,46
"15812470",France,Male,61
"15587443",France,Female,69
"15689692",Germany,Male,19
"15779586",Germany,Female,46
"15667588",Spain,Female,40
"15624423",France,Male,28
"15591107",Germany,Female,68
"15748986",Germany,Male,42
"15793896",Spain,Male,40
"15620570",France,Male,43
"15727811",Germany,Female,47
"15707681",Germany,Male,38
"15702030",France,Female,29
"15673238",Germany,Female,59
"15604196",France,Male,32
"15769356",Germany,Female,23
"15665590",France,Male,46
"15572361",Germany,Female,34
"15667460",France,Male,31
"15654760",France,Male,40
"15632669",Spain,Female,32
"15613673",France,Male,28
"15698522",Germany,Male,39
"15741633",Spain,Male,32
"15674583",France,Male,25
"15665374",Spain,Female,31
"15588854",France,Female,31
"15810716",Germany,Male,42
"15776921",Germany,Male,45
"15569394",France,Male,24
"15788215",Spain,Female,30
"15641007",France,Female,38
"15594651",France,Male,38
"15575146",Germany,Male,51
"15608916",France,Male,40
"15666297",Spain,Female,53
"15598586",France,Male,31
"15665014",Spain,Male,36
"15701738",Germany,Male,44
"15650591",Germany,Male,50
"15652667",France,Male,39
"15679622",France,Male,35
"15730150",Spain,Male,37
"15813192",France,Male,25
"15606554",France,Male,29
"15611794",Germany,Male,61
"15672357",Spain,Male,38
"15711759",France,Female,29
"15615296",France,Male,39
"15699294",France,Male,30
"15788634",Spain,Female,37
"15660871",France,Male,28
"15618258",Spain,Male,37
"15722535",France,Female,33
"15711977",France,Male,36
"15690169",France,Male,31
"15790689",Spain,Male,32
"15665181",Spain,Male,25
"15633608",France,Male,33
"15805261",Spain,Male,29
"15740356",Germany,Male,26
"15808223",Spain,Male,41
"15769980",Germany,Female,40
"15675450",France,Male,48
"15776494",France,Male,61
"15592412",Germany,Male,45
"15777452",France,Female,46
"15692258",Spain,Male,31
"15791045",France,Female,38
"15807889",Germany,Male,74
"15602043",Germany,Female,46
"15807335",Spain,Female,64
"15629985",Germany,Female,47
"15679453",Germany,Female,39
"15637315",Spain,Female,41
"15691513",France,Male,60
"15622289",Spain,Female,36
"15715184",Spain,Female,31
"15702801",France,Female,29
"15719931",France,Male,31
"15806081",Germany,Female,48
"15796336",Spain,Female,34
"15647306",France,Female,29
"15742369",Spain,Male,31
"15655859",Spain,Male,35
"15675650",France,Female,39
"15574119",Spain,Female,64
"15754168",France,Female,40
"15763029",Germany,Male,46
"15765048",France,Male,30
"15786215",France,Male,56
"15707559",France,Female,30
"15582129",France,Male,62
"15687540",France,Male,32
"15787196",Spain,Male,46
"15670898",France,Female,60
"15775433",Germany,Male,71
"15700693",France,Male,68
"15677955",Germany,Male,33
"15570086",Germany,Male,18
"15794875",Spain,Male,35
"15673591",France,Male,44
"15631756",France,Female,35
"15757617",France,Male,55
"15612729",France,Female,63
"15637857",France,Female,31
"15681007",France,Female,35
"15593622",France,Male,43
"15629273",Germany,Male,42
"15765846",Spain,Female,31
"15596013",Germany,Female,58
"15722473",France,Male,41
"15774936",Germany,Male,41
"15685640",France,Female,41
"15566563",France,Female,30
"15768746",France,Male,33
"15689952",Spain,Male,41
"15725906",Spain,Female,51
"15634501",France,Male,60
"15571940",Spain,Male,22
"15741643",Germany,Male,35
"15806822",France,Female,36
"15701166",France,Male,40
"15718531",France,Female,35
"15628308",France,Female,24
"15585287",Germany,Female,35
"15781619",France,Female,38
"15805162",France,Male,25
"15588535",Spain,Female,39
"15775307",Spain,Female,38
"15777616",Germany,Male,28
"15692291",Spain,Female,42
"15680843",France,Male,34
"15606232",Spain,Female,36
"15641585",France,Male,40
"15684358",France,Male,41
"15806389",Germany,Female,55
"15641860",Germany,Male,34
"15814237",Germany,Male,30
"15808780",France,Female,34
"15767064",Spain,Female,36
"15751177",Germany,Female,44
"15613427",Germany,Female,49
"15647259",Spain,Male,35
"15748660",Germany,Female,49
"15726695",Spain,Female,20
"15757473",France,Female,27
"15809509",France,Male,29
"15715512",Germany,Male,29
"15614168",Germany,Female,50
"15679818",Germany,Male,67
"15609928",Germany,Male,43
"15731246",Spain,Male,40
"15685243",France,Female,63
"15638730",France,Female,21
"15697034",Spain,Female,22
"15699225",France,Male,46
"15677387",Germany,Female,33
"15759184",France,Male,34
"15595991",France,Male,54
"15681332",France,Female,43
"15756299",France,Female,64
"15750547",France,Male,26
"15566380",Spain,Female,33
"15675963",France,Female,57
"15674671",Spain,Male,76
"15621466",Germany,Male,38
"15607176",France,Male,22
"15570299",Germany,Female,31
"15613197",France,Male,40
"15798885",France,Male,56
"15714883",France,Female,25
"15604497",Germany,Male,44
"15773949",France,Female,36
"15774164",Germany,Male,33
"15774127",France,Male,46
"15619016",Germany,Male,46
"15795759",Germany,Female,52
"15798844",France,Male,54
"15717962",Spain,Male,63
"15691504",Germany,Female,52
"15693893",Germany,Male,59
"15672499",France,Male,34
"15750410",France,Female,25
"15568904",Germany,Male,34
"15649033",Germany,Female,55
"15780989",Spain,Male,43
"15771059",Germany,Female,34
"15687852",France,Male,30
"15695280",Germany,Male,24
"15592751",Germany,Female,63
"15598338",Germany,Female,33
"15735784",France,Male,38
"15629128",Germany,Male,42
"15642870",France,Male,58
"15637977",Germany,Male,25
"15600792",Spain,Male,29
"15576131",France,Male,40
"15686588",France,Female,28
"15761018",Germany,Male,50
"15616029",France,Male,32
"15761149",France,Female,44
"15802758",Germany,Female,23
"15647838",Germany,Female,51
"15735968",France,Male,41
"15581286",France,Female,40
"15625445",France,Female,36
"15600173",France,Female,33
"15635143",France,Male,42
"15664849",Spain,Male,46
"15762455",Spain,Male,33
"15797165",France,Male,56
"15788189",France,Female,41
"15780492",France,Male,42
"15678497",Spain,Male,48
"15588560",Germany,Female,32
"15606003",France,Female,21
"15611756",Germany,Female,47
"15789563",Germany,Female,46
"15702416",France,Male,43
"15766288",Germany,Female,36
"15667633",France,Female,38
"15622774",France,Male,34
"15755416",France,Female,27
"15769915",Spain,Female,20
"15643908",France,Female,49
"15627395",Germany,Male,41
"15679663",France,Female,36
"15651581",Germany,Male,68
"15596379",Germany,Male,39
"15746674",France,Female,47
"15801256",Spain,Male,49
"15663808",Germany,Female,59
"15598521",Germany,Female,33
"15621457",France,Male,27
"15764726",France,Male,22
"15646374",Germany,Female,28
"15716501",France,Male,32
"15589948",Spain,Male,28
"15811343",Germany,Male,35
"15659677",France,Male,47
"15594436",Spain,Male,33
"15748995",Spain,Male,30
"15677062",France,Female,38
"15697201",Spain,Female,46
"15666453",Germany,Female,29
"15693771",Spain,Female,45
"15569867",France,Female,29
"15711602",France,Female,36
"15717736",Germany,Female,46
"15750441",France,Male,36
"15732791",Germany,Male,32
"15775104",France,Female,38
"15757607",France,Male,45
"15793070",Spain,Female,41
"15760456",France,Female,38
"15665385",France,Male,44
"15612418",France,Female,38
"15727138",Spain,Male,46
"15732061",Germany,Female,45
"15776051",France,Female,45
"15616530",France,Male,36
"15632344",France,Female,42
"15744979",France,Female,36
"15745433",Germany,Female,30
"15683657",France,Female,31
"15718572",Germany,Male,57
"15665783",France,Male,49
"15652782",Germany,Male,48
"15707025",Spain,Female,31
"15647807",France,Male,40
"15718281",Germany,Male,67
"15660571",Spain,Male,43
"15727857",Spain,Male,41
"15639252",Spain,Male,30
"15628144",France,Female,72
"15683560",France,Female,40
"15653275",Spain,Female,54
"15622182",Germany,Female,28
"15613962",France,Female,38
"15618437",Spain,Male,34
"15783338",Spain,Male,32
"15764491",Spain,Male,35
"15712960",Spain,Male,37
"15688157",Germany,Female,39
"15579287",France,Male,35
"15570931",France,Male,61
"15615177",Spain,Male,28
"15809906",Germany,Male,26
"15652169",France,Male,35
"15649450",Germany,Male,24
"15777179",France,Male,35
"15803538",Spain,Male,56
"15610936",France,Male,33
"15590094",Germany,Male,38
"15572706",France,Male,37
"15634564",Spain,Male,31
"15684296",France,Male,34
"15702293",Spain,Female,35
"15642099",Spain,Male,39
"15773273",Spain,Male,38
"15613337",France,Male,47
"15800482",Spain,Female,33
"15732644",Spain,Female,54
"15713426",Germany,Male,30
"15640789",France,Male,38
"15598892",France,Male,30
"15606436",Spain,Male,38
"15751227",France,Male,47
"15812365",France,Male,40
"15616088",France,Female,70
"15803886",Spain,Male,31
"15587311",Spain,Male,33
"15617401",France,Male,22
"15775886",France,Male,36
"15807305",France,Male,39
"15761717",France,Male,26
"15628008",Spain,Female,29
"15583755",Germany,Male,33
"15661409",France,Female,42
"15774250",France,Male,42
"15681476",France,Female,39
"15654870",France,Female,45
"15790448",France,Female,35
"15785326",Spain,Female,35
"15592854",France,Male,25
"15617486",France,Male,52
"15806796",Germany,Female,33
"15644699",France,Female,40
"15622305",Germany,Female,33
"15608209",Germany,Male,33
"15626898",France,Male,30
"15644297",Germany,Male,38
"15731569",France,Male,81
"15582149",Germany,Female,34
"15802483",France,Male,34
"15686999",France,Female,40
"15772479",France,Male,37
"15778884",France,Female,38
"15623630",Germany,Female,56
"15774316",France,Male,37
"15695097",Germany,Female,30
"15645404",France,Female,51
"15750574",Spain,Female,34
"15636812",France,Male,40
"15712068",Spain,Male,45
"15652030",Germany,Male,49
"15577398",France,Male,30
"15756848",Spain,Male,42
"15806929",Germany,Male,36
"15656005",Germany,Male,31
"15722632",Germany,Male,50
"15794356",Germany,Male,42
"15659656",France,Male,35
"15588341",Spain,Male,47
"15709142",Germany,Female,30
"15627042",France,Female,26
"15627517",Spain,Male,27
"15803032",Germany,Male,38
"15665129",Germany,Male,33
"15628272",France,Female,36
"15678206",France,Male,46
"15678427",Germany,Female,27
"15678067",Spain,Male,45
"15793331",France,Male,32
"15699532",France,Male,51
"15605827",France,Male,39
"15643635",Spain,Male,32
"15787710",Spain,Female,39
"15614137",France,Female,40
"15754494",France,Female,33
"15713440",Germany,Female,21
"15803479",France,Female,67
"15709639",France,Female,22
"15601719",Germany,Male,24
"15772482",Germany,Male,28
"15591489",France,Male,26
"15629002",Germany,Male,36
"15798053",Spain,Male,32
"15753895",Spain,Male,37
"15595426",Spain,Male,57
"15645815",France,Male,45
"15632848",France,Female,36
"15703068",Germany,Male,41
"15791513",France,Male,41
"15587210",Germany,Female,44
"15793803",France,Male,34
"15787756",Germany,Male,51
"15723437",France,Female,35
"15702715",France,Female,34
"15809872",France,Male,32
"15644295",Spain,Female,39
"15778694",Germany,Female,26
"15759555",Spain,Male,41
"15631406",Germany,Male,50
"15616676",Germany,Male,23
"15771154",France,Female,73
"15669491",France,Female,46
"15697691",France,Female,41
"15665180",France,Female,31
"15752588",France,Male,36
"15743051",France,Male,30
"15571873",France,Male,24
"15679743",France,Female,33
"15769412",Spain,Male,39
"15775124",Spain,Male,37
"15732113",Spain,Male,50
"15578141",Spain,Male,38
"15595874",Spain,Female,36
"15755642",France,Male,34
"15576526",Spain,Male,36
"15792489",Spain,Male,42
"15733705",France,Female,30
"15807221",Spain,Male,21
"15573045",France,Male,62
"15756824",Germany,Female,50
"15773520",France,Female,43
"15627439",Spain,Female,36
"15701439",Spain,Female,50
"15785352",France,Male,37
"15616525",Spain,Male,31
"15717489",France,Male,23
"15795737",Spain,Female,47
"15693877",France,Female,47
"15576111",Germany,Male,33
"15595713",Spain,Male,33
"15808868",France,Female,31
"15708193",France,Male,33
"15697801",Germany,Female,56
"15770121",France,Female,34
"15800524",Germany,Male,29
"15686236",Germany,Female,47
"15659807",Spain,Male,41
"15736078",Germany,Female,33
"15620836",Germany,Female,34
"15698184",France,Female,50
"15717643",France,Female,34
"15776596",Spain,Female,39
"15814757",Spain,Male,31
"15812607",Germany,Female,46
"15663888",Germany,Male,34
"15748882",Spain,Male,29
"15690829",Germany,Male,49
"15695819",Germany,Male,43
"15696834",France,Female,29
"15797710",Germany,Male,29
"15700654",Germany,Male,44
"15583764",Germany,Male,31
"15688849",France,Male,48
"15661473",Germany,Male,51
"15601030",Germany,Female,34
"15789557",Germany,Female,27
"15745250",France,Male,58
"15590349",France,Female,36
"15741693",France,Male,40
"15618446",France,Female,50
"15766552",France,Male,37
"15668775",France,Male,47
"15757895",Germany,Male,30
"15774551",Spain,Male,36
"15684011",Germany,Male,29
"15736146",Germany,Male,28
"15656286",France,Male,33
"15774847",France,Male,50
"15619340",Spain,Male,38
"15815656",Germany,Female,39
"15623357",Germany,Male,24
"15601324",France,Female,48
"15715510",France,Male,29
"15663770",France,Male,38
"15779267",France,Male,47
"15597957",Spain,Male,66
"15584620",Germany,Female,36
"15750772",France,Female,38
"15706557",France,Female,52
"15594391",France,Female,68
"15661656",France,Male,38
"15631217",France,Male,40
"15588955",Germany,Female,43
"15758252",Germany,Female,45
"15740223",Germany,Male,51
"15805413",France,Female,31
"15635116",Spain,Male,60
"15764892",Spain,Female,51
"15795936",France,Male,50
"15655232",Germany,Male,35
"15640133",France,Female,34
"15751524",Germany,Female,36
"15670552",France,Female,31
"15623966",France,Female,35
"15752193",Spain,Male,34
"15607269",Germany,Female,49
"15700752",France,Female,32
"15777901",Germany,Female,43
"15639117",Spain,Female,34
"15720203",Spain,Male,28
"15586236",France,Male,31
"15676645",France,Male,45
"15715988",France,Male,35
"15603749",France,Female,53
"15608956",France,Male,33
"15733872",Germany,Female,33
"15666982",Germany,Female,38
"15602647",Germany,Male,39
"15623063",Germany,Male,35
"15682928",Spain,Male,39
"15729246",Spain,Male,31
"15588928",France,Male,47
"15803352",Germany,Male,33
"15607485",Spain,Female,29
"15656249",France,Female,34
"15761783",France,Male,41
"15716605",Germany,Female,24
"15757425",France,Female,38
"15603096",France,Male,33
"15588580",Germany,Female,36
"15770539",France,Male,30
"15572022",France,Female,36
"15571843",Spain,Male,24
"15752502",France,Male,41
"15609058",France,Male,23
"15775108",France,Male,34
"15708904",France,Female,37
"15600086",France,Male,48
"15814675",Germany,Female,39
"15572777",Spain,Male,47
"15585106",Germany,Female,38
"15738936",Germany,Male,29
"15750970",Spain,Male,40
"15725772",Spain,Female,36
"15692106",Spain,Female,25
"15791533",Spain,Male,42
"15715715",Spain,Male,38
"15785576",Germany,Male,71
"15798834",Spain,Female,32
"15744127",France,Female,37
"15637427",Spain,Female,25
"15576990",Germany,Female,25
"15615352",France,Male,31
"15647333",France,Male,27
"15572050",Germany,Male,48
"15581370",Spain,Male,38
"15813503",Spain,Male,37
"15769783",Spain,Male,37
"15793135",Germany,Female,24
"15599182",Spain,Female,33
"15689517",France,Male,27
"15641366",Germany,Male,61
"15588859",Spain,Female,44
"15732293",Spain,Male,31
"15568032",Germany,Male,31
"15623525",Spain,Male,31
"15606601",France,Female,22
"15800811",France,Male,40
"15610711",Germany,Female,40
"15809654",France,Female,46
"15576077",France,Female,27
"15643378",France,Male,42
"15566790",France,Male,28
"15774402",Spain,Male,36
"15694641",Spain,Female,59
"15605916",France,Female,50
"15812356",Germany,Female,40
"15644179",France,Female,39
"15771674",Spain,Female,39
"15623314",Germany,Female,59
"15613292",France,Male,21
"15813871",France,Male,47
"15759480",France,Female,40
"15587712",France,Male,36
"15671165",France,Female,66
"15620746",France,Male,42
"15706537",Germany,Female,59
"15589312",France,Male,30
"15741180",France,Male,54
"15733888",Spain,Female,36
"15798532",France,Male,32
"15577359",Spain,Male,47
"15614936",Spain,Female,49
"15747647",Spain,Female,27
"15588566",Spain,Male,33
"15570141",France,Female,34
"15800793",Germany,Female,39
"15572415",France,Male,34
"15635125",Spain,Male,63
"15636551",France,Female,29
"15600912",Germany,Male,32
"15768476",Spain,Male,31
"15650266",Germany,Male,39
"15621004",France,Male,32
"15748352",Spain,Male,34
"15788920",Germany,Female,32
"15743236",France,Female,61
"15637717",Germany,Male,41
"15635500",Germany,Male,75
"15634792",France,Female,40
"15607560",France,Female,39
"15727177",France,Male,42
"15774358",Germany,Male,59
"15791304",Germany,Male,25
"15603328",France,Male,27
"15804937",France,Male,50
"15804142",Spain,Female,57
"15608845",Spain,Female,38
"15702434",France,Female,30
"15632609",France,Female,39
"15603550",Germany,Female,37
"15755239",Germany,Male,32
"15670528",Germany,Male,43
"15732704",Spain,Male,25
"15589019",Spain,Female,33
"15677796",Germany,Male,47
"15760177",Spain,Male,37
"15636595",Spain,Male,37
"15737275",France,Male,39
"15672905",Spain,Female,40
"15753955",Spain,Male,34
"15708504",Germany,Male,50
"15592451",France,Male,32
"15790455",France,Female,50
"15572174",France,Male,29
"15656330",Spain,Female,32
"15569626",Spain,Male,35
"15608726",France,Male,24
"15637366",Germany,Female,25
"15778049",Germany,Male,29
"15727421",France,Female,38
"15688865",France,Female,35
"15751032",Germany,Female,37
"15734737",France,Male,56
"15746515",France,Male,36
"15664311",Germany,Male,28
"15708139",France,Female,40
"15768574",Spain,Male,58
"15738018",France,Male,40
"15699753",France,Male,41
"15703199",Spain,Male,38
"15627830",Germany,Female,30
"15570855",France,Male,38
"15772503",France,Female,33
"15584453",Spain,Male,32
"15710111",France,Male,33
"15618562",Germany,Female,40
"15706764",France,Female,35
"15798737",France,Male,38
"15712608",Germany,Female,42
"15636736",France,Female,53
"15703544",Spain,Male,34
"15815645",France,Male,37
"15705739",Germany,Male,32
"15709643",France,Male,32
"15669805",Germany,Female,31
"15737489",Spain,Female,46
"15775131",Spain,Male,32
"15765283",Germany,Female,40
"15628715",France,Female,36
"15813283",France,Female,34
"15745716",Spain,Male,53
"15598485",Spain,Male,40
"15696552",France,Female,21
"15754569",France,Male,57
"15701741",France,Female,39
"15572631",France,Male,25
"15636069",Spain,Male,28
"15682467",France,Female,36
"15790744",France,Female,34
"15625023",France,Male,40
"15731267",France,Male,37
"15742879",Spain,Male,38
"15757015",Germany,Female,41
"15770711",Germany,Female,28
"15569430",Spain,Female,36
"15617304",France,Male,40
"15704466",France,Female,34
"15664681",France,Female,35
"15605534",Germany,Female,51
"15792473",Germany,Female,50
"15802625",Germany,Male,48
"15766017",Germany,Male,58
"15762172",France,Female,39
"15728333",France,Male,43
"15792868",France,Male,69
"15605698",France,Male,58
"15777060",France,Female,33
"15626243",France,Male,30
"15719898",France,Male,36
"15599976",France,Female,27
"15752809",Spain,Male,43
"15589698",Germany,Male,42
"15609977",France,Male,47
"15750121",France,Male,38
"15734177",France,Male,33
"15781347",France,Female,41
"15592025",France,Male,53
"15670163",France,Female,27
"15765402",France,Female,39
"15624343",Spain,Female,50
"15602354",Germany,Male,33
"15579183",France,Male,64
"15584899",France,Female,35
"15723658",Spain,Female,30
"15803965",France,Male,55
"15682489",France,Male,27
"15813645",France,Female,36
"15766787",France,Female,35
"15687171",Spain,Male,34
"15690744",France,Male,43
"15707974",Spain,Female,38
"15673084",Spain,Male,38
"15814772",Germany,Male,49
"15743709",France,Male,30
"15610343",France,Female,37
"15737414",France,Male,35
"15788480",Germany,Female,33
"15568519",France,Male,41
"15792453",Spain,Female,42
"15658100",France,Female,42
"15695197",Germany,Female,25
"15749807",Spain,Female,31
"15773876",France,Female,34
"15591698",Germany,Female,49
"15712813",Germany,Male,43
"15763898",Spain,Female,46
"15793324",Spain,Male,32
"15757759",Spain,Female,28
"15796230",Germany,Female,36
"15611729",Germany,Male,39
"15709531",France,Male,38
"15650751",France,Female,30
"15641413",Germany,Female,49
"15753840",Spain,Female,32
"15669994",Germany,Female,31
"15695301",Spain,Male,44
"15792004",Spain,Female,26
"15603035",France,Male,34
"15717286",Spain,Female,40
"15577107",Spain,Female,22
"15754747",Germany,Male,33
"15705676",France,Female,35
"15751912",France,Male,36
"15677336",Germany,Male,57
"15684395",Spain,Female,45
"15659949",France,Male,31
"15812422",France,Male,41
"15806941",France,Male,60
"15637690",Germany,Female,34
"15632882",Germany,Male,37
"15807107",France,Male,32
"15661034",Germany,Female,29
"15811958",Germany,Male,44
"15785167",Spain,Male,29
"15646720",Spain,Female,55
"15658614",Germany,Female,38
"15704657",France,Male,39
"15567147",Spain,Male,40
"15701319",Germany,Female,37
"15745266",Spain,Male,55
"15650437",Germany,Male,32
"15764314",Germany,Male,36
"15612594",Spain,Male,25
"15593501",France,Female,36
"15804150",France,Male,34
"15649297",France,Female,62
"15641110",France,Male,41
"15660608",France,Male,44
"15806570",France,Female,53
"15715345",Spain,Male,25
"15755521",France,Female,48
"15579074",Germany,Male,38
"15641158",Germany,Male,32
"15752507",Germany,Male,60
"15597983",France,Male,69
"15586069",France,Female,30
"15655082",France,Female,48
"15720155",Germany,Male,29
"15582116",Germany,Female,45
"15749365",France,Female,34
"15632069",France,Male,39
"15663134",Spain,Male,58
"15766683",Germany,Male,36
"15707219",France,Female,28
"15709232",Germany,Female,47
"15801351",France,Male,40
"15578747",Spain,Male,26
"15675626",France,Male,28
"15583736",Germany,Male,36
"15590011",Spain,Male,38
"15609913",France,Female,46
"15719479",Spain,Female,56
"15575147",France,Male,22
"15597309",Spain,Male,36
"15648367",Germany,Female,29
"15758031",Spain,Male,38
"15751771",Germany,Male,32
"15689288",France,Female,26
"15731026",Germany,Female,39
"15775809",Germany,Female,26
"15743076",Spain,Male,29
"15658258",France,Male,43
"15756321",Spain,Female,52
"15706799",Spain,Male,44
"15775703",France,Male,26
"15642636",France,Male,29
"15704651",France,Male,26
"15806771",France,Female,40
"15566735",Germany,Female,36
"15681671",Germany,Male,28
"15775949",France,Female,38
"15586752",Germany,Male,33
"15582519",France,Male,47
"15658233",France,Female,41
"15755330",Germany,Male,41
"15605072",France,Female,43
"15617538",Spain,Male,40
"15591428",France,Male,29
"15692142",Germany,Female,48
"15692931",France,Male,22
"15781127",Spain,Female,33
"15677136",France,Female,23
"15677828",France,Female,34
"15567897",Germany,Male,23
"15793641",France,Female,70
"15678333",France,Female,26
"15630511",France,Female,33
"15792627",Spain,Female,33
"15717191",France,Male,49
"15625716",France,Female,33
"15710053",Germany,Female,44
"15580043",Spain,Female,22
"15601410",Spain,Female,46
"15684669",France,Female,41
"15619083",France,Female,35
"15692207",France,Female,53
"15730705",France,Male,37
"15749688",France,Male,32
"15728542",France,Female,71
"15760063",Spain,Male,23
"15658982",Germany,Female,28
"15758769",France,Female,44
"15778481",France,Male,59
"15661162",Spain,Male,49
"15568164",France,Female,34
"15601569",France,Female,40
"15772383",France,Male,36
"15667456",Spain,Male,62
"15672983",Spain,Female,27
"15799534",France,Male,71
"15582847",France,Male,26
"15612478",France,Male,51
"15709621",France,Male,31
"15802009",France,Female,33
"15698816",Spain,Female,33
"15574830",Germany,Male,58
"15603082",France,Male,51
"15685947",Germany,Male,42
"15643048",France,Male,66
"15807568",France,Male,50
"15597591",France,Male,29
"15747558",Spain,Female,38
"15756655",France,Female,34
"15589949",Spain,Male,34
"15601012",France,Female,60
"15724269",France,Male,25
"15567506",Germany,Female,40
"15791877",Germany,Male,34
"15794360",Germany,Female,70
"15686538",France,Female,41
"15585985",France,Male,48
"15699257",Spain,Male,42
"15804104",France,Male,28
"15727619",Germany,Female,46
"15740237",Germany,Male,36
"15801436",France,Male,42
"15705735",Spain,Male,43
"15649359",France,Male,36
"15624892",Germany,Male,37
"15784918",Germany,Male,35
"15584785",France,Male,37
"15797197",Spain,Male,29
"15574858",France,Male,37
"15794101",France,Female,48
"15743245",France,Male,42
"15791535",France,Male,28
"15605215",France,Male,48
"15771749",Germany,Female,38
"15616833",Spain,Male,27
"15750728",Spain,Female,42
"15769353",France,Female,40
"15770091",Germany,Male,28
"15716420",Spain,Male,39
"15740602",Germany,Female,27
"15796071",Spain,Male,29
"15811389",Germany,Female,35
"15783875",France,Female,34
"15671800",France,Male,20
"15677288",France,Male,50
"15633525",France,Male,29
"15634606",Spain,Male,52
"15579207",France,Male,37
"15619892",Spain,Male,18
"15567778",Germany,Female,54
"15711750",France,Female,34
"15751084",France,Female,29
"15768945",France,Male,27
"15586931",Spain,Male,39
"15636353",Spain,Male,35
"15623858",France,Male,45
"15703354",France,Female,33
"15663987",Spain,Male,30
"15780805",France,Female,35
"15768566",France,Male,34
"15643229",France,Female,31
"15754940",Spain,Male,43
"15676576",France,Female,43
"15800068",Spain,Female,46
"15648030",Spain,Female,33
"15668594",Germany,Female,25
"15728709",Germany,Male,40
"15724181",Spain,Male,47
"15647546",Germany,Female,40
"15702601",Germany,Male,30
"15567725",France,Female,46
"15674179",Germany,Male,34
"15686957",Germany,Male,35
"15607690",Germany,Male,47
"15806546",Spain,Male,46
"15632850",France,Male,37
"15709016",Germany,Female,47
"15638068",Spain,Male,32
"15749345",France,Female,22
"15791321",Spain,Female,58
"15699095",France,Female,24
"15638329",Germany,Male,25
"15575445",Spain,Male,41
"15752622",France,Female,32
"15774507",France,Female,39
"15570857",Germany,Female,39
"15599386",Germany,Male,28
"15744913",Spain,Male,36
"15647292",France,Male,63
"15728838",France,Male,45
"15584704",France,Male,48
"15749068",France,Female,40
"15622985",France,Female,39
"15587676",France,Male,30
"15779496",France,Male,64
"15733460",Spain,Male,36
"15711457",France,Female,28
"15795290",France,Female,42
"15611223",Germany,Female,38
"15794159",France,Female,26
"15780677",France,Female,59
"15690175",Spain,Male,45
"15722599",France,Female,37
"15569976",Germany,Male,65
"15707011",France,Male,47
"15702277",France,Male,34
"15801915",France,Female,31
"15580213",France,Female,43
"15637947",Spain,Male,32
"15715888",France,Female,38
"15732967",France,Male,19
"15737047",France,Female,45
"15694039",Germany,Female,46
"15649457",Germany,Male,41
"15742809",Spain,Female,29
"15637829",France,Female,34
"15633194",France,Female,41
"15611635",Spain,Female,39
"15638774",Spain,Female,40
"15722037",Germany,Male,36
"15672930",Spain,Male,37
"15668774",Germany,Female,23
"15780966",France,Female,32
"15659694",Germany,Female,53
"15624424",Spain,Female,49
"15708713",France,Male,35
"15755405",France,Male,43
"15647570",Germany,Male,45
"15684348",France,Male,63
"15702541",France,Female,59
"15646942",Spain,Female,39
"15748920",France,Female,49
"15694581",Spain,Male,42
"15643215",Germany,Male,38
"15649060",Germany,Female,31
"15774258",France,Male,40
"15731553",France,Male,23
"15617029",Spain,Female,30
"15780716",Germany,Male,39
"15577018",Germany,Female,26
"15809515",Germany,Male,32
"15789924",France,Female,39
"15725076",Spain,Female,27
"15672481",France,Male,37
"15574115",Spain,Female,41
"15661830",Spain,Female,36
"15665879",France,Female,40
"15673820",France,Male,33
"15747772",Germany,Male,36
"15666197",Germany,Female,38
"15773639",Germany,Male,35
"15581893",France,Male,43
"15672447",Germany,Male,40
"15777830",France,Female,42
"15713890",France,Male,44
"15577598",Spain,Male,23
"15786042",Germany,Female,44
"15753462",Germany,Male,30
"15759690",France,Male,42
"15801414",France,Female,35
"15656141",France,Male,39
"15608701",Germany,Male,29
"15582892",France,Male,46
"15632967",France,Male,34
"15587573",Germany,Male,27
"15654891",France,Male,30
"15611365",France,Female,32
"15749103",Germany,Female,47
"15810203",Germany,Female,44
"15813660",Spain,Male,40
"15605673",Spain,Female,29
"15669282",France,Female,20
"15792726",France,Female,25
"15593241",France,Male,43
"15683053",Spain,Female,48
"15632736",Germany,Female,30
"15731865",France,Male,27
"15760450",France,Male,43
"15787204",Spain,Female,43
"15650454",France,Male,57
"15573730",Germany,Male,42
"15705050",France,Male,30
"15791342",Spain,Male,31
"15684316",France,Male,43
"15700540",Germany,Female,38
"15770631",Spain,Male,25
"15790594",France,Female,27
"15604020",Germany,Female,36
"15637599",Germany,Female,44
"15736578",France,Male,39
"15666332",Spain,Female,48
"15727291",France,Female,40
"15785920",Germany,Male,35
"15658987",France,Female,46
"15687719",Spain,Female,37
"15799641",Spain,Male,39
"15758702",France,Female,55
"15689526",Germany,Female,35
"15586848",France,Male,38
"15707637",France,Female,56
"15719426",France,Male,67
"15639265",France,Male,54
"15576124",France,Male,41
"15757829",Germany,Female,40
"15633227",France,Female,28
"15753092",Germany,Male,35
"15782939",France,Male,42
"15746338",France,Female,40
"15590676",France,Male,34
"15599329",France,Female,49
"15783097",Germany,Male,27
"15597885",France,Male,43
"15597467",France,Female,71
"15724764",Germany,Female,42
"15778418",Germany,Male,40
"15684769",France,Male,67
"15756167",Spain,Female,43
"15632439",France,Female,39
"15755138",France,Female,32
"15659092",France,Female,50
"15742116",Germany,Female,48
"15801994",France,Male,31
"15647572",Spain,Male,34
"15644551",Spain,Female,37
"15709135",Germany,Male,30
"15684469",Germany,Male,32
"15627637",Germany,Male,23
"15667093",France,Male,37
"15690589",France,Male,37
"15595350",France,Female,31
"15777586",Spain,Female,42
"15804064",France,Female,35
"15717770",Spain,Female,55
"15754443",France,Female,35
"15776939",Germany,Female,48
"15713517",France,Male,39
"15683522",Germany,Female,37
"15673995",Spain,Female,65
"15771054",Spain,Male,35
"15578788",Spain,Male,40
"15737408",France,Female,41
"15750837",Germany,Male,41
"15576022",France,Male,38
"15635502",France,Male,44
"15627298",France,Male,37
"15811415",France,Female,44
"15645059",France,Female,28
"15689671",Spain,Male,27
"15718667",France,Male,35
"15803202",France,Male,51
"15593683",Spain,Female,30
"15703394",Spain,Male,27
"15570289",Germany,Male,43
"15567437",Germany,Female,30
"15711687",France,Male,41
"15656592",Germany,Male,48
"15634373",France,Male,30
"15769125",Spain,Female,41
"15711386",France,Female,29
"15714241",Spain,Male,42
"15642530",Germany,Female,47
"15713599",France,Male,30
"15744770",France,Male,44
"15780498",France,Male,34
"15624397",France,Male,43
"15615219",France,Male,59
"15570908",Spain,Female,29
"15762855",Spain,Female,23
"15661827",Spain,Female,45
"15746035",Spain,Male,25
"15691906",Germany,Female,49
"15793424",Spain,Female,28
"15577905",France,Male,34
"15667216",France,Female,29
"15673971",Germany,Female,44
"15701238",France,Male,47
"15644849",France,Female,32
"15635531",Spain,Female,30
"15632263",Spain,Male,30
"15720110",France,Male,32
"15619045",France,Female,43
"15697510",Spain,Female,52
"15784923",Germany,Female,37
"15567383",Germany,Female,44
"15732621",France,Male,34
"15757981",France,Male,66
"15727819",Spain,Female,34
"15738088",Spain,Male,63
"15765173",France,Female,60
"15665159",France,Male,61
"15618203",Germany,Male,51
"15791452",France,Male,39
"15638159",Spain,Female,36
"15585466",France,Male,29
"15677310",Germany,Male,62
"15646262",France,Male,31
"15656901",France,Male,59
"15621093",Germany,Male,31
"15592123",France,Male,30
"15589200",Spain,Male,34
"15602934",France,Female,33
"15812720",Germany,Male,37
"15695383",Spain,Male,44
"15723064",Spain,Male,24
"15761606",Spain,Female,37
"15650322",France,Female,34
"15669782",Germany,Male,39
"15751628",France,Male,60
"15809057",Spain,Female,27
"15617052",France,Male,34
"15590810",Germany,Female,41
"15801293",Germany,Male,27
"15770968",Germany,Female,19
"15572356",Spain,Male,73
"15603247",Germany,Female,35
"15619116",France,Female,36
"15691792",Spain,Male,35
"15783276",France,Female,25
"15766137",France,Male,34
"15574554",Germany,Male,66
"15578671",Spain,Female,29
"15716608",Spain,Male,38
"15690670",France,Male,33
"15630466",France,Male,45
"15630349",Spain,Male,23
"15803801",France,Male,34
"15647890",France,Male,37
"15606115",France,Female,52
"15714642",Spain,Female,40
"15741181",France,Male,41
"15773973",France,Male,41
"15758546",Spain,Male,39
"15598940",Germany,Male,38
"15669783",France,Female,60
"15624993",France,Female,36
"15760568",Germany,Female,38
"15699047",France,Female,21
"15616168",France,Female,35
"15773146",France,Male,26
"15770375",Germany,Female,26
"15589725",France,Female,51
"15710034",Germany,Male,43
"15800806",Spain,Male,31
"15570485",Spain,Male,40
"15575391",France,Female,37
"15790750",Germany,Male,36
"15714832",Germany,Male,36
"15619953",Spain,Female,42
"15673929",France,Male,64
"15578835",Spain,Female,50
"15752388",Spain,Female,35
"15797081",Germany,Female,49
"15570194",France,Male,29
"15580149",Spain,Male,41
"15777708",Spain,Female,38
"15769955",France,Female,40
"15810444",Germany,Female,39
"15645593",France,Female,41
"15765345",France,Male,35
"15760873",France,Male,50
"15794178",France,Male,34
"15589361",Spain,Male,34
"15662483",France,Male,43
"15809736",France,Male,46
"15731148",France,Male,33
"15774328",Germany,Male,40
"15646969",Spain,Male,33
"15718769",Spain,Male,36
"15610226",France,Female,27
"15616270",Spain,Male,42
"15790717",Spain,Male,35
"15635703",Germany,Female,39
"15616365",France,Female,53
"15630244",France,Male,40
"15734714",France,Female,29
"15721433",France,Female,38
"15590201",Spain,Female,50
"15590828",Germany,Male,42
"15752097",Spain,Male,38
"15800031",France,Male,43
"15630857",Spain,Female,39
"15689953",Spain,Male,43
"15759733",France,Female,26
"15810826",France,Male,36
"15668009",Spain,Male,37
"15743456",France,Female,32
"15725762",France,Male,24
"15761713",France,Female,43
"15769246",Germany,Male,59
"15781129",Spain,Male,38
"15599124",France,Female,29
"15639004",France,Male,72
"15810995",Germany,Male,34
"15653773",France,Female,38
"15708357",Spain,Female,38
"15733597",France,Female,41
"15789560",France,Male,42
"15699524",France,Female,30
"15626475",France,Male,30
"15810839",France,Male,34
"15684318",Germany,Female,50
"15768120",Germany,Male,36
"15712807",Spain,Male,46
"15696371",Spain,Female,24
"15675794",Germany,Male,47
"15774277",France,Male,43
"15603764",France,Male,49
"15618647",France,Male,29
"15614643",Spain,Female,39
"15707696",Spain,Female,28
"15749583",Germany,Female,38
"15815125",Spain,Male,45
"15779620",France,Male,36
"15768233",Germany,Male,37
"15637788",France,Male,23
"15777046",France,Female,39
"15788723",Germany,Female,49
"15790489",Spain,Male,34
"15739476",France,Female,32
"15612670",Spain,Female,46
"15631222",France,Female,39
"15658972",France,Female,40
"15724691",France,Male,34
"15740442",France,Male,51
"15760427",France,Male,40
"15677939",France,Female,41
"15611599",France,Female,71
"15633474",France,Male,51
"15671973",Spain,Male,39
"15790019",France,Male,35
"15737735",Spain,Male,40
"15661745",France,Male,36
"15797065",Spain,Female,32
"15710671",France,Male,34
"15656522",Spain,Male,32
"15705085",Spain,Female,29
"15744873",Germany,Female,48
"15781914",Germany,Male,32
"15637354",France,Female,24
"15717307",France,Male,31
"15746695",France,Female,39
"15804962",France,Male,36
"15665378",France,Female,46
"15757865",France,Male,62
"15578787",France,Female,52
"15794323",France,Male,32
"15697546",France,Female,36
"15629519",France,Female,37
"15624703",Germany,Male,35
"15570002",Germany,Female,55
"15808566",France,Male,46
"15805463",Germany,Male,32
"15709136",France,Male,28
"15801605",France,Female,39
"15567855",France,Female,29
"15675141",France,Female,35
"15665759",France,Female,69
"15761487",France,Female,55
"15700394",Spain,Female,26
"15631162",France,Male,32
"15630641",France,Female,37
"15585066",France,Female,43
"15722991",France,Male,54
"15737404",France,Male,31
"15722409",Spain,Male,47
"15806420",France,Male,34
"15658148",France,Male,38
"15810660",Germany,Male,34
"15709780",France,Female,37
"15727350",France,Female,37
"15752312",Spain,Male,49
"15616745",Spain,Male,35
"15572294",France,Male,28
"15674110",France,Female,43
"15662501",France,Male,48
"15649239",Spain,Male,46
"15700424",France,Female,35
"15636388",Germany,Female,23
"15713975",Germany,Female,47
"15592925",Spain,Male,42
"15581626",France,Male,54
"15641319",Spain,Male,50
"15723481",Spain,Male,42
"15787825",Germany,Male,37
"15710726",France,Male,52
"15627195",Germany,Male,26
"15657957",Germany,Female,26
"15676117",France,Male,44
"15607874",France,Male,38
"15796993",France,Male,52
"15649858",Spain,Male,37
"15811032",Germany,Female,58
"15679963",Germany,Male,43
"15579131",France,Male,25
"15572428",Germany,Female,33
"15622461",France,Female,51
"15636105",Spain,Male,61
"15583849",France,Male,40
"15718780",Spain,Female,32
"15739271",Germany,Male,33
"15697129",Spain,Female,43
"15763415",Germany,Male,41
"15796617",France,Male,29
"15626628",Spain,Female,31
"15765857",Spain,Male,41
"15742511",France,Male,35
"15786433",Germany,Female,35
"15685805",Spain,Female,35
"15627971",France,Female,32
"15783025",Germany,Male,37
"15726289",France,Male,25
"15802118",Spain,Male,41
"15607990",Spain,Male,43
"15695932",Spain,Male,36
"15812279",France,Male,37
"15687558",Germany,Female,31
"15729065",Germany,Male,28
"15698902",Germany,Female,42
"15570192",Germany,Female,40
"15809265",France,Female,35
"15745201",France,Female,43
"15580623",Spain,Male,28
"15578156",Spain,Male,32
"15631063",France,Female,33
"15692577",Germany,Female,38
"15810910",Spain,Female,38
"15723217",France,Male,37
"15733111",Spain,Male,32
"15610727",France,Male,36
"15792720",France,Male,33
"15723153",Spain,Male,33
"15802823",Spain,Female,38
"15756118",Spain,Male,20
"15684934",France,Male,31
"15776936",France,Male,40
"15729087",Germany,Male,54
"15786463",Germany,Female,59
"15717498",France,Male,42
"15718406",France,Male,41
"15799468",France,Female,34
"15626383",Spain,Male,60
"15597385",Spain,Male,41
"15570271",Spain,Male,31
"15690330",Germany,Female,40
"15680611",France,Male,67
"15810227",France,Male,34
"15807194",Spain,Male,34
"15712199",Germany,Female,61
"15694995",France,Male,23
"15723400",France,Male,28
"15654772",France,Female,47
"15574743",Spain,Male,29
"15807593",Spain,Female,36
"15686718",Germany,Male,37
"15695299",France,Female,45
"15722701",Germany,Male,18
"15799635",Spain,Male,51
"15742323",France,Male,39
"15658435",France,Female,27
"15586029",Germany,Male,34
"15772337",Germany,Female,49
"15807555",France,Male,45
"15603378",France,Female,36
"15792862",Germany,Male,41
"15657349",Germany,Female,50
"15777614",Spain,Female,44
"15653952",Germany,Female,38
"15724336",Germany,Female,49
"15689594",France,Male,29
"15801920",Germany,Male,39
"15653347",Spain,Male,47
"15749951",Germany,Male,27
"15648178",Germany,Female,23
"15738662",Germany,Male,41
"15640855",Germany,Male,40
"15584288",France,Female,33
"15760988",Germany,Male,33
"15569624",Germany,Female,31
"15597949",Germany,Female,47
"15604551",France,Female,35
"15617476",France,Female,30
"15645323",France,Male,55
"15793311",Germany,Female,46
"15764153",France,Female,33
"15802560",Spain,Female,48
"15728608",Germany,Female,34
"15770474",France,Female,33
"15724444",France,Female,38
"15753110",Spain,Male,64
"15711521",France,Male,39
"15632816",Germany,Female,49
"15693637",France,Female,30
"15725509",Germany,Male,30
"15684645",Germany,Male,41
"15692235",France,Female,38
"15777459",Spain,Female,32
"15656937",Spain,Male,26
"15610643",Germany,Male,44
"15777315",France,Male,43
"15611058",Germany,Female,60
"15630413",France,Female,41
"15635942",France,Male,40
"15648858",France,Female,27
"15810732",France,Female,36
"15705448",Germany,Male,52
"15730488",Spain,Female,27
"15620443",France,Female,81
"15741078",France,Male,54
"15753161",France,Female,36
"15711396",Spain,Male,40
"15593499",Spain,Female,47
"15579189",France,Female,42
"15743545",Spain,Female,29
"15791316",France,Male,35
"15608246",Germany,Female,36
"15676526",France,Female,34
"15813911",France,Female,39
"15630195",France,Female,40
"15736250",France,Male,38
"15671334",France,Male,31
"15574169",Germany,Female,32
"15718839",Germany,Female,38
"15762331",France,Male,37
"15606901",France,Male,43
"15713559",Germany,Female,32
"15768881",France,Male,29
"15743075",France,Male,35
"15660980",Spain,Male,38
"15810942",Germany,Female,61
"15728362",France,Female,29
"15683339",Spain,Female,34
"15685476",France,Male,31
"15663650",Germany,Male,52
"15617434",Spain,Male,38
"15622470",Spain,Male,41
"15703682",Spain,Male,33
"15727391",Germany,Male,29
"15711062",Germany,Male,40
"15567339",France,Male,73
"15760662",Germany,Female,29
"15605737",France,Male,36
"15692977",Germany,Female,36
"15672082",France,Male,62
"15600280",France,Female,32
"15804052",Spain,Male,23
"15576065",Spain,Female,40
"15796838",Spain,Male,58
"15693526",France,Female,40
"15748595",France,Female,29
"15679029",France,Male,33
"15753639",France,Male,37
"15604138",Spain,Male,34
"15666095",Spain,Male,51
"15643487",Spain,Male,39
"15764033",Germany,Female,43
"15747288",Spain,Female,40
"15790599",Germany,Female,39
"15737705",France,Female,27
"15737194",France,Female,33
"15726776",Spain,Male,36
"15804357",France,Male,40
"15664432",Spain,Female,49
"15688984",France,Male,20
"15583026",France,Female,38
"15771668",France,Male,59
"15779904",France,Female,29
"15784323",France,Female,21
"15756277",Germany,Female,43
"15663312",France,Female,35
"15793197",France,Female,34
"15731463",Germany,Male,43
"15621768",Spain,Male,45
"15691323",Germany,Male,40
"15781326",France,Male,35
"15595640",France,Male,37
"15814331",Germany,Female,43
"15602030",France,Male,28
"15747974",France,Male,49
"15611315",Germany,Female,23
"15636977",Germany,Male,36
"15690337",France,Female,27
"15680666",Spain,Female,39
"15679551",Spain,Female,46
"15778915",France,Female,32
"15568849",Spain,Female,31
"15747762",France,Male,32
"15753679",France,Male,24
"15750049",France,Male,40
"15606097",Germany,Male,63
"15802368",France,Female,47
"15767488",Spain,Male,36
"15669946",Germany,Female,46
"15612103",Germany,Female,35
"15645353",France,Male,26
"15650018",France,Female,43
"15659002",France,Female,45
"15616028",France,Male,30
"15660475",France,Female,54
"15652615",France,Male,39
"15653572",Spain,Male,43
"15628059",France,Male,61
"15703413",France,Female,38
"15610433",France,Male,35
"15770548",Germany,Female,28
"15645637",Germany,Female,39
"15590888",Spain,Female,34
"15568326",France,Female,44
"15655368",France,Male,47
"15665579",France,Female,28
"15676091",France,Male,42
"15716984",Spain,Female,56
"15715078",France,Male,35
"15569452",Germany,Female,58
"15628863",France,Male,38
"15778192",Spain,Male,28
"15793723",Germany,Male,32
"15798943",France,Female,46
"15764708",France,Male,30
"15791040",Spain,Male,58
"15631512",France,Female,26
"15640106",France,Male,40
"15710315",Germany,Male,29
"15771535",Spain,Female,37
"15611947",France,Male,34
"15670266",France,Female,28
"15609083",France,Female,26
"15567923",France,Female,30
"15788183",Germany,Female,43
"15735782",France,Male,31
"15774401",Spain,Male,51
"15737971",France,Female,30
"15758750",France,Male,31
"15611767",Germany,Female,52
"15643770",France,Female,52
"15744717",France,Female,44
"15570681",France,Male,24
"15792650",Spain,Male,36
"15605531",Spain,Female,38
"15605339",France,Female,37
"15672216",France,Female,40
"15812893",France,Female,39
"15624180",Germany,Female,37
"15701364",France,Male,30
"15762588",France,Male,31
"15806318",Germany,Female,48
"15712596",France,Male,31
"15600399",France,Male,60
"15576216",Germany,Female,37
"15620750",France,Male,28
"15623489",France,Female,67
"15667944",France,Male,39
"15584928",Germany,Female,32
"15779913",France,Male,27
"15644977",France,Female,31
"15749679",France,Male,39
"15629010",Germany,Female,35
"15768465",Germany,Male,35
"15767781",France,Male,38
"15635364",France,Female,49
"15722004",France,Female,31
"15766044",Germany,Male,49
"15586680",France,Male,27
"15635388",Spain,Male,47
"15655175",Germany,Male,40
"15639133",France,Female,50
"15799653",Germany,Female,32
"15723872",Spain,Female,46
"15775627",France,Male,35
"15630704",Germany,Male,32
"15815534",Spain,Male,37
"15697249",Germany,Female,25
"15681316",France,Female,41
"15682523",France,Male,20
"15650244",Spain,Male,29
"15648638",Spain,Male,34
"15795747",Spain,Female,39
"15607330",Spain,Male,42
"15624013",France,Female,39
"15800805",France,Female,31
"15667321",Spain,Male,49
"15601116",France,Male,32
"15622033",Germany,Female,41
"15758451",Germany,Male,37
"15688689",Germany,Female,37
"15652674",France,Male,20
"15806327",France,Female,40
"15649618",Germany,Female,39
"15677117",France,Female,61
"15751445",Germany,Female,52
"15749669",France,Female,31
"15656351",Spain,Male,60
"15667438",France,Female,38
"15682273",France,Female,38
"15580912",France,Male,32
"15785183",Spain,Male,29
"15705383",France,Male,35
"15712903",France,Female,21
"15774285",Spain,Female,47
"15583138",France,Male,42
"15740160",France,Male,31
"15793425",Spain,Female,33
"15749265",Germany,Male,42
"15623989",France,Male,54
"15604832",France,Male,29
"15584580",France,Male,35
"15573854",France,Male,62
"15614847",France,Female,45
"15679966",France,Female,31
"15799435",Spain,Male,34
"15752186",France,Female,27
"15705544",France,Male,61
"15713632",Spain,Female,48
"15586523",Germany,Female,29
"15609176",France,Female,32
"15769308",Germany,Female,36
"15676810",France,Female,31
"15634591",France,Male,33
"15679804",France,Male,36
"15677764",Germany,Female,74
"15571917",Germany,Female,38
"15574608",France,Male,36
"15740868",Germany,Female,45
"15702442",Germany,Female,56
"15699797",France,Male,30
"15648047",Germany,Male,27
"15766826",France,Male,26
"15591628",Germany,Male,41
"15583857",Spain,Female,43
"15752534",France,Male,36
"15741403",Spain,Female,38
"15783589",France,Male,40
"15598046",France,Female,39
"15643330",France,Male,37
"15680405",France,Male,40
"15728683",France,Male,27
"15621644",Germany,Male,83
"15733032",Spain,Male,47
"15608381",Germany,Male,50
"15658946",Germany,Male,40
"15757912",Germany,Female,37
"15645371",Germany,Female,51
"15653110",France,Male,42
"15766355",Germany,Male,49
"15585249",France,Male,42
"15611786",Spain,Female,69
"15575486",France,Female,27
"15780215",France,Male,31
"15686099",Spain,Male,61
"15739042",France,Female,35
"15815316",France,Male,50
"15778489",Germany,Male,71
"15786389",Spain,Female,41
"15601787",Germany,Male,35
"15624715",Spain,Female,40
"15763093",Germany,Female,35
"15572073",Spain,Male,35
"15780256",France,Male,34
"15659305",Germany,Male,19
"15638882",Germany,Female,62
"15714680",France,Female,78
"15777217",Spain,Male,25
"15739123",Germany,Male,50
"15594450",France,Male,49
"15797751",Germany,Female,47
"15691543",Germany,Male,58
"15722845",Spain,Male,29
"15605804",France,Male,45
"15702061",France,Male,29
"15694321",France,Female,28
"15798749",Germany,Female,43
"15720050",France,Female,28
"15758048",France,Male,50
"15805681",France,Male,41
"15802809",Spain,Female,36
"15807239",France,Female,34
"15749093",France,Male,43
"15689344",Spain,Male,42
"15606076",Germany,Male,63
"15610090",France,Male,40
"15693926",Spain,Male,37
"15791501",France,Male,43
"15621870",Spain,Female,40
"15734711",France,Male,42
"15814405",France,Female,46
"15729359",France,Female,29
"15606944",Germany,Male,43
"15671934",Germany,Male,39
"15641773",Germany,Male,45
"15701972",France,Male,35
"15749114",Spain,Male,35
"15780362",France,Female,49
"15753229",France,Male,29
"15656009",France,Female,36
"15785024",France,Female,40
"15670492",France,Male,28
"15795458",Spain,Female,39
"15732438",France,Male,43
"15781987",France,Male,31
"15775826",France,Male,30
"15807457",Spain,Female,36
"15632538",Spain,Female,32
"15641389",Germany,Male,48
"15657306",France,Female,47
"15709447",France,Female,26
"15762682",Spain,Female,35
"15626042",Spain,Female,26
"15597109",France,Male,70
"15756148",Spain,Male,45
"15665634",France,Female,38
"15739997",France,Female,23
"15686242",France,Female,57
"15759244",Germany,Male,44
"15672027",Germany,Female,33
"15594576",France,Male,32
"15707138",Spain,Male,39
"15756954",France,Female,32
"15619130",Germany,Female,37
"15639665",Spain,Male,61
"15571065",Spain,Female,39
"15686060",Germany,Male,43
"15615753",Germany,Female,35
"15800961",Germany,Male,52
"15763065",Spain,Female,40
"15672467",France,Female,52
"15752915",France,Female,34
"15744695",France,Male,39
"15584897",France,Female,31
"15601857",Germany,Female,46
"15674156",Germany,Male,69
"15695465",France,Female,36
"15792232",Spain,Female,43
"15807900",France,Male,36
"15743760",France,Male,31
"15652835",Spain,Female,27
"15767818",France,Male,55
"15591150",Spain,Male,34
"15734659",Germany,Female,46
"15796115",Germany,Female,40
"15724648",France,Male,26
"15737732",France,Female,44
"15632280",Spain,Female,53
"15750407",Germany,Female,43
"15795370",Germany,Male,37
"15656829",Spain,Female,33
"15643794",Spain,Female,27
"15798605",Germany,Male,26
"15637324",France,Female,28
"15589589",France,Male,34
"15778936",France,Male,33
"15757385",Spain,Female,28
"15666200",France,Female,40
"15683977",Spain,Female,72
"15675518",Spain,Female,53
"15584812",Spain,Female,39
"15752984",France,Female,70
"15577913",France,Female,32
"15591980",France,Male,33
"15598948",Spain,Female,24
"15574142",Germany,Female,28
"15582903",France,Male,39
"15733229",Spain,Female,34
"15635752",Germany,Male,38
"15771000",France,Male,38
"15804864",France,Female,27
"15641175",Germany,Male,63
"15692226",France,Female,31
"15584156",Spain,Male,27
"15702656",France,Female,33
"15606552",France,Male,37
"15687001",Germany,Male,54
"15781903",Germany,Male,41
"15731951",Spain,Female,28
"15580953",France,Male,30
"15810390",France,Female,41
"15628274",Germany,Male,35
"15615444",Germany,Male,28
"15784010",Germany,Male,33
"15571586",Spain,Male,29
"15748616",France,Male,27
"15769402",France,Male,27
"15739248",France,Male,52
"15603481",Spain,Female,55
"15723604",France,Male,39
"15797822",France,Male,28
"15665064",France,Male,36
"15640580",France,Female,47
"15581089",Spain,Male,35
"15728605",France,Male,40
"15737385",Spain,Female,46
"15714789",France,Male,24
"15786035",France,Male,39
"15815259",France,Female,56
"15592716",France,Male,52
"15734850",Spain,Male,36
"15638047",Germany,Female,45
"15674573",France,Female,25
"15694859",Germany,Female,28
"15776404",France,Male,22
"15579345",Germany,Female,74
"15690733",Spain,Male,45
"15631481",France,Male,51
"15620988",France,Male,46
"15571529",Germany,Female,48
"15592104",France,Female,41
"15651900",Germany,Female,53
"15596212",Spain,Male,35
"15710687",France,Female,33
"15613787",Spain,Male,35
"15599211",France,Male,40
"15675983",France,Female,36
"15622370",Germany,Male,30
"15656319",Spain,Male,37
"15605130",France,Male,32
"15672574",Spain,Female,32
"15659355",Spain,Male,32
"15777907",France,Female,33
"15655171",France,Male,80
"15619674",France,Female,35
"15775192",Germany,Female,48
"15617657",France,Female,36
"15688951",Germany,Male,43
"15763460",France,Male,33
"15756992",France,Male,37
"15617454",France,Female,25
"15701932",France,Female,52
"15700813",Germany,Female,25
"15645600",Spain,Female,27
"15634146",Germany,Male,18
"15686743",Spain,Male,29
"15698792",France,Female,48
"15591724",France,Female,44
"15571281",France,Male,28
"15661380",France,Male,69
"15728885",France,Male,41
"15618950",Spain,Male,26
"15609804",France,Male,29
"15735849",France,Female,26
"15652948",France,Male,33
"15618155",France,Male,45
"15566378",France,Male,48
"15565879",France,Female,28
"15792922",Spain,Male,38
"15770567",France,Female,32
"15738042",Germany,Male,37
"15714920",Germany,Male,44
"15782121",France,Female,27
"15673180",Germany,Female,18
"15660636",Spain,Female,40
"15664504",France,Male,35
"15790322",France,Female,32
"15739847",Germany,Male,38
"15699415",France,Female,46
"15665521",Germany,Male,18
"15682868",France,Female,40
"15584462",France,Male,34
"15661708",France,Female,41
"15584452",France,Male,41
"15717010",France,Female,60
"15643828",France,Male,29
"15733361",Germany,Female,45
"15795488",Spain,Male,52
"15581551",Spain,Male,41
"15632051",Germany,Female,42
"15780409",France,Male,40
"15572767",France,Male,29
"15590337",France,Male,29
"15634551",Germany,Male,46
"15669290",France,Male,38
"15621140",Spain,Male,37
"15613518",France,Female,35
"15728043",Germany,Female,37
"15570073",Spain,Male,57
"15777033",France,Male,29
"15682454",France,Female,34
"15758513",France,Male,43
"15772604",Spain,Male,36
"15721715",France,Female,40
"15688563",Germany,Male,31
"15772009",France,Female,41
"15809585",France,Male,38
"15593778",France,Female,29
"15655360",Germany,Female,72
"15780909",Germany,Male,34
"15757310",Germany,Male,67
"15801411",Spain,Male,46
"15761706",Spain,Female,39
"15658409",France,Male,41
"15810010",Germany,Male,36
"15627027",France,Male,39
"15624374",France,Male,28
"15720083",Spain,Male,42
"15752294",France,Female,38
"15743193",France,Male,37
"15696733",France,Male,29
"15677522",France,Male,33
"15643523",Spain,Female,30
"15624936",France,Male,35
"15716085",Spain,Female,41
"15641688",Spain,Male,18
"15796834",Germany,Male,35
"15720123",Spain,Male,37
"15604732",France,Female,30
"15723484",Germany,Female,42
"15807120",Germany,Female,52
"15810891",France,Male,34
"15640407",Germany,Male,45
"15778838",France,Male,38
"15709256",France,Female,28
"15742285",France,Male,62
"15729019",Spain,Male,34
"15608588",Germany,Male,41
"15610557",Spain,Female,35
"15786418",France,Female,20
"15653050",Germany,Female,76
"15744914",Germany,Male,42
"15669611",France,Male,71
"15594786",Germany,Male,34
"15649211",Spain,Male,40
"15766066",Germany,Female,28
"15772216",France,Female,67
"15619898",France,Male,55
"15724543",France,Male,61
"15755084",France,Male,37
"15730441",France,Male,26
"15666767",France,Male,35
"15690456",Germany,Female,32
"15570533",Germany,Female,55
"15797692",France,Female,33
"15603135",Germany,Female,59
"15698927",France,Male,39
"15687363",France,Male,31
"15733444",France,Female,29
"15678057",France,Male,44
"15806918",France,Male,28
"15638247",Spain,Male,44
"15674833",France,Female,35
"15812534",France,Male,40
"15586522",Spain,Male,37
"15794297",France,Male,36
"15737025",France,Male,33
"15615931",France,Female,37
"15664860",Spain,Female,47
"15664539",Spain,Male,35
"15583692",Germany,Female,35
"15693131",France,Female,24
"15779973",Germany,Male,35
"15620557",Spain,Male,37
"15639549",Germany,Female,33
"15618750",France,Male,31
"15796790",France,Female,47
"15668309",France,Female,40
"15732437",Germany,Female,44
"15665158",Spain,Male,27
"15689322",Spain,Male,31
"15596624",France,Female,22
"15601977",Spain,Male,44
"15801462",France,Male,31
"15566139",France,Female,37
"15791006",Germany,Female,34
"15668057",France,Female,31
"15580805",France,Male,27
"15658768",France,Female,49
"15613048",Germany,Female,40
"15803654",France,Female,31
"15662337",Germany,Female,50
"15650924",Spain,Female,32
"15647203",France,Female,35
"15682778",France,Male,34
"15579820",Spain,Male,38
"15709354",France,Female,41
"15728480",France,Female,35
"15641091",France,Female,31
"15603111",Spain,Male,71
"15679693",France,Male,31
"15797190",Germany,Female,40
"15788025",France,Female,38
"15646168",Spain,Male,33
"15580493",France,Male,33
"15726720",France,Female,40
"15735799",Germany,Male,58
"15773098",Spain,Male,34
"15668971",France,Female,40
"15603221",Germany,Male,32
"15740043",France,Male,32
"15712264",France,Female,39
"15751926",Germany,Male,42
"15589401",France,Female,30
"15742019",France,Female,39
"15660611",Spain,Male,39
"15607634",Germany,Male,40
"15595036",Germany,Male,30
"15745794",France,Male,30
"15781689",Spain,Male,35
"15696054",France,Male,37
"15752467",Spain,Male,34
"15597739",France,Male,37
"15651336",France,Female,32
"15636061",Germany,Male,78
"15723013",Germany,Male,28
"15784148",France,Male,62
"15578098",France,Male,31
"15638621",Spain,Male,39
"15720924",France,Female,34
"15566531",Germany,Male,33
"15718064",Spain,Male,29
"15605067",France,Male,19
"15655335",France,Male,36
"15607301",Spain,Female,63
"15694628",Germany,Female,39
"15607112",France,Male,32
"15635775",France,Male,33
"15644280",France,Male,45
"15708362",France,Male,63
"15771997",France,Female,31
"15730579",France,Male,68
"15728005",France,Female,57
"15791674",France,Female,34
"15754599",France,Male,42
"15693690",Spain,Male,52
"15728963",Germany,Female,51
"15659710",France,Male,25
"15658675",Germany,Male,37
"15638788",France,Male,32
"15609735",Germany,Male,51
"15771477",France,Male,49
"15570145",France,Female,23
"15797149",Spain,Female,36
"15636912",Spain,Male,38
"15687828",Spain,Female,31
"15667424",Germany,Female,43
"15759872",France,Male,22
"15572374",Spain,Male,36
"15754926",France,Female,30
"15687431",France,Female,41
"15604515",Germany,Female,22
"15682839",France,Female,57
"15624677",Germany,Female,37
"15646366",Germany,Male,41
"15701768",France,Male,32
"15623566",France,Male,40
"15681274",Spain,Female,56
"15762573",Spain,Female,34
"15706458",Germany,Male,39
"15654222",Spain,Male,30
"15704053",Spain,Male,62
"15724321",Germany,Female,47
"15621815",France,Female,40
"15724876",France,Female,38
"15696588",France,Female,36
"15612832",France,Male,32
"15804295",France,Male,41
"15712536",France,Female,36
"15662494",Spain,Male,43
"15807728",France,Female,45
"15764916",Germany,Female,43
"15615330",France,Male,23
"15638487",Germany,Male,38
"15627859",Germany,Male,29
"15622192",Spain,Male,39
"15789413",France,Male,64
"15583221",Germany,Male,70
"15768495",France,Female,32
"15644103",Spain,Male,78
"15741197",Spain,Male,22
"15664547",France,Male,37
"15797293",France,Female,25
"15572021",Germany,Female,29
"15637461",France,Male,35
"15620577",France,Male,45
"15609643",Germany,Male,32
"15785358",Germany,Male,46
"15603883",France,Male,36
"15782550",Germany,Female,41
"15775761",Germany,Female,69
"15680201",Germany,Male,24
"15767594",France,Female,35
"15591985",France,Female,51
"15789339",France,Male,59
"15781530",France,Male,21
"15705174",Germany,Male,68
"15572114",Spain,Male,40
"15804009",Germany,Male,36
"15662698",Spain,Female,43
"15696047",France,Male,35
"15701160",Germany,Female,43
"15790093",France,Female,27
"15632143",France,Male,31
"15736778",Germany,Female,60
"15734917",Germany,Male,21
"15643903",France,Male,27
"15569526",France,Male,40
"15777067",France,Male,64
"15795511",Germany,Male,39
"15610419",France,Male,33
"15644994",Germany,Male,54
"15703707",France,Male,44
"15659327",France,Male,49
"15771323",Spain,Male,39
"15750549",Germany,Male,30
"15698462",France,Male,36
"15739692",France,Male,42
"15744041",France,Female,26
"15700714",France,Male,29
"15777743",France,Female,39
"15623143",France,Female,43
"15712568",Spain,Male,40
"15617432",Germany,Female,40
"15650424",France,Female,48
"15728829",France,Male,18
"15680430",Germany,Female,49
"15687626",France,Male,39
"15609187",France,Female,27
"15609521",Germany,Male,34
"15752626",France,Male,32
"15571756",France,Female,28
"15814040",France,Female,45
"15658211",Spain,Female,39
"15742091",Germany,Female,35
"15787168",Spain,Female,28
"15772363",Germany,Female,42
"15659364",Spain,Male,23
"15738980",France,Male,43
"15794236",Germany,Male,22
"15721383",Spain,Male,40
"15652981",Germany,Male,30
"15722731",France,Male,46
"15640507",Spain,Female,35
"15578878",Spain,Female,30
"15744295",France,Male,40
"15776558",France,Male,31
"15596136",France,Female,36
"15704597",France,Male,33
"15648272",Spain,Male,35
"15594915",France,Female,36
"15581115",France,Female,39
"15763907",France,Female,39
"15705994",Spain,Male,27
"15772421",Germany,Female,31
"15711572",Germany,Female,31
"15691170",Spain,Female,29
"15600106",France,Male,36
"15745431",France,Male,34
"15649508",Spain,Male,48
"15812611",Spain,Female,30
"15619699",France,Male,31
"15813946",Germany,Male,51
"15762762",Germany,Female,45
"15629793",Spain,Male,28
"15781298",Germany,Male,39
"15622658",France,Female,26
"15658980",Germany,Male,26
"15701936",Germany,Male,28
"15686917",Spain,Female,40
"15807312",Spain,Male,33
"15574523",France,Male,39
"15724200",France,Male,38
"15738224",France,Male,32
"15593283",Germany,Female,48
"15814690",Germany,Female,64
"15807245",Germany,Female,41
"15799358",France,Female,46
"15616172",France,Male,31
"15777958",France,Male,39
"15809124",France,Male,38
"15616367",Germany,Male,39
"15687385",France,Male,41
"15607877",Spain,Male,26
"15736327",Germany,Female,46
"15746704",Spain,Male,30
"15778304",Germany,Male,24
"15588456",France,Female,40
"15664035",Spain,Female,38
"15596405",Spain,Male,25
"15815097",France,Female,34
"15762708",Spain,Female,38
"15776211",France,Female,34
"15626012",France,Male,26
"15792077",Germany,Male,28
"15718765",Spain,Male,43
"15576615",Spain,Male,37
"15752650",Spain,Female,37
"15797502",Spain,Male,24
"15687329",Germany,Female,32
"15779423",France,Male,39
"15619514",Germany,Male,40
"15615430",Germany,Male,55
"15716431",France,Female,30
"15798341",France,Male,38
"15651958",France,Male,27
"15726179",Germany,Female,43
"15652999",Germany,Male,33
"15691950",France,Male,49
"15632446",France,Male,24
"15620936",France,Male,32
"15587640",France,Female,43
"15782231",France,Male,38
"15580462",Spain,Male,40
"15736371",France,Female,34
"15648032",Spain,Male,37
"15610454",Germany,Female,33
"15671358",France,Male,44
"15747130",France,Male,39
"15578374",Spain,Male,36
"15572182",Germany,Female,33
"15770041",Spain,Female,43
"15669414",Germany,Male,62
"15777054",Germany,Male,42
"15621021",Spain,Female,40
"15785490",France,Male,50
"15577695",France,Male,41
"15686974",France,Female,48
"15574584",France,Male,33
"15719541",Spain,Male,31
"15646310",Spain,Male,24
"15697606",France,Female,21
"15711489",Spain,Female,32
"15670427",Spain,Male,37
"15731755",France,Male,49
"15796370",Spain,Male,40
"15598331",France,Female,40
"15704795",France,Female,77
"15796764",Germany,Female,56
"15589420",France,Female,40
"15810563",Spain,Female,61
"15746569",France,Male,38
"15811594",Spain,Female,28
"15645896",Germany,Male,39
"15802909",Germany,Female,56
"15797665",France,Female,27
"15778959",France,Female,36
"15722532",Spain,Female,36
"15784124",Germany,Male,41
"15776518",France,Female,38
"15611247",France,Female,28
"15721469",Germany,Male,45
"15773338",France,Male,58
"15784042",France,Male,55
"15776229",France,Male,44
"15655903",Spain,Female,34
"15590177",France,Female,44
"15568876",France,Female,34
"15813140",Spain,Male,41
"15770516",Spain,Female,44
"15755731",Germany,Male,53
"15574480",Spain,Male,31
"15798084",France,Male,26
"15673020",France,Female,49
"15643575",Germany,Male,36
"15596811",France,Male,36
"15786789",France,Female,29
"15578865",Germany,Female,50
"15605672",France,Female,38
"15603674",France,Male,36
"15759915",France,Female,31
"15686219",France,Male,38
"15696388",Germany,Male,38
"15713604",Germany,Male,40
"15647800",France,Female,34
"15813451",Spain,Male,18
"15765375",France,Female,46
"15774586",Germany,Female,43
"15603454",Germany,Male,28
"15653037",France,Male,77
"15782475",France,Female,42
"15593496",Spain,Female,36
"15808971",Spain,Female,57
"15791972",France,Female,20
"15676869",Spain,Male,36
"15683007",Germany,Female,25
"15659495",Spain,Male,23
"15703923",Germany,Male,41
"15674000",France,Male,44
"15618171",France,Female,33
"15732202",France,Male,34
"15735078",Germany,Female,53
"15798615",France,Female,47
"15638494",Germany,Female,39
"15763874",Spain,Male,46
"15696355",Germany,Male,37
"15655952",France,Male,47
"15739850",France,Male,45
"15611338",Spain,Male,29
"15707861",France,Female,46
"15672237",France,Male,25
"15657771",France,Male,37
"15677783",Spain,Male,38
"15681026",Germany,Female,33
"15566543",Spain,Male,44
"15594612",Spain,Male,44
"15814664",Germany,Male,33
"15642785",France,Male,34
"15690164",Germany,Female,33
"15590213",Spain,Male,35
"15603794",France,Male,48
"15733491",Germany,Female,40
"15806360",France,Male,41
"15587133",France,Male,42
"15721377",France,Female,34
"15747927",France,Male,26
"15806455",France,Male,27
"15695474",France,Male,33
"15666295",Germany,Male,50
"15656062",France,Female,33
"15579969",France,Female,32
"15703563",France,Male,40
"15692664",France,Female,58
"15719276",Spain,Male,35
"15672754",Germany,Male,42
"15768163",Germany,Female,46
"15656710",France,Male,40
"15696175",Germany,Male,35
"15586914",France,Male,36
"15581736",Germany,Male,47
"15588839",Spain,Male,30
"15589329",France,Male,30
"15605622",Spain,Male,28
"15798964",Germany,Male,33
"15769959",France,Female,53
"15657105",Spain,Male,36
"15569266",France,Male,28
"15719294",France,Female,29
"15606229",France,Male,39
"15569892",France,Male,35
"15584532",France,Female,36
"15682355",Germany,Male,42
"15628319",France,Female,28
