"customer_id","credit_score","estimated_salary"
"15634602",619,101348.88
"15647311",608,112542.58
"15619304",502,113931.57
"15701354",699,93826.63
"15737888",850,79084.10
"15574012",645,149756.71
"15592531",822,10062.80
"15656148",376,119346.88
"15792365",501,74940.50
"15592389",684,71725.73
"15767821",528,80181.12
"15737173",497,76390.01
"15632264",476,26260.98
"15691483",549,190857.79
"15600882",635,65951.65
"15643966",616,64327.26
"15737452",653,5097.67
"15788218",549,14406.41
"15661507",587,158684.81
"15568982",726,54724.03
"15577657",732,170886.17
"15597945",636,138555.46
"15699309",510,118913.53
"15725737",669,8487.75
"15625047",846,187616.16
"15738191",577,124508.29
"15736816",756,170041.95
"15700772",571,38433.35
"15728693",574,100187.43
"15656300",411,53483.21
"15589475",591,140469.38
"15706552",533,156731.91
"15750181",553,81898.81
"15659428",520,34410.55
"15732963",722,142033.07
"15794171",475,27822.99
"15788448",490,114066.77
"15729599",804,98453.45
"15717426",850,40812.90
"15585768",582,178074.04
"15619360",472,70154.22
"15738148",465,181297.65
"15687946",556,94153.83
"15755196",834,194365.76
"15684171",660,158338.39
"15754849",776,126517.46
"15602280",829,119708.21
"15771573",637,117622.80
"15766205",550,90878.13
"15771873",776,194099.12
"15616550",698,198059.16
"15768193",585,86424.57
"15683553",788,116978.19
"15702298",655,164040.94
"15569590",601,40014.76
"15760861",619,113410.49
"15630053",656,87107.57
"15647091",725,45613.75
"15623944",511,1643.11
"15804771",614,46775.28
"15651280",742,84509.57
"15773469",687,126494.82
"15702014",555,178798.13
"15751208",684,99398.36
"15592461",603,92840.67
"15789484",751,27758.36
"15696061",581,110431.51
"15641582",735,196673.28
"15638424",661,113656.85
"15755648",675,18203.00
"15703793",738,28373.86
"15620344",813,33953.87
"15812518",657,44203.55
"15779052",604,58426.81
"15770811",519,145562.40
"15780961",735,22388.00
"15614049",664,139161.64
"15662085",678,148210.64
"15575185",757,194239.63
"15803136",416,98301.61
"15706021",665,171413.66
"15663706",777,136458.19
"15641732",543,26019.59
"15701164",506,159235.29
"15738751",493,1907.66
"15805254",652,114675.75
"15762418",750,128643.35
"15625759",729,151869.35
"15622897",646,93251.42
"15767954",635,156791.36
"15757535",647,174205.22
"15731511",808,147132.46
"15809248",524,109614.57
"15640635",769,172290.61
"15676966",730,85982.47
"15699461",515,121277.78
"15738721",773,64595.25
"15693683",814,197276.13
"15604348",710,99645.04
"15633059",413,6534.18
"15808582",665,161848.03
"15743192",623,167162.43
"15580146",738,41970.72
"15776605",528,60536.56
"15804919",670,177655.68
"15613854",622,30984.59
"15599195",582,10054.53
"15812878",785,36976.52
"15602312",605,71862.79
"15744689",479,99449.86
"15803526",685,63082.88
"15665790",538,27231.26
"15715951",562,86797.41
"15591100",675,22994.32
"15609618",721,101300.94
"15675522",628,74169.13
"15705512",668,115638.29
"15698028",506,31766.30
"15661670",524,199725.39
"15600781",699,120834.48
"15682472",828,38131.77
"15580203",674,100130.95
"15690673",656,141069.88
"15760085",684,198129.36
"15779659",625,183646.41
"15627360",432,110265.24
"15671137",549,8636.05
"15782688",625,46824.08
"15575492",828,171378.77
"15591607",770,167256.35
"15740404",758,124226.16
"15718369",795,114935.21
"15677871",687,35608.88
"15642004",686,16459.37
"15712543",789,124411.08
"15584518",589,34941.23
"15802381",461,167784.28
"15610156",637,93165.34
"15594408",584,75161.25
"15640905",579,8590.83
"15698932",756,189543.90
"15724944",663,180427.24
"15628145",682,193318.33
"15713483",793,159123.82
"15612350",691,126213.84
"15800703",485,54141.50
"15705707",635,141075.51
"15754105",650,24495.03
"15703264",735,74836.34
"15794413",416,878.87
"15650237",754,89520.75
"15759618",535,149892.79
"15811589",716,180800.42
"15689044",539,98646.22
"15709368",614,109041.53
"15679145",706,17941.16
"15655007",758,82996.47
"15623595",586,92067.35
"15589975",646,104719.66
"15804017",631,112687.57
"15692132",717,84699.56
"15641122",684,83473.82
"15630910",800,47125.11
"15680772",721,106977.80
"15658929",683,55582.54
"15585388",660,139874.43
"15724623",704,162503.48
"15588537",615,196499.96
"15574692",667,40721.24
"15611325",682,53134.30
"15587562",484,164017.89
"15613172",628,155996.96
"15651022",480,5472.70
"15586310",578,112187.11
"15625524",512,146457.83
"15755209",484,27286.10
"15645248",510,130553.47
"15790355",606,179351.89
"15762615",597,94774.12
"15625426",754,8080.85
"15716334",850,19482.50
"15789669",510,48071.61
"15621075",778,174531.27
"15810845",636,55470.78
"15719377",804,8546.87
"15654506",514,95857.18
"15771977",730,194945.80
"15708710",525,131521.72
"15726676",616,196108.51
"15587421",687,148564.76
"15726931",715,92982.61
"15771086",512,17675.36
"15756850",479,114996.43
"15702741",601,86957.42
"15679200",580,128077.80
"15594815",807,600.36
"15635905",616,43001.46
"15777892",721,158591.12
"15656176",501,47847.19
"15811127",521,10488.44
"15604482",850,5978.20
"15622911",759,121409.06
"15600974",516,146145.93
"15727868",711,14374.86
"15627801",512,94670.77
"15773039",550,179670.31
"15755262",608,199304.74
"15679531",618,151954.39
"15684181",643,142513.50
"15612087",671,158264.62
"15752047",689,169381.90
"15624592",603,169915.02
"15573152",620,88852.47
"15594917",676,40645.81
"15785542",572,60427.30
"15723488",668,157959.02
"15680920",695,133007.34
"15786308",730,176576.62
"15659366",807,34888.04
"15774854",592,28737.71
"15725311",726,98178.57
"15787155",514,125010.24
"15727829",567,167984.61
"15733247",850,4861.72
"15568748",671,108872.45
"15699029",670,198252.88
"15774393",694,26960.31
"15676895",547,85746.52
"15637753",751,77206.25
"15605461",594,61048.53
"15808473",673,111981.19
"15627000",610,62232.60
"15787174",512,156105.03
"15723886",767,150135.38
"15704769",585,93146.11
"15772896",763,33462.94
"15711540",712,144375.00
"15764866",539,55803.96
"15794056",668,89048.46
"15795149",703,162812.16
"15812009",662,136259.65
"15651001",725,124052.97
"15813844",703,74158.80
"15596175",659,45071.09
"15576269",523,62030.06
"15797219",635,131953.23
"15685500",772,79414.00
"15599792",545,199638.56
"15657566",634,157577.29
"15772423",739,134420.75
"15628112",771,99805.99
"15753754",587,97932.68
"15793726",681,170968.99
"15694717",544,57558.95
"15665834",696,176713.47
"15765297",766,34283.23
"15636684",727,198637.34
"15592979",671,156917.12
"15750803",693,50457.20
"15607178",850,140075.55
"15713853",732,65323.11
"15673481",726,64323.24
"15686776",557,14956.44
"15673693",682,111879.21
"15700696",738,18606.23
"15813163",531,123137.01
"15653857",498,148528.24
"15777076",651,13898.31
"15717398",549,81259.25
"15799217",791,161051.75
"15787071",650,191599.67
"15619955",733,48559.19
"15796505",811,186339.74
"15725166",707,33159.37
"15800116",712,93883.53
"15758685",706,110899.30
"15694456",756,11199.04
"15767339",777,189992.97
"15683562",646,164255.69
"15782210",714,152167.79
"15668893",782,33949.67
"15669169",775,68143.93
"15643024",479,47251.79
"15699389",807,25885.72
"15708608",799,192633.85
"15626144",675,34577.36
"15573112",602,161229.84
"15790678",475,100816.29
"15727556",744,181694.44
"15697307",588,79078.91
"15652266",703,137316.32
"15607098",747,194926.86
"15655774",583,51285.49
"15590241",750,150401.53
"15785819",681,112491.96
"15723654",773,73656.38
"15774510",714,106636.89
"15684173",687,155853.52
"15650068",511,162599.51
"15811490",627,103737.82
"15803976",694,160990.27
"15682541",616,15462.84
"15695699",687,10334.05
"15624188",712,190686.16
"15812191",553,94440.45
"15636673",667,28257.63
"15594898",731,170034.95
"15660211",629,31824.29
"15773972",614,127166.49
"15746726",438,44937.01
"15712287",652,188603.07
"15702919",729,145111.37
"15674398",642,171463.83
"15797960",806,182822.50
"15631868",744,87213.33
"15581539",474,57175.32
"15662736",559,120540.83
"15666252",706,28714.34
"15677512",628,85426.28
"15626114",429,46170.75
"15810834",525,64448.36
"15678910",680,16278.97
"15694408",749,182855.42
"15585215",763,50404.72
"15682757",734,107640.25
"15736601",716,134132.65
"15601848",594,103480.69
"15736008",644,108761.05
"15669064",671,179012.30
"15624528",664,95145.14
"15598493",656,72143.44
"15601274",667,19162.89
"15702669",663,144680.18
"15728669",584,177772.03
"15742668",626,5597.94
"15697441",485,116828.51
"15740476",659,174652.51
"15648064",649,2010.98
"15636624",805,14109.85
"15807923",716,43527.40
"15745844",642,86099.23
"15786170",659,161574.19
"15681081",545,38970.14
"15684484",543,127587.22
"15785869",718,30380.12
"15763859",840,90908.95
"15658935",630,138275.01
"15747358",643,32171.79
"15735203",654,126143.23
"15576256",582,129892.93
"15659420",659,102416.84
"15593365",762,18719.67
"15777352",568,61936.22
"15812007",670,78358.94
"15625461",613,147224.27
"15739438",539,160979.66
"15611759",850,132298.49
"15661629",522,174248.52
"15633950",737,123547.28
"15592386",520,32790.02
"15803716",706,181543.67
"15696674",643,2319.96
"15706365",648,189543.19
"15745088",443,10940.40
"15676715",640,199493.38
"15613085",628,188193.25
"15633537",540,172572.64
"15594720",460,189339.60
"15684042",636,53512.16
"15583303",593,34004.44
"15611579",801,10598.29
"15774696",640,113428.77
"15694506",611,183487.98
"15688074",802,187658.09
"15759537",717,172459.39
"15758449",769,21016.00
"15583456",745,122381.02
"15667871",572,128123.66
"15677371",629,19570.63
"15629677",687,188150.60
"15713578",483,111020.24
"15591509",690,123775.15
"15568240",492,146700.22
"15622993",709,145251.35
"15689294",705,82463.69
"15720910",560,15928.49
"15721181",611,45886.33
"15776433",730,186489.95
"15748936",709,162922.65
"15717225",544,9262.77
"15685226",712,84932.40
"15785611",752,71557.12
"15573456",648,77405.95
"15684548",556,417.41
"15620505",594,71405.17
"15807432",645,153400.24
"15584766",557,371.05
"15612187",547,67789.99
"15762218",701,145894.90
"15646372",616,183840.51
"15690452",605,108887.44
"15747795",593,154071.27
"15781589",751,179291.85
"15732674",443,56937.43
"15642291",685,112239.03
"15692761",718,45909.87
"15578045",538,173779.25
"15745354",611,125696.26
"15701376",668,159585.61
"15691625",537,106761.47
"15566594",709,129590.18
"15760431",850,80006.65
"15686302",745,140451.52
"15801559",693,187929.43
"15810432",795,167155.36
"15809616",626,191420.71
"15720559",487,11384.45
"15695632",556,94898.10
"15659843",643,106781.59
"15615624",605,159508.52
"15810418",756,93524.19
"15716186",586,87168.46
"15674551",535,8128.32
"15622834",678,125518.32
"15566111",596,48963.59
"15784597",648,98368.24
"15652883",492,148584.61
"15806964",702,27474.81
"15576313",486,76192.21
"15806467",568,134600.94
"15597602",619,72467.99
"15743040",724,199645.45
"15705521",548,42749.85
"15595039",545,136050.44
"15799384",683,73564.44
"15581197",762,85578.63
"15693737",627,129826.89
"15624623",516,119666.00
"15783501",800,68052.08
"15690134",464,164104.74
"15782735",626,80190.36
"15611088",790,84126.75
"15672145",534,70179.00
"15732628",745,118024.10
"15787470",553,145704.19
"15803406",748,183049.41
"15730460",722,120906.83
"15644572",501,100433.83
"15694860",675,138777.00
"15658169",778,124694.99
"15794396",494,40084.32
"15785798",850,119232.33
"15710825",592,43921.36
"15668444",590,62222.81
"15726631",758,56577.00
"15733797",506,164253.35
"15747960",733,7666.73
"15634632",711,68487.51
"15707362",514,199273.98
"15662976",637,186062.36
"15732778",468,195711.16
"15718443",539,36692.17
"15670039",509,106920.57
"15773792",662,48725.68
"15613786",818,167036.94
"15726032",608,68777.26
"15663252",850,18924.92
"15593782",816,71905.77
"15633283",536,64833.28
"15749167",753,184843.77
"15759298",631,176730.02
"15683625",703,20629.40
"15635367",774,28415.36
"15681705",785,77231.27
"15603156",571,102750.70
"15591986",621,34580.80
"15798888",605,183598.77
"15809722",611,147358.27
"15677538",569,108469.20
"15797736",658,20612.82
"15695585",788,181196.76
"15744398",525,160249.10
"15750658",798,110783.28
"15578186",486,144995.33
"15676519",615,150227.85
"15637954",730,53718.28
"15758639",641,75248.30
"15613772",542,14353.43
"15731744",692,130486.57
"15807709",714,100127.71
"15714689",591,196356.17
"15699005",710,9983.88
"15624170",639,118974.77
"15725679",531,194998.34
"15585865",673,134901.34
"15804256",765,72924.56
"15662403",622,101057.95
"15733616",806,142838.64
"15591995",757,127059.04
"15677020",570,116503.92
"15727688",555,54405.79
"15715941",692,88721.84
"15714485",774,74135.48
"15730059",638,111346.22
"15715527",543,194902.16
"15576623",584,31474.27
"15805565",691,21198.39
"15677307",684,186976.60
"15773890",733,117202.19
"15598883",599,143739.29
"15568506",524,161811.23
"15761043",632,98090.91
"15782236",735,71095.41
"15593601",734,13107.24
"15682048",605,67110.59
"15746902",793,88225.02
"15752081",468,62256.87
"15781307",779,135925.72
"15775912",698,177815.87
"15745417",707,126471.13
"15671256",850,188574.12
"15653547",850,119175.45
"15595766",527,139093.73
"15742358",696,115916.55
"15763274",661,96463.25
"15786063",776,112349.51
"15600258",701,165303.79
"15573318",610,166031.08
"15653849",572,38411.79
"15694272",673,77783.35
"15736112",519,29871.79
"15749851",702,59747.63
"15663478",729,79919.13
"15592300",543,76773.53
"15567832",550,54018.93
"15776780",608,70649.64
"15592846",639,59093.39
"15739803",686,127569.80
"15794142",564,18260.98
"15762729",745,73275.96
"15667896",833,136129.49
"15626578",622,153237.59
"15776223",597,106841.12
"15705953",721,109078.35
"15802593",504,87822.14
"15615457",842,126644.98
"15708916",587,47414.15
"15720187",479,41879.99
"15595440",508,75808.10
"15600651",749,47911.03
"15750141",721,28737.78
"15657284",674,2079.20
"15763063",685,121562.33
"15709324",417,55003.79
"15711309",574,193131.42
"15775318",590,191932.27
"15705515",587,159418.10
"15634844",598,191468.78
"15717046",741,38913.68
"15571816",850,705.18
"15670080",584,138490.03
"15800440",650,82970.69
"15665678",607,76744.72
"15665956",509,71244.59
"15788126",689,12182.15
"15811773",543,141210.50
"15651674",438,191763.07
"15689614",687,37938.74
"15795564",737,74890.58
"15706647",761,166698.18
"15728505",601,62678.53
"15730076",651,67740.08
"15622003",745,161519.77
"15607312",648,159835.78
"15644753",848,30876.84
"15653620",546,14858.10
"15761986",439,75685.97
"15633922",755,144183.10
"15734674",593,65170.66
"15658032",701,82526.92
"15692671",701,169161.46
"15737741",607,109291.39
"15576352",586,6057.81
"15753719",547,77077.14
"15803689",647,54954.51
"15718057",760,179614.80
"15722010",621,35588.07
"15680998",725,117356.14
"15614782",526,160696.72
"15591047",519,147278.43
"15788291",713,56594.36
"15604044",700,1299.75
"15679587",666,25095.03
"15775153",630,146326.45
"15603925",779,38296.21
"15680970",611,164061.60
"15697183",685,107811.28
"15567446",646,30838.51
"15637476",683,9221.78
"15714939",484,33738.27
"15683503",601,110916.15
"15645569",762,169654.57
"15782569",687,69829.40
"15592387",566,54926.51
"15609286",702,94728.49
"15814035",601,80393.27
"15661249",699,111307.98
"15629117",584,19834.32
"15607170",699,78397.24
"15586585",698,86410.28
"15686611",495,172749.65
"15603203",650,1002.39
"15619857",605,13601.79
"15805062",667,77866.91
"15660271",688,175296.76
"15745295",727,121751.04
"15719352",754,89593.26
"15766575",612,193437.89
"15594594",546,86945.00
"15646161",673,183318.79
"15682585",593,71154.10
"15603134",656,151887.16
"15636444",535,75888.65
"15773456",678,89566.74
"15745307",477,26475.79
"15604119",850,126355.80
"15626900",427,93839.30
"15605447",752,7698.60
"15589030",649,145593.85
"15692463",799,45042.56
"15712403",589,61108.56
"15811762",583,57553.98
"15718673",839,62674.42
"15724282",540,12120.79
"15738181",850,50129.87
"15633648",696,55022.43
"15603323",660,117834.91
"15583725",682,168840.23
"15588350",744,24234.11
"15798398",785,190627.01
"15784844",752,156618.38
"15580684",706,42334.38
"15809663",583,110784.42
"15640078",660,173683.00
"15698786",819,27046.46
"15569807",673,20598.59
"15730830",752,104991.28
"15805112",578,8996.97
"15633064",438,64420.50
"15703119",652,145700.22
"15730447",629,196335.48
"15813850",720,14781.12
"15711889",668,108139.23
"15664610",459,19287.06
"15751710",729,9567.39
"15692926",498,132210.49
"15813741",549,21600.11
"15698474",601,199661.50
"15568595",544,124341.49
"15603065",751,15766.10
"15592937",632,33642.21
"15699637",694,117704.65
"15667215",678,58803.28
"15788659",695,137537.22
"15763218",661,131300.68
"15645772",661,84174.81
"15725511",559,160941.78
"15575024",503,143954.99
"15640825",695,56297.85
"15662397",640,8404.73
"15576368",624,30020.09
"15674991",667,58137.42
"15721024",642,47472.68
"15745621",640,19131.71
"15642394",529,187288.50
"15754605",563,17603.81
"15607040",593,67020.03
"15715142",739,147802.94
"15810978",788,41610.62
"15668886",684,44255.65
"15780804",482,78416.14
"15613880",591,137254.55
"15775238",651,151303.48
"15786905",749,86333.63
"15747867",583,89801.90
"15600337",661,29358.57
"15801277",715,181600.72
"15579334",769,124118.71
"15802741",625,38867.46
"15720649",641,31106.67
"15589493",716,67611.36
"15688251",767,77837.63
"15665238",745,6078.46
"15740900",589,177896.92
"15681068",796,123882.73
"15748625",664,15304.08
"15727299",445,76569.64
"15620204",543,120657.32
"15669516",746,16436.56
"15736534",742,107667.91
"15803457",750,95611.47
"15659098",669,19799.26
"15603436",594,123214.74
"15566292",574,71709.12
"15808621",659,149066.14
"15580148",750,20451.99
"15776231",626,32825.50
"15773809",620,6232.31
"15649423",580,10357.03
"15734886",686,147794.63
"15722548",540,116973.48
"15650288",634,129964.94
"15629448",632,92816.86
"15716164",501,172114.67
"15807609",650,16649.31
"15578977",786,144517.19
"15677369",554,182038.60
"15804072",701,24210.56
"15696859",474,172175.90
"15653780",621,47578.45
"15721658",672,150694.42
"15578761",459,177683.02
"15736879",669,66088.83
"15571973",776,169291.70
"15626742",694,117140.41
"15672692",787,79510.37
"15673570",580,77108.66
"15767432",711,9679.28
"15654238",673,81753.92
"15612525",499,131372.38
"15812750",591,25310.82
"15790757",769,187925.75
"15723873",657,98820.39
"15744607",738,64166.70
"15612966",545,176924.21
"15784209",497,90055.08
"15794278",816,72814.31
"15766741",525,168290.06
"15661036",725,161767.38
"15705639",692,44420.18
"15637414",618,37147.61
"15716835",546,125381.02
"15696231",635,149853.89
"15641675",611,161435.02
"15670755",650,102925.76
"15640059",606,70899.27
"15787619",844,145936.28
"15587535",450,54227.06
"15813034",727,59280.79
"15698839",460,126952.50
"15790314",649,130567.02
"15634245",758,73294.48
"15677305",490,3937.37
"15661526",815,2383.59
"15685997",838,14279.44
"15660101",803,141300.53
"15637979",664,78140.75
"15815364",736,117431.10
"15647099",633,72008.61
"15625944",664,60887.58
"15583212",600,194764.83
"15582741",693,88705.14
"15637876",663,35817.97
"15622750",742,31520.40
"15672056",710,157908.19
"15812351",710,142200.15
"15810864",700,182055.36
"15677921",720,157552.08
"15724296",684,120284.67
"15685329",531,24506.95
"15584091",742,47271.61
"15640442",717,41176.60
"15639314",589,9468.64
"15685320",767,123880.19
"15789158",636,158887.09
"15752137",648,117036.38
"15712551",622,120415.61
"15628936",692,16064.25
"15797227",754,52615.62
"15769974",679,121210.09
"15737051",639,192247.35
"15585595",774,68759.57
"15654060",517,75937.47
"15745196",571,84569.13
"15571221",747,190696.35
"15660155",792,67468.67
"15605284",688,104435.94
"15694366",714,47166.55
"15600739",562,119899.52
"15653253",704,173498.45
"15763431",698,93249.26
"15643696",611,142917.54
"15707473",850,111755.80
"15769504",743,108543.21
"15776807",654,180345.44
"15686870",761,99444.02
"15668747",702,109563.28
"15766908",488,92568.07
"15570134",683,37976.36
"15567367",601,103315.74
"15747542",605,173952.50
"15762238",671,34673.98
"15681554",614,46163.44
"15712825",511,140676.98
"15640280",850,151738.54
"15756026",790,14679.81
"15613319",793,175544.02
"15798906",628,181964.60
"15708917",598,136886.86
"15778463",657,122218.23
"15699430",618,180439.75
"15649992",681,190419.81
"15578980",516,58685.59
"15775306",421,89017.38
"15641655",700,50051.42
"15619708",745,146041.45
"15734565",696,191166.09
"15806438",580,103516.08
"15591969",497,164825.04
"15747807",720,172557.77
"15596939",659,84320.94
"15716155",841,122662.98
"15765311",642,72085.10
"15757811",732,110932.24
"15603830",600,143635.36
"15660602",464,3710.34
"15660535",680,179843.33
"15666633",758,10643.38
"15596914",630,131167.98
"15639788",577,10553.31
"15695846",684,130928.22
"15726234",708,157003.99
"15797964",732,138527.56
"15625881",634,167032.49
"15780628",633,41642.29
"15575883",559,9677.00
"15585036",694,147012.22
"15589488",686,80553.87
"15585888",553,30730.95
"15727915",507,140134.43
"15707567",732,91936.10
"15737792",818,178252.63
"15599433",660,198674.08
"15672012",773,28266.90
"15806983",640,92381.01
"15592222",505,135180.11
"15608968",714,27330.59
"15586959",468,125305.34
"15646558",611,149648.45
"15725811",705,59887.15
"15572265",646,45041.32
"15739189",561,45261.47
"15794048",667,113316.77
"15677610",511,39087.42
"15745012",653,7330.59
"15601589",675,95463.29
"15686436",523,167848.02
"15693864",567,93953.84
"15760550",741,174227.66
"15686137",456,135399.21
"15809087",598,195635.30
"15807663",667,97508.04
"15809100",548,188083.77
"15794916",725,116704.25
"15614215",717,97614.87
"15805449",594,186884.04
"15686983",678,131501.72
"15808017",545,24302.95
"15756804",636,110510.28
"15646810",603,108488.33
"15710424",435,197015.20
"15799422",535,27689.77
"15692750",629,9217.55
"15794549",722,15068.18
"15803764",561,7797.01
"15674840",645,4400.32
"15653762",501,182025.95
"15581229",502,122763.95
"15800228",652,38152.01
"15656333",574,63163.99
"15697497",518,73418.29
"15585362",749,17978.68
"15571928",679,115136.51
"15785519",565,149575.59
"15743007",643,60917.24
"15777211",515,142548.33
"15721935",521,157878.67
"15591711",739,12796.43
"15625021",585,18657.77
"15702968",733,134589.58
"15600462",542,10350.74
"15768104",788,66013.27
"15780140",435,5907.11
"15585255",577,74077.91
"15772781",703,77294.56
"15669987",728,54359.02
"15697000",728,156124.93
"15733119",718,94820.85
"15782390",621,155155.25
"15654700",523,128702.10
"15632210",657,22745.50
"15642041",727,71865.31
"15709737",643,84294.82
"15792388",645,149139.13
"15786014",568,185489.11
"15794580",599,176407.15
"15675964",672,92027.69
"15814275",685,43932.54
"15724848",516,115789.25
"15754713",685,125777.28
"15693814",806,18461.90
"15599660",604,79633.38
"15746490",648,121542.29
"15566091",545,94739.20
"15655961",756,93302.29
"15710404",569,193793.78
"15775625",596,74835.65
"15792328",475,56999.90
"15719856",646,57236.44
"15593773",784,81483.64
"15733114",552,26752.56
"15797748",729,9200.54
"15743411",609,22447.85
"15753337",555,189122.89
"15601026",572,16161.82
"15658485",785,68600.36
"15636731",714,447.73
"15628303",738,15650.73
"15633461",639,149599.62
"15677135",520,90304.01
"15590876",764,115676.38
"15790782",661,38812.67
"15700476",564,34338.21
"15634141",708,823.36
"15737795",512,135482.26
"15790299",592,10656.89
"15675316",619,116467.35
"15613630",775,96823.32
"15662100",850,171096.20
"15668032",577,79881.39
"15599289",724,157862.82
"15754084",710,127951.81
"15676521",696,191074.11
"15804586",376,157333.69
"15781465",675,133457.52
"15729362",745,130789.60
"15709295",697,128373.88
"15745324",599,194273.20
"15741336",715,5684.17
"15783659",659,131043.20
"15620981",684,21228.34
"15630328",635,43250.30
"15785899",789,4389.40
"15606149",571,189271.90
"15671139",694,102284.20
"15660429",665,156774.94
"15571002",706,69865.49
"15631681",807,85523.24
"15731522",771,51219.80
"15619529",531,7222.92
"15628034",629,23971.33
"15686164",850,132173.31
"15582797",685,113639.64
"15753831",642,39768.59
"15731815",529,108732.96
"15580956",683,117349.19
"15602084",663,78004.50
"15589805",563,152417.79
"15720893",637,26057.08
"15641009",544,79972.09
"15605926",649,107125.79
"15805955",638,47679.14
"15801488",723,134509.47
"15605918",635,153265.31
"15779711",750,179883.04
"15705620",730,138882.98
"15685357",750,9855.81
"15570060",586,67046.83
"15582616",520,56388.63
"15799515",652,77764.37
"15642937",550,130590.35
"15624729",594,151912.49
"15566156",749,151083.80
"15792360",668,777.37
"15807008",614,69454.24
"15704770",773,11723.57
"15756475",551,91565.25
"15655339",566,79616.37
"15613749",569,102299.81
"15664521",659,104533.51
"15681206",722,140765.57
"15745527",655,66214.13
"15806926",615,139816.10
"15724563",752,140139.28
"15782899",661,102297.15
"15623521",838,145765.83
"15810218",610,83912.24
"15645621",811,78439.73
"15608114",587,6776.92
"15659557",811,9903.42
"15787772",759,91561.91
"15691111",648,4027.02
"15592089",788,116111.51
"15633897",725,184023.54
"15701301",646,67124.48
"15723685",601,50070.59
"15701602",521,53793.10
"15573086",564,36721.40
"15569050",444,130009.85
"15750765",650,175380.77
"15799811",724,127847.25
"15698442",719,138231.70
"15655274",548,48673.18
"15603594",635,70668.77
"15585961",496,199505.53
"15686936",676,169583.18
"15770424",541,49063.42
"15587451",778,63337.19
"15602010",850,60083.11
"15600583",633,48606.71
"15654673",625,165580.93
"15717164",485,194010.12
"15765014",547,69263.10
"15682639",642,88698.83
"15729279",718,63030.97
"15759805",582,59668.81
"15767864",628,184230.23
"15769948",737,64050.19
"15686345",828,81853.98
"15688071",609,154642.91
"15681174",730,145679.60
"15667521",631,30781.77
"15750243",830,81622.52
"15695475",645,196474.35
"15689176",663,176276.10
"15652955",678,35113.08
"15668958",521,64299.82
"15631054",625,180969.55
"15581479",523,138176.78
"15577478",714,86733.61
"15780870",580,7418.92
"15692317",722,166376.54
"15593969",630,140881.20
"15570417",579,4460.20
"15779059",670,110472.12
"15785980",588,86460.28
"15644200",807,16500.66
"15793949",726,114020.06
"15645103",812,131660.31
"15705860",631,52449.62
"15623828",682,161465.31
"15715003",625,20018.79
"15623471",607,176318.27
"15798348",600,50488.91
"15743016",602,30379.60
"15769499",545,161326.73
"15798521",675,45348.08
"15706534",581,180251.68
"15706186",640,34925.56
"15812197",850,126555.74
"15650933",490,187921.30
"15692991",710,136390.88
"15631189",613,78566.64
"15762198",812,166038.27
"15699598",723,140385.33
"15692744",512,38629.30
"15688963",731,24998.75
"15599131",650,128815.33
"15680303",594,19376.56
"15628674",844,31904.31
"15648075",686,173179.79
"15586970",695,22485.64
"15625698",624,196668.51
"15790497",503,136506.86
"15682618",535,36278.89
"15762937",743,163254.39
"15750929",702,99654.13
"15729832",658,20207.02
"15633650",677,4195.84
"15748856",664,112340.20
"15589195",766,2035.94
"15699911",461,132295.95
"15663438",688,177383.68
"15692583",678,90284.47
"15591257",796,61349.37
"15646513",803,196466.83
"15708063",712,70758.37
"15696098",498,13892.57
"15645517",850,9684.52
"15649744",628,40546.15
"15604304",539,136603.42
"15784092",732,133172.48
"15585198",715,152821.12
"15624347",651,147715.83
"15621687",813,43169.15
"15689081",692,76755.99
"15813168",756,73406.04
"15604295",543,176728.28
"15724127",790,98309.27
"15673055",494,6203.66
"15768201",850,176791.27
"15782219",703,50679.48
"15746410",432,150580.88
"15780144",512,80120.19
"15590476",589,151645.96
"15624293",514,55072.32
"15618182",678,115068.99
"15660316",420,149471.13
"15678886",679,46522.68
"15616330",595,189995.86
"15592229",713,46369.57
"15798424",833,30722.52
"15714750",690,70810.60
"15648800",731,106663.46
"15626147",608,175836.03
"15626608",479,85646.41
"15723250",519,101485.72
"15592583",731,191734.67
"15759381",617,101839.77
"15585241",756,4888.91
"15589358",848,193132.98
"15672704",809,193518.76
"15789955",698,93982.02
"15596800",779,197000.92
"15627305",606,106837.06
"15645316",612,115161.28
"15593973",663,196260.30
"15647301",549,96404.38
"15750258",675,97658.66
"15685309",669,49108.23
"15628205",571,195651.66
"15733974",500,111698.00
"15762110",628,171707.93
"15706899",559,66721.98
"15732660",769,57876.05
"15656121",733,177994.81
"15614220",750,105125.65
"15645269",583,17439.66
"15698510",468,172668.39
"15569247",727,753.37
"15566251",618,98686.40
"15716134",617,107047.92
"15763625",793,152153.74
"15605965",630,34338.04
"15694821",765,173878.87
"15601688",546,159254.29
"15575581",614,54776.64
"15671209",593,134594.99
"15616529",613,41724.72
"15773906",655,110527.71
"15722993",700,8996.79
"15752463",826,190200.53
"15589754",652,115333.43
"15669899",755,143619.52
"15766887",538,58467.08
"15768006",729,12128.69
"15741295",615,49872.33
"15811327",700,139735.54
"15690007",434,60891.80
"15690664",729,100862.54
"15719348",513,76640.29
"15781802",755,126013.58
"15752731",615,87347.82
"15600997",747,77370.37
"15750776",850,62722.44
"15723907",712,196257.68
"15633419",622,81723.80
"15702430",548,31299.71
"15710456",607,63495.86
"15650351",653,166520.96
"15590820",699,150242.44
"15640454",693,27345.18
"15697789",647,87000.39
"15808182",478,44912.70
"15588670",705,179978.68
"15721292",719,145759.70
"15604217",726,14121.61
"15651369",626,66232.23
"15782454",552,190296.76
"15814032",807,172782.69
"15570326",621,99128.13
"15624428",651,178341.33
"15755638",673,146992.24
"15600992",652,151314.98
"15755649",584,92915.84
"15795228",756,58974.00
"15589257",670,174627.06
"15719302",765,79579.94
"15639882",528,50771.16
"15791279",701,153537.55
"15636935",797,132975.39
"15686909",639,85208.93
"15589572",785,170214.82
"15779947",363,100615.14
"15573769",764,186105.99
"15578866",676,55119.53
"15739131",718,28760.99
"15813444",590,171021.44
"15678058",584,176678.72
"15769169",645,28667.56
"15804602",772,197238.03
"15651052",399,139994.68
"15724334",529,151169.83
"15569451",463,118113.64
"15650098",630,34453.17
"15724307",780,64872.33
"15599268",584,10956.82
"15594864",752,36885.85
"15616451",697,168053.40
"15715667",850,155227.00
"15658969",711,38409.79
"15738174",452,75279.39
"15813590",610,158302.59
"15624229",694,11525.72
"15674148",579,94993.04
"15625080",745,173912.29
"15682528",572,41139.05
"15696900",505,58019.95
"15730038",706,164128.41
"15812272",693,46998.13
"15654654",725,177279.41
"15697625",791,75832.53
"15616280",536,61094.53
"15654229",699,30117.44
"15628298",500,179227.12
"15733387",707,52110.45
"15775572",531,75248.75
"15613844",557,184317.74
"15578515",659,158553.10
"15607598",575,95686.42
"15742480",775,71682.54
"15749482",772,1790.48
"15607537",587,139431.00
"15575410",667,118358.54
"15684865",771,130827.88
"15600700",523,119404.63
"15774155",662,162703.00
"15634267",717,172665.21
"15619626",746,170142.09
"15660422",569,73977.23
"15617934",579,60906.12
"15760774",519,194867.27
"15813132",696,193716.56
"15593331",693,14633.35
"15616709",587,31730.32
"15658052",626,20063.63
"15721189",666,99792.82
"15711288",512,37654.31
"15770030",689,192449.02
"15803681",803,181208.47
"15702789",548,155165.61
"15814930",588,121504.18
"15658306",693,61569.07
"15699523",499,123269.71
"15610383",628,31272.14
"15615032",624,62825.03
"15781989",733,184056.45
"15647402",628,48924.73
"15740494",633,191111.02
"15701265",559,54184.06
"15743532",704,64381.33
"15794870",744,78770.86
"15747591",665,116766.79
"15726557",638,32916.29
"15732199",837,50972.60
"15662291",534,122066.50
"15749050",548,65996.90
"15781586",837,79577.38
"15617078",658,130529.13
"15723339",554,172629.67
"15671322",724,15216.53
"15793854",723,17512.53
"15756539",585,131852.01
"15612064",474,181945.52
"15625916",562,91482.50
"15683195",719,77119.45
"15690182",635,95611.74
"15721719",743,80428.42
"15641690",681,163714.92
"15634896",521,27375.15
"15671590",741,73873.65
"15779182",790,139266.48
"15778287",622,131772.51
"15609510",669,173454.07
"15742229",583,67552.71
"15658532",520,34765.33
"15590993",579,120219.14
"15565701",698,90212.38
"15597239",548,164975.82
"15688880",672,1285.81
"15813917",653,83679.46
"15679611",734,34548.74
"15636589",794,74275.08
"15687752",641,7278.57
"15584363",824,162053.92
"15737748",534,199336.63
"15803365",653,62347.71
"15793247",498,91711.66
"15572360",683,79240.90
"15795166",618,76679.60
"15724620",538,162511.55
"15800856",643,21360.88
"15671097",428,54487.43
"15683930",593,53931.05
"15749004",718,103165.15
"15800434",811,146359.81
"15709117",823,28370.95
"15638806",645,10023.15
"15662294",710,192928.82
"15690079",591,50485.70
"15759317",748,131662.47
"15750497",850,152235.30
"15596181",542,68093.23
"15576602",809,80061.31
"15644833",675,149583.67
"15734634",607,7631.27
"15808689",850,33082.81
"15720702",789,121883.87
"15665077",598,100722.72
"15763612",756,47093.11
"15596493",687,177624.01
"15704483",724,106149.48
"15598846",700,16874.92
"15629244",635,54560.79
"15765537",687,153605.75
"15729975",613,44390.38
"15682773",781,63218.85
"15688007",703,41626.78
"15574331",593,24765.53
"15645572",743,28280.80
"15742854",640,89043.19
"15575417",849,17294.12
"15796721",778,126702.41
"15734942",539,13123.41
"15664772",489,167973.63
"15576683",568,125870.79
"15682563",618,91972.49
"15650889",710,155593.74
"15612108",625,67788.49
"15761132",682,62615.35
"15645511",727,107415.02
"15609824",794,166526.26
"15640268",652,120107.10
"15645778",670,188227.80
"15691104",460,91560.63
"15714567",568,166495.20
"15777826",643,165614.40
"15668445",521,86372.24
"15576162",615,2755.53
"15778135",575,83594.51
"15613141",717,103706.41
"15635435",648,5924.38
"15596552",535,58203.67
"15623644",626,49361.84
"15683403",611,73585.18
"15615029",734,95135.27
"15769005",709,38794.57
"15746326",591,198926.36
"15722364",664,56099.86
"15704954",431,117023.08
"15694409",647,62083.00
"15754068",578,141822.80
"15683841",555,185387.14
"15789095",775,57461.13
"15719958",850,120380.12
"15689514",625,133020.90
"15621353",645,13589.93
"15627232",608,77830.36
"15745843",689,136610.02
"15722902",652,17160.94
"15791767",769,176843.53
"15792722",611,114996.33
"15723006",489,196990.79
"15771942",528,133146.03
"15774738",632,185667.72
"15574004",429,24020.49
"15587233",457,185750.02
"15808228",768,178045.97
"15682834",715,199857.47
"15571752",668,43595.90
"15743067",625,122810.53
"15714466",846,3440.47
"15617982",661,35989.41
"15696637",571,17163.75
"15690647",582,44506.09
"15672756",716,17848.30
"15704586",758,76209.56
"15674526",725,141476.56
"15775295",630,60032.46
"15684196",627,100686.11
"15727281",653,96429.29
"15787835",775,15795.88
"15730540",794,116547.31
"15646276",831,191260.74
"15582180",561,173870.39
"15697095",705,117273.35
"15748797",636,92277.47
"15754796",487,44244.49
"15628947",693,78133.48
"15775546",517,103402.88
"15670481",684,137835.82
"15619029",620,20670.10
"15613282",757,77469.38
"15721487",739,57572.38
"15797276",662,75884.65
"15612494",359,146955.71
"15629617",572,67040.12
"15600821",721,178418.35
"15579062",707,30807.02
"15814268",444,143835.76
"15710164",523,130883.90
"15693904",685,194343.72
"15588986",673,9796.69
"15797733",503,47310.24
"15620507",485,141148.21
"15685150",799,111138.25
"15667651",585,114182.07
"15774166",607,127560.77
"15649280",521,18082.06
"15705657",535,136330.26
"15753969",724,34121.81
"15742378",520,56246.69
"15794874",696,191417.42
"15589221",657,23317.88
"15596671",603,144675.30
"15583668",726,175161.05
"15710206",591,14928.80
"15799966",792,161479.19
"15794560",550,133501.94
"15626485",601,23703.52
"15703143",820,115985.38
"15809772",667,43229.20
"15687959",573,94862.93
"15585282",755,142377.69
"15714993",552,135635.25
"15596021",598,148487.90
"15646615",576,58976.85
"15742632",670,76254.83
"15574068",504,55857.48
"15806967",778,77867.23
"15796334",558,22878.16
"15688713",627,114469.55
"15796179",683,96754.80
"15598751",556,125154.57
"15703019",583,113597.64
"15646302",705,121408.55
"15680855",637,109219.43
"15697311",697,50230.31
"15585367",555,177719.88
"15726556",594,131211.86
"15676242",632,82152.83
"15684198",551,216.27
"15774882",687,1713.10
"15714227",672,136910.18
"15608653",521,20243.97
"15784280",686,86043.27
"15789546",639,126561.07
"15590320",850,64350.80
"15678385",465,10472.31
"15571778",817,95941.55
"15657085",578,125222.36
"15640627",611,170950.58
"15566211",616,236.45
"15669293",517,31517.16
"15595067",637,181610.60
"15753566",806,156593.09
"15650391",633,4272.00
"15681843",624,163587.90
"15814846",691,175843.68
"15670374",819,166164.30
"15762332",568,61796.64
"15700223",806,21439.49
"15729956",726,19225.85
"15594862",552,132547.02
"15598782",755,62688.55
"15745080",634,21760.96
"15703399",756,154460.68
"15732175",776,8065.00
"15630725",649,173365.90
"15640260",595,69428.79
"15716822",646,12757.14
"15583748",592,180426.20
"15605968",574,43093.67
"15790683",850,68594.00
"15607713",850,197996.65
"15700212",475,122953.00
"15626710",642,76821.24
"15716491",710,141400.51
"15625824",596,41921.75
"15617705",609,175664.25
"15761976",797,117916.63
"15634891",504,194690.77
"15744517",735,166677.35
"15686963",680,160131.58
"15808189",449,123622.00
"15580845",685,113483.96
"15799156",569,79618.79
"15694296",631,24472.23
"15677049",595,177025.79
"15583595",461,103349.74
"15590146",630,63606.22
"15801548",661,14490.79
"15660833",796,105080.53
"15762277",710,83499.89
"15791302",741,143598.70
"15798975",606,36091.91
"15599956",747,13007.89
"15577274",549,6101.41
"15701200",576,48314.00
"15638149",528,197111.99
"15786199",535,110299.78
"15701765",575,30114.32
"15586974",656,98894.64
"15729040",440,49826.68
"15788676",539,10074.05
"15602497",850,20769.88
"15701333",646,163427.18
"15812071",744,140068.77
"15634375",710,83206.19
"15738267",544,111402.97
"15786800",723,92873.50
"15591130",507,94780.90
"15720662",787,16607.15
"15751531",598,161954.43
"15653595",796,194733.28
"15568360",569,163524.70
"15781210",711,48260.19
"15668058",661,86678.48
"15597131",415,3064.65
"15697283",578,112124.98
"15640953",611,120801.65
"15715031",600,52193.23
"15589660",661,56636.28
"15769818",850,69372.88
"15782736",573,164038.07
"15614818",764,118982.51
"15794014",838,27472.07
"15732448",821,36754.13
"15723411",607,46416.36
"15797686",558,152872.39
"15605950",530,165227.23
"15812497",654,75927.35
"15690678",530,172930.28
"15747677",656,36108.50
"15618926",520,36202.74
"15673908",602,131886.46
"15727944",701,133992.36
"15807294",653,96658.26
"15618581",668,135112.09
"15584364",652,163944.18
"15599552",639,53843.71
"15749177",730,122398.84
"15718779",780,64804.04
"15568106",592,19370.73
"15779481",628,126192.54
"15709994",658,135459.02
"15772777",850,94815.04
"15706815",515,188366.04
"15618018",571,178512.52
"15671032",760,97906.38
"15634281",720,72861.94
"15766374",632,195978.86
"15600991",694,19448.93
"15777576",559,32635.54
"15742613",773,171733.22
"15649523",581,46176.22
"15651063",524,179634.69
"15683124",713,191521.32
"15618314",676,67998.45
"15670823",651,44731.80
"15607133",717,124532.90
"15615012",594,160968.44
"15725141",716,27341.63
"15623560",668,53994.64
"15693018",678,91633.53
"15636756",545,189613.12
"15647474",613,60706.33
"15576714",687,154767.34
"15585047",715,196853.11
"15743976",618,195775.48
"15793881",721,3086.89
"15576517",445,70618.00
"15631072",690,55034.02
"15730394",709,168035.62
"15631460",671,128449.33
"15692002",538,199249.29
"15595282",735,149474.69
"15789548",592,126726.33
"15758035",747,147554.26
"15617518",675,149399.70
"15651802",632,93536.38
"15631813",621,58883.91
"15729668",521,154271.41
"15741728",591,122022.89
"15576676",706,50299.14
"15711378",677,187800.63
"15765520",769,171344.09
"15656726",771,40920.59
"15647842",601,63940.68
"15719309",670,29483.87
"15748718",517,179056.23
"15594404",834,129273.94
"15751158",571,55558.51
"15593470",576,23305.85
"15695129",718,17128.64
"15640865",636,74641.90
"15714080",566,154486.01
"15648721",711,3185.67
"15801466",574,88463.63
"15750248",619,65682.93
"15758726",588,140586.08
"15781553",760,117232.90
"15649121",665,116137.01
"15674811",739,105533.96
"15646037",641,81514.06
"15722578",685,164966.27
"15665695",594,23631.55
"15801062",557,105433.53
"15662955",697,90591.15
"15770309",656,127014.32
"15657386",712,90905.26
"15777797",689,8651.92
"15783955",697,15467.98
"15804516",589,79915.28
"15681758",525,69361.95
"15630321",680,86935.08
"15588248",617,7597.83
"15591932",680,116957.60
"15810347",662,157884.83
"15595303",736,77981.54
"15634950",657,126369.55
"15685372",350,191973.49
"15745827",617,142940.39
"15755868",562,48869.67
"15735222",705,73131.73
"15604804",516,120037.36
"15718944",573,193995.37
"15678626",538,179453.66
"15571550",699,80963.92
"15723053",504,15658.99
"15661528",583,92708.10
"15754177",712,26542.17
"15683544",626,65010.74
"15708048",631,106892.91
"15701109",663,185210.63
"15600110",506,4035.46
"15651533",570,177805.44
"15777904",703,68831.72
"15655574",698,114732.62
"15569423",731,22299.27
"15718106",625,197283.20
"15585067",634,179485.96
"15675501",616,17699.48
"15633233",500,118490.80
"15667134",446,133292.94
"15659105",669,58170.24
"15575409",581,107137.30
"15752342",704,145071.33
"15654851",748,85495.24
"15741429",680,101139.30
"15682356",655,10511.13
"15806447",690,137916.49
"15800229",695,193383.13
"15663441",700,189826.96
"15791991",773,144113.42
"15775082",749,143538.51
"15579706",611,77677.14
"15718247",606,183717.94
"15755722",554,92180.62
"15582259",567,28690.90
"15716994",559,85891.02
"15586880",594,42050.24
"15713854",513,110142.34
"15780835",652,179269.79
"15675896",680,90558.24
"15658459",784,162022.47
"15658057",812,66926.83
"15801767",784,108891.30
"15569178",570,71811.90
"15731478",712,92223.59
"15811236",705,78065.90
"15746749",681,59679.90
"15662758",620,85000.32
"15709387",711,159808.95
"15572093",613,129001.30
"15713826",613,113557.70
"15570205",682,147758.51
"15589348",850,28865.59
"15804610",601,160607.06
"15700854",595,100015.79
"15758836",675,54478.52
"15772933",591,141677.33
"15809006",602,84077.60
"15689612",554,106981.03
"15744614",541,73551.44
"15704250",506,115842.10
"15700255",814,107013.59
"15669410",683,24938.84
"15807595",485,51113.14
"15664523",696,33828.64
"15642833",608,128875.86
"15605279",792,194700.81
"15713644",686,158974.45
"15750466",790,198182.73
"15739054",654,141404.07
"15612771",452,4175.68
"15788483",719,126876.47
"15732832",707,41052.82
"15772892",699,105760.01
"15713843",850,27937.12
"15567993",828,79355.87
"15617603",850,102180.27
"15744983",712,95719.73
"15630419",634,57121.51
"15738828",730,162478.11
"15778025",685,194808.51
"15799479",809,124045.65
"15684269",707,17987.40
"15762745",648,133653.38
"15746970",760,25101.17
"15725024",805,33330.89
"15592116",585,2401.26
"15624391",595,178361.04
"15567422",630,162697.93
"15612627",627,80607.33
"15574879",631,23146.62
"15745107",776,89893.60
"15734491",676,3173.31
"15675320",758,123218.81
"15643824",637,74588.41
"15643438",850,31288.77
"15721730",601,58561.31
"15680727",735,148804.36
"15752508",614,51117.06
"15808846",672,164537.17
"15727251",642,61977.82
"15663489",633,193362.99
"15683677",769,47722.79
"15596414",796,18510.41
"15730639",715,65057.71
"15672132",695,46374.64
"15742638",747,42039.67
"15578603",584,138192.98
"15726088",476,22735.45
"15682533",850,186910.74
"15772995",529,75285.47
"15765694",584,130260.11
"15659486",586,15034.93
"15568963",674,175709.40
"15703820",552,101069.71
"15569410",601,153012.13
"15632256",541,86173.92
"15724466",744,197548.63
"15777639",595,37042.80
"15802501",724,121085.72
"15778410",533,194113.99
"15670702",618,101273.23
"15704763",523,118711.75
"15645544",642,582.53
"15757646",584,192381.21
"15701121",521,136507.69
"15796313",662,138871.12
"15815660",758,60728.89
"15602844",717,189175.71
"15636238",611,102547.56
"15770101",766,36706.56
"15645543",636,44756.25
"15596397",814,132870.15
"15770525",760,16287.38
"15684267",607,121945.42
"15689980",725,131173.90
"15633260",600,88669.89
"15756471",656,160835.30
"15721303",640,24761.36
"15802256",439,138526.96
"15725664",549,157442.75
"15674851",622,105295.77
"15701946",715,97782.92
"15748947",657,68255.88
"15673342",703,108790.95
"15601008",802,143706.18
"15771636",793,148993.47
"15642002",554,95277.15
"15693381",533,152956.33
"15607691",658,94925.62
"15589380",713,87308.18
"15603846",711,83978.86
"15753549",669,37543.93
"15725355",439,104889.30
"15773017",763,149705.25
"15625641",697,16445.79
"15776467",702,54689.16
"15746451",686,194913.86
"15777922",629,146371.72
"15606841",823,156603.70
"15757648",683,182566.76
"15677173",555,60194.05
"15764170",647,36579.53
"15610446",714,5862.53
"15612776",850,143030.09
"15794122",713,62700.08
"15774931",452,99017.34
"15779247",683,187987.01
"15707078",577,123454.62
"15605263",552,10921.50
"15607381",769,53817.23
"15683471",691,81617.40
"15605037",818,192298.84
"15576085",739,143882.25
"15770435",639,53130.41
"15592994",651,190454.04
"15624068",779,111906.00
"15595221",850,113177.95
"15637131",829,30529.88
"15613471",579,18800.13
"15583499",510,46127.70
"15752816",531,75585.48
"15804075",628,63085.94
"15800517",633,74415.20
"15712319",714,139889.15
"15797389",604,7267.25
"15621432",630,186826.22
"15779390",850,162149.07
"15711219",788,180150.49
"15770498",798,83478.12
"15678727",770,26163.74
"15573893",569,44381.06
"15740104",425,136365.00
"15792649",547,99294.22
"15605275",725,173464.43
"15572467",506,127543.81
"15738219",632,52526.65
"15600710",620,32589.45
"15804394",663,47161.25
"15694188",700,45424.13
"15583718",696,8018.49
"15802478",767,195668.00
"15619343",561,133167.11
"15758813",350,123602.11
"15761374",706,186238.85
"15569209",464,158668.87
"15788539",501,9249.36
"15747222",745,116581.10
"15769346",587,44688.08
"15699634",667,148608.39
"15589076",737,188670.90
"15812338",485,107067.37
"15758845",590,61759.33
"15685844",518,192776.64
"15583090",581,46735.19
"15587581",785,169117.74
"15633640",799,89081.41
"15573741",698,105227.86
"15633574",730,128246.81
"15711455",740,94554.74
"15570601",785,33823.50
"15690925",527,97468.44
"15709338",544,164137.36
"15780746",705,191313.70
"15681956",684,65257.57
"15778190",639,178222.77
"15786852",565,179445.28
"15726494",481,65500.53
"15641183",731,97877.92
"15805312",607,113051.57
"15636572",760,105969.05
"15632575",559,122996.76
"15740164",715,68087.15
"15574947",656,21478.36
"15597909",652,158437.73
"15782574",624,76551.70
"15734999",634,15887.68
"15706593",850,33741.84
"15766686",659,20652.69
"15590268",529,112781.50
"15763055",572,119996.95
"15664754",640,6981.43
"15643630",770,185211.28
"15641043",648,78436.36
"15768095",579,139048.00
"15811314",589,136329.96
"15669922",530,14721.80
"15707114",831,3430.38
"15670602",790,160450.21
"15713479",656,1485.27
"15663830",563,19720.08
"15566958",667,41183.02
"15680918",613,139410.08
"15663921",429,163691.48
"15716324",665,115147.33
"15796969",731,74945.11
"15574783",584,180363.56
"15773487",634,196021.73
"15802486",488,125979.36
"15783398",535,111421.77
"15649418",776,115818.51
"15604588",850,179360.76
"15735428",673,82351.06
"15629078",850,192744.23
"15806880",627,113408.47
"15754999",570,124641.42
"15781034",796,54871.02
"15622017",773,98820.09
"15705885",752,45570.84
"15677382",625,182336.45
"15566843",535,118825.56
"15608387",786,103372.79
"15810786",620,43486.73
"15626983",605,40062.99
"15773605",670,46175.70
"15811261",617,120830.73
"15590606",595,5967.09
"15576644",687,122134.56
"15750264",757,62972.13
"15741554",746,174815.54
"15769051",503,192841.13
"15812198",543,33310.72
"15699772",428,72876.43
"15744105",768,50911.41
"15739858",618,142400.27
"15723720",591,48778.46
"15638355",658,156361.58
"15805637",625,133807.77
"15629575",717,179128.69
"15586243",667,91810.71
"15757931",804,173195.33
"15716023",693,182270.88
"15647782",729,177130.33
"15716609",484,49954.79
"15623791",632,141896.74
"15627262",536,120661.71
"15652693",573,149814.68
"15586993",655,41782.70
"15815560",666,46172.47
"15584930",726,2704.09
"15799031",523,6726.53
"15810457",728,170764.08
"15697879",701,45742.42
"15594902",518,162304.59
"15799710",739,80883.82
"15659651",531,118508.09
"15645956",452,69697.74
"15651713",684,183575.01
"15737265",728,161203.60
"15687310",783,143752.77
"15607347",734,121894.31
"15698321",648,147055.87
"15657812",688,172033.57
"15569187",680,143774.06
"15681562",516,139366.58
"15615456",680,81776.84
"15589793",604,190998.96
"15781884",624,4470.52
"15675190",623,135851.30
"15600734",624,172372.63
"15779176",565,135875.51
"15605286",565,128124.70
"15674922",710,167023.95
"15737506",645,149807.01
"15780514",707,54290.62
"15623647",655,86013.96
"15668472",705,79886.06
"15692416",358,141959.11
"15771139",578,66680.77
"15738318",800,98640.15
"15772243",612,142797.50
"15638463",681,163581.67
"15598088",559,163221.22
"15693468",488,12440.44
"15671930",717,145551.60
"15762268",666,50908.48
"15780954",582,30149.21
"15700174",733,57769.20
"15635728",693,156381.47
"15679283",694,178123.86
"15591386",622,51112.80
"15694192",598,173783.38
"15585901",717,174770.14
"15792329",494,172063.09
"15635597",644,155294.17
"15775880",554,40320.30
"15630913",476,134260.34
"15756680",667,147090.90
"15587913",748,132368.47
"15737605",531,164741.50
"15627876",719,63051.32
"15772601",845,199761.29
"15758606",738,55725.04
"15657107",563,163145.50
"15622454",695,57992.49
"15775803",841,193093.77
"15570859",626,57531.14
"15748381",613,77242.19
"15787189",824,153046.16
"15666055",705,63405.20
"15617648",584,106564.88
"15755678",534,42763.12
"15624781",672,168753.34
"15779497",603,19483.35
"15567399",633,158646.46
"15613656",842,83172.19
"15734311",661,76889.79
"15657214",601,51554.58
"15799350",632,105570.39
"15729970",684,79495.01
"15725835",785,52583.79
"15745543",687,26848.25
"15727384",705,10072.55
"15666916",639,187296.78
"15732917",729,104016.61
"15612050",556,151310.16
"15726267",570,62810.91
"15780124",841,60830.38
"15742238",705,116672.02
"15679024",553,77304.49
"15715297",779,52894.01
"15633612",696,116471.43
"15602929",728,4539.38
"15696703",691,142367.72
"15756668",706,110520.48
"15565779",627,188258.49
"15795519",716,197322.13
"15761477",501,80241.14
"15731890",601,172814.99
"15633043",545,38410.74
"15752953",634,17622.82
"15603088",451,48021.71
"15606613",655,88958.49
"15635939",458,116343.09
"15666043",520,166102.61
"15746190",624,104353.26
"15591357",765,115429.32
"15658716",667,178106.34
"15679909",665,132152.32
"15634262",709,21521.38
"15799825",583,27431.62
"15756875",782,42143.61
"15678146",668,106457.11
"15710743",621,133831.37
"15595831",579,164083.72
"15626684",547,159207.34
"15709846",840,84487.62
"15635459",667,3674.71
"15642544",723,12092.03
"15566494",487,77475.73
"15655238",668,41291.73
"15733429",520,343.38
"15814536",549,47432.43
"15771702",567,127827.18
"15723008",720,35633.15
"15797160",492,182865.09
"15792222",712,169386.81
"15644765",689,149073.88
"15610686",850,184107.26
"15730868",747,22750.17
"15705991",469,11950.29
"15577078",539,152880.07
"15679550",743,175252.78
"15787655",707,174303.29
"15668081",581,80701.72
"15747980",737,198516.20
"15710295",445,175756.36
"15724443",703,82824.08
"15571305",588,179866.01
"15569503",765,159899.97
"15581840",626,138504.28
"15772262",545,127394.67
"15767794",744,58961.49
"15629338",658,103644.98
"15790379",629,119647.70
"15750684",719,28465.86
"15697214",686,152979.14
"15711015",743,190911.02
"15573309",626,95794.98
"15805303",661,189742.78
"15741385",710,188574.08
"15780254",654,183872.88
"15744843",569,196555.32
"15815626",640,112503.24
"15784736",562,46864.00
"15813412",721,65864.40
"15809143",456,125167.92
"15617617",811,177519.39
"15779738",534,169653.32
"15668669",423,118372.55
"15687477",594,16481.12
"15578908",725,138525.19
"15687658",716,14608.00
"15615020",595,81548.38
"15608886",679,69608.48
"15602551",667,68873.80
"15672945",661,81102.81
"15757408",655,81054.00
"15806132",555,74149.77
"15813022",531,99503.19
"15673578",611,10109.47
"15757916",600,58855.85
"15689168",531,84402.46
"15769216",601,49713.87
"15593295",548,133537.53
"15804814",759,124615.59
"15778934",678,98090.69
"15802351",755,42607.69
"15630241",594,192434.11
"15719561",768,60686.40
"15615096",492,49463.44
"15659931",637,81431.99
"15714586",646,22909.56
"15634949",593,65532.17
"15589224",596,141053.85
"15795990",722,3472.63
"15603216",642,102083.78
"15631201",472,1801.77
"15686255",738,85185.44
"15746594",732,119882.70
"15718893",404,83715.66
"15671609",701,23425.78
"15652540",683,77326.78
"15774857",460,156150.08
"15791836",690,108577.97
"15651554",618,133573.29
"15583576",671,102057.86
"15732740",765,47247.56
"15723320",651,114566.47
"15603851",704,184464.70
"15777923",544,151401.33
"15735719",790,70607.10
"15703482",710,147074.67
"15605835",743,105780.18
"15664881",702,109496.45
"15757568",704,137739.45
"15792660",614,105140.92
"15599722",609,113276.46
"15726354",688,172531.23
"15610355",713,64375.40
"15704284",736,28434.44
"15621893",727,46941.41
"15588219",850,29333.01
"15688619",718,193724.51
"15765518",643,34967.75
"15616931",653,55663.85
"15758372",674,55753.12
"15782591",690,176962.31
"15612109",819,181507.44
"15613712",634,61995.57
"15639322",633,98349.13
"15594349",850,59748.19
"15574167",665,159840.51
"15811842",630,6656.64
"15648794",836,37141.62
"15771211",668,37094.75
"15588614",753,159475.08
"15630698",745,51548.14
"15694200",693,58719.63
"15721426",606,7861.68
"15725997",660,19199.61
"15762138",608,178504.29
"15750649",744,189016.14
"15685706",731,156048.64
"15641835",683,52876.41
"15586821",727,19653.08
"15569678",561,139451.98
"15793842",700,128136.29
"15667554",605,45206.57
"15794479",767,190146.83
"15585041",511,158313.87
"15780650",667,96670.20
"15780846",787,62163.53
"15805260",705,88428.41
"15800326",717,93275.61
"15621629",773,35908.46
"15662151",554,168780.04
"15747174",526,191263.76
"15651585",661,83052.03
"15649738",698,125962.02
"15633108",646,164696.27
"15769254",757,187011.96
"15704746",699,55324.49
"15637644",667,34335.55
"15609562",774,17004.14
"15787459",745,116331.42
"15762902",649,22974.01
"15738605",634,49725.16
"15724889",665,87412.74
"15730735",713,26136.89
"15689147",652,126554.96
"15730397",739,193321.30
"15762169",556,90928.02
"15589320",699,76510.46
"15799211",708,120115.50
"15798310",480,197984.58
"15609998",700,142977.05
"15583548",525,82522.61
"15761763",845,150664.97
"15764409",613,114153.44
"15710161",850,171706.66
"15735246",798,119071.56
"15791700",773,143007.49
"15670753",614,31302.35
"15573876",473,71139.80
"15770174",762,54122.89
"15641114",701,120031.29
"15682435",600,104076.51
"15751788",850,175853.64
"15672598",613,175795.87
"15762803",509,15360.91
"15812982",509,168460.12
"15597901",609,181177.90
"15731507",456,58363.94
"15809826",728,20276.87
"15764237",663,91514.62
"15769917",673,76703.10
"15641850",717,110887.14
"15770974",741,109843.16
"15803749",498,12577.21
"15684999",850,179365.10
"15770225",493,65816.53
"15627484",686,124170.90
"15610337",666,175015.12
"15752488",733,115441.66
"15610056",631,128247.03
"15806049",714,141914.94
"15736069",767,115566.57
"15763662",711,175423.69
"15615575",722,133447.49
"15691723",631,114474.98
"15774098",701,52044.66
"15750808",790,180290.68
"15744368",633,132034.13
"15610594",644,20968.88
"15756125",757,158735.10
"15623277",696,196134.44
"15795954",746,22374.97
"15671969",649,161668.15
"15791268",565,67339.34
"15713655",720,56229.72
"15633930",648,140991.23
"15712849",632,177644.52
"15639077",622,142342.55
"15808784",835,154559.28
"15648577",493,176570.28
"15670345",785,191961.83
"15633112",681,9452.88
"15714397",621,165257.31
"15780038",756,169763.89
"15756305",515,160663.11
"15578799",625,192072.10
"15785485",595,112269.67
"15783958",539,2186.83
"15727546",762,43075.70
"15739576",706,12368.11
"15631333",677,42410.21
"15604782",733,190430.81
"15589643",684,138394.37
"15585533",679,172501.38
"15681506",478,197916.43
"15630551",696,7035.36
"15698349",686,159676.55
"15776631",466,80603.99
"15762216",686,187599.80
"15623927",576,94450.97
"15681402",763,143981.27
"15586264",572,26450.57
"15594685",757,164482.92
"15812945",582,84012.81
"15734628",623,101192.08
"15629323",617,175324.74
"15666823",425,197226.32
"15777553",659,99504.03
"15613097",605,83700.66
"15622217",538,28226.15
"15703588",665,35321.65
"15570835",491,41229.73
"15679299",726,78970.58
"15808044",580,107890.69
"15579208",550,191870.28
"15684951",542,7905.06
"15667620",732,65731.53
"15582960",473,145698.73
"15590730",745,50046.25
"15763747",732,60830.24
"15778320",848,158853.98
"15642787",572,111243.09
"15624633",702,171014.69
"15766765",664,170835.32
"15783615",630,47775.34
"15640161",618,139297.71
"15619889",556,195167.38
"15579166",619,160948.87
"15789097",644,44965.54
"15674880",658,52137.73
"15778157",598,109296.18
"15779064",677,20092.89
"15801265",689,197804.00
"15589204",591,118782.06
"15664543",699,152876.13
"15582714",749,135655.29
"15797595",709,103970.58
"15614034",607,35786.76
"15763171",650,25325.07
"15647266",651,18732.84
"15757577",676,118522.73
"15736656",723,89972.25
"15635078",714,187194.15
"15680141",759,106785.70
"15576945",582,142516.35
"15602034",697,73334.43
"15732020",610,186612.47
"15611029",488,123613.81
"15621210",599,31368.08
"15569222",781,40066.95
"15664639",645,175969.19
"15724223",545,10034.77
"15644621",597,151167.94
"15756056",561,191387.76
"15700353",662,51229.17
"15624388",649,87351.42
"15627212",630,48984.95
"15648005",672,182738.00
"15681446",636,153535.27
"15775888",593,125079.65
"15749019",545,162321.26
"15709928",567,3414.72
"15784676",583,165082.25
"15748116",681,52021.39
"15612193",762,148256.43
"15762984",648,122899.01
"15613713",644,10771.46
"15664204",706,18255.51
"15639415",850,183566.78
"15806332",484,175224.12
"15614929",508,147913.56
"15695492",439,180598.66
"15635972",484,186136.48
"15616380",803,7455.20
"15581440",724,80552.11
"15654390",640,25722.28
"15660688",701,170996.86
"15806307",537,20603.32
"15647975",651,141763.26
"15595728",523,122284.38
"15735388",717,190011.85
"15788535",593,128046.98
"15765902",706,135662.17
"15642345",714,7571.51
"15641250",794,23596.24
"15706163",518,92727.42
"15746708",589,65156.83
"15775203",824,60151.77
"15787907",719,149097.38
"15646764",617,35199.24
"15678284",651,129451.29
"15726791",637,145134.49
"15813144",554,192709.69
"15669342",731,139083.70
"15710366",569,83629.60
"15614934",625,35625.41
"15588701",592,35338.96
"15665438",669,15602.80
"15644896",663,182355.21
"15670205",518,89327.67
"15635776",686,151903.60
"15791053",709,11.58
"15644005",571,77519.62
"15796343",707,91423.69
"15751057",701,106287.77
"15623430",672,161800.77
"15682600",620,80582.34
"15769312",557,185094.48
"15708212",648,172586.89
"15650258",479,195649.79
"15604345",730,145792.01
"15578297",737,138510.01
"15671789",616,168895.06
"15726186",639,97983.44
"15764618",815,85167.88
"15730738",786,18210.36
"15637650",549,13608.18
"15606267",622,110457.99
"15625904",624,31231.35
"15654463",841,141582.66
"15774151",614,14666.35
"15693259",676,55400.17
"15642468",697,174667.65
"15758531",732,154189.08
"15728352",623,142170.44
"15637240",541,94499.06
"15595588",773,182081.45
"15778395",762,68562.26
"15711825",655,88798.02
"15599251",602,113781.99
"15570004",850,121866.87
"15656912",649,150390.57
"15657342",850,60708.72
"15716284",543,78858.07
"15672374",672,56407.42
"15732476",600,125698.97
"15747724",671,23235.38
"15633877",706,75732.25
"15672516",541,179861.79
"15607827",711,42976.64
"15751336",630,10486.69
"15646539",531,56794.73
"15756901",641,28157.34
"15809286",631,152422.91
"15759021",685,167033.83
"15725039",702,126082.18
"15579130",708,181499.77
"15754112",653,41967.03
"15735522",654,186300.59
"15613326",596,85412.54
"15739502",549,23343.18
"15670914",754,180698.32
"15604073",815,136071.05
"15806027",556,175149.20
"15574886",706,146949.74
"15707120",850,88920.68
"15800845",732,45098.62
"15603914",614,20339.79
"15722765",580,108528.74
"15783305",593,145560.38
"15574842",653,199357.24
"15607837",746,43106.17
"15714877",662,137508.31
"15782941",573,91957.39
"15630167",684,120612.11
"15759038",793,102921.17
"15661821",798,31686.33
"15728006",524,180002.42
"15712176",816,28407.40
"15689351",742,73743.95
"15782247",540,186233.26
"15769064",537,31728.86
"15718153",759,48244.64
"15613189",774,113266.28
"15661734",608,71178.09
"15592645",704,25684.93
"15768387",581,29737.14
"15792525",628,149922.38
"15586976",566,180702.12
"15790659",701,27597.59
"15691446",735,95025.27
"15772632",680,167035.07
"15706587",560,116781.71
"15572461",663,21170.81
"15654409",665,29641.58
"15568025",758,116520.07
"15715769",621,44220.40
"15667458",764,166188.28
"15567980",537,140857.76
"15679294",589,37024.28
"15606507",555,27513.47
"15578825",734,17744.72
"15619935",783,4423.63
"15636089",678,109718.44
"15727490",661,107243.31
"15591766",607,115288.24
"15641629",537,41233.97
"15813303",513,52952.24
"15756920",576,78955.80
"15726403",660,26025.60
"15592765",637,174536.17
"15704442",672,147311.47
"15641136",629,77965.44
"15725818",583,5635.63
"15612071",763,81310.10
"15719809",516,111421.45
"15716518",617,190269.21
"15742210",700,100950.48
"15630617",727,113033.73
"15720838",689,120663.57
"15595537",626,187192.23
"15623196",686,97825.23
"15679249",351,169621.69
"15693199",739,191557.10
"15661219",627,103287.62
"15617136",451,167538.66
"15760294",512,64869.32
"15652808",774,102426.06
"15657139",652,107876.20
"15803790",638,37294.88
"15764105",475,89248.99
"15672610",567,91973.63
"15766896",750,16870.20
"15587735",850,121681.19
"15659501",753,33730.43
"15745001",683,104786.59
"15651140",710,94790.34
"15571148",645,28726.07
"15776824",714,67057.27
"15633141",696,69079.85
"15764174",612,179780.74
"15778155",520,183572.39
"15715920",782,142587.32
"15671917",666,177844.06
"15666548",466,197634.11
"15625623",567,121053.19
"15748123",613,149613.77
"15648735",718,142.81
"15634974",614,131766.67
"15713378",711,53311.78
"15753370",691,107665.02
"15782659",527,109523.88
"15583364",476,112132.86
"15625942",619,113645.40
"15720284",607,180890.40
"15679642",695,70974.13
"15628007",653,53379.52
"15661974",677,158531.01
"15689341",655,179267.94
"15607993",625,84606.03
"15693267",679,56984.58
"15769522",734,116912.45
"15755825",666,102999.33
"15598175",592,132801.57
"15744327",564,85455.62
"15798666",814,98657.01
"15577064",592,107948.72
"15759436",758,67944.09
"15690231",612,192892.05
"15751561",498,187247.56
"15739068",638,114722.42
"15758056",558,111687.57
"15742269",756,184182.25
"15726490",782,52759.82
"15738411",505,126451.14
"15727919",671,12048.67
"15709396",801,95804.33
"15654106",604,197911.52
"15621653",716,182531.74
"15598086",624,168002.31
"15752300",607,79450.61
"15658693",827,60615.83
"15631838",606,8643.21
"15803804",717,172172.70
"15578809",651,174434.06
"15752026",691,194930.30
"15723706",573,137476.71
"15752838",723,94415.60
"15569571",584,120376.87
"15769703",550,97623.42
"15679770",611,66238.23
"15791102",549,131710.59
"15655192",850,69052.87
"15709487",668,56780.97
"15687130",686,170072.90
"15755178",660,191849.15
"15634772",682,84803.76
"15617197",524,31840.59
"15631240",645,12096.61
"15784301",850,44165.84
"15631310",537,91406.62
"15756560",599,83282.21
"15732270",727,198446.91
"15739357",756,7554.68
"15771540",755,80416.16
"15567486",634,164549.74
"15714634",837,175477.03
"15727021",727,137903.54
"15650670",567,93795.86
"15711834",650,67997.13
"15729763",655,49492.15
"15646566",763,35825.18
"15645463",843,67494.23
"15672144",667,73963.17
"15596088",705,145159.26
"15614878",660,123850.58
"15635240",553,23822.04
"15775905",612,45750.21
"15700657",641,159773.14
"15611905",513,84238.63
"15652527",680,72330.46
"15785865",711,26767.85
"15645942",689,164768.82
"15688691",665,1112.76
"15592736",551,176680.16
"15673529",645,43999.64
"15724145",616,140746.13
"15704629",582,152790.92
"15597896",365,81537.85
"15731790",697,7387.80
"15634719",704,183038.33
"15703205",656,138849.06
"15567333",712,170333.38
"15754537",748,60416.76
"15612030",724,100240.20
"15573242",691,2704.98
"15601892",563,68815.05
"15663885",741,64839.23
"15701096",778,144494.94
"15710450",848,185510.34
"15790846",634,56055.72
"15658956",505,155061.97
"15755223",692,119817.19
"15787318",537,16259.64
"15737310",633,184654.87
"15763665",833,5278.78
"15668818",592,113244.73
"15765812",587,8908.00
"15704844",550,64490.67
"15744582",680,154971.63
"15616700",622,155786.39
"15683521",594,129084.82
"15583049",643,188533.11
"15643752",540,13411.67
"15620398",635,15733.19
"15715707",657,73127.61
"15814209",814,101704.19
"15733768",600,101986.16
"15755242",682,114442.66
"15729412",682,15669.17
"15746564",566,157486.10
"15588446",550,131281.28
"15665221",630,197001.15
"15640846",546,128881.87
"15700209",486,85101.00
"15658360",762,149822.04
"15602735",692,108040.86
"15724834",498,135795.53
"15800062",850,25867.67
"15685300",603,130483.56
"15760102",551,183479.12
"15787026",627,77027.34
"15653696",515,94141.75
"15788946",605,4092.75
"15600724",567,109257.59
"15574324",568,104617.99
"15707144",571,167705.07
"15775891",634,103712.05
"15711789",768,161242.99
"15600879",554,6089.13
"15681196",629,159777.37
"15716000",638,7919.08
"15766776",576,188274.60
"15680278",661,27608.12
"15688637",592,183569.25
"15591179",702,145537.32
"15677435",647,164717.95
"15698619",593,76357.43
"15581036",712,120158.72
"15622117",625,151843.54
"15599301",538,5698.97
"15581548",637,122865.55
"15586870",632,152665.85
"15735263",736,192131.77
"15765322",755,62851.60
"15582944",425,140941.47
"15687162",461,56767.67
"15644962",745,177235.23
"15612615",616,86242.18
"15813439",587,34215.58
"15604544",850,44406.17
"15761348",601,165196.65
"15785078",730,34542.41
"15759874",532,74838.64
"15643658",850,36980.54
"15713267",779,111676.63
"15737782",562,25858.68
"15815490",670,177028.00
"15679410",729,30990.16
"15756241",767,136915.15
"15688409",742,108457.99
"15742272",669,131609.48
"15717898",542,159737.56
"15769582",586,142238.54
"15635660",612,105890.55
"15576723",740,194270.91
"15591577",584,105443.47
"15582325",524,173899.42
"15693947",614,122823.34
"15760446",598,13181.37
"15611105",799,140780.80
"15630920",724,78560.64
"15574910",601,185855.21
"15756472",804,128276.95
"15682890",745,140197.42
"15641994",667,32462.39
"15733297",518,162253.90
"15767793",819,30498.70
"15725698",520,90280.70
"15813532",625,32615.21
"15576760",673,196142.26
"15732102",656,16998.72
"15739046",850,62980.96
"15631927",574,185660.30
"15672115",679,77331.77
"15618765",530,97338.62
"15679148",508,67234.33
"15728474",558,143783.28
"15636999",414,77661.12
"15754261",648,89123.99
"15629150",721,70810.80
"15736274",751,17550.49
"15627697",662,21497.27
"15721585",628,124749.08
"15639946",597,36051.46
"15792176",698,143681.83
"15699450",723,150694.58
"15729954",586,170487.40
"15600103",633,97684.46
"15786200",564,53520.03
"15797010",649,15200.61
"15670172",622,196894.62
"15627352",459,4969.13
"15622494",718,26229.24
"15585835",655,134034.32
"15595071",696,198032.93
"15628203",637,119882.86
"15667190",630,133102.30
"15780212",592,176395.02
"15766869",634,193179.88
"15775741",608,125062.02
"15628170",565,143287.58
"15701318",763,87236.40
"15710928",665,93769.89
"15682547",649,88965.46
"15631170",695,30793.61
"15648702",775,74532.02
"15783444",788,113086.08
"15809178",569,32574.01
"15806688",726,130113.78
"15576824",564,104722.47
"15675422",544,14559.62
"15681550",614,598.80
"15812628",453,129697.99
"15597951",471,36315.03
"15807045",829,1114.12
"15581748",754,70954.41
"15770420",749,73470.98
"15608230",667,91573.19
"15730339",670,3154.95
"15712584",670,88187.81
"15592816",623,118855.26
"15641480",571,125256.53
"15708505",641,39016.43
"15791131",551,145796.49
"15618225",741,168816.22
"15644724",472,73322.00
"15662098",650,113677.53
"15723894",625,124607.70
"15787699",650,11276.48
"15687738",535,136620.64
"15576126",649,70523.92
"15658889",689,51980.25
"15667046",694,113481.02
"15669957",655,49025.79
"15655794",620,145937.99
"15599829",577,25161.61
"15753332",401,175753.55
"15671124",599,24903.09
"15767474",481,169719.35
"15720671",704,179565.57
"15626787",698,115337.74
"15774491",480,48131.92
"15579647",682,160828.98
"15625522",700,145151.96
"15765806",492,196293.76
"15566708",444,161653.50
"15668347",624,84635.64
"15575214",709,159486.76
"15591123",557,38596.34
"15573280",646,27814.74
"15589018",719,183893.31
"15654495",706,140803.70
"15597265",660,146585.53
"15733876",667,40062.29
"15677217",705,181300.32
"15747265",598,84136.12
"15713379",669,197594.34
"15730433",580,125953.83
"15693347",676,75465.41
"15715465",714,177737.07
"15680736",597,7144.46
"15610765",559,155639.76
"15650034",564,162428.05
"15782468",850,12457.76
"15685109",689,14917.09
"15776233",758,182184.09
"15761141",604,129984.20
"15781702",733,194872.97
"15790235",778,117507.11
"15641416",732,157527.60
"15775234",646,92612.88
"15659475",597,74850.84
"15642202",821,127413.00
"15771417",640,69584.30
"15585100",511,198814.24
"15700487",805,162643.15
"15726589",540,114092.52
"15747503",705,68860.30
"15595883",540,16150.34
"15663826",532,115227.02
"15742820",535,170621.55
"15624793",627,103099.22
"15597930",646,172495.81
"15665110",515,38772.82
"15770719",697,44946.29
"15731327",652,146007.70
"15576044",579,145558.42
"15775662",760,193312.33
"15646817",769,40257.79
"15596060",498,46677.90
"15723299",774,153887.93
"15636982",705,103108.33
"15751175",648,58652.23
"15618936",688,91624.11
"15787529",592,65986.48
"15780128",705,113845.19
"15615991",654,67607.90
"15757001",624,145471.94
"15595388",594,124071.71
"15699550",695,67502.12
"15581620",597,78707.97
"15600934",758,171189.83
"15738672",737,149381.32
"15721307",694,100335.55
"15619280",683,152698.24
"15768244",538,41192.95
"15806837",669,132540.33
"15643496",730,96875.52
"15813916",622,152305.47
"15626385",714,49672.01
"15603582",569,133997.53
"15764351",668,50454.80
"15667938",628,16402.11
"15576360",600,67803.83
"15628813",693,9241.78
"15584190",704,100601.73
"15716449",527,98734.15
"15759913",553,160574.09
"15701555",575,26015.80
"15758482",626,187172.54
"15758171",582,55763.66
"15680346",683,75848.22
"15649124",850,40313.47
"15812917",653,23864.21
"15768455",679,51380.90
"15703059",549,93551.36
"15646196",850,169415.54
"15585451",558,6935.31
"15714057",528,25399.70
"15748473",801,66256.27
"15785782",513,114709.13
"15693233",666,158357.97
"15757521",606,164815.59
"15812513",599,132127.69
"15674950",544,146637.45
"15678572",529,90256.06
"15713608",850,34827.43
"15579262",497,22074.48
"15610426",764,109805.17
"15776454",603,100478.60
"15771483",609,97416.34
"15648489",487,24207.86
"15646609",748,69132.66
"15693203",710,9376.89
"15813067",432,43046.70
"15769829",534,20856.31
"15662434",607,187048.72
"15773503",551,53420.53
"15705890",674,37013.29
"15711398",525,89566.64
"15752375",645,149913.84
"15659175",755,18066.69
"15597033",708,26912.34
"15590228",715,173511.72
"15631848",727,146785.44
"15654211",559,1050.33
"15707968",545,89587.34
"15594084",524,74405.34
"15651093",707,54409.48
"15798824",671,3647.57
"15671591",439,198874.52
"15707189",667,53412.54
"15733581",831,194867.78
"15641640",545,150452.88
"15585284",604,57807.05
"15617866",657,107534.32
"15667751",487,194073.33
"15669411",750,126233.18
"15789425",694,182354.46
"15570943",711,120586.32
"15685829",551,50578.40
"15721917",559,86575.46
"15776047",620,153392.28
"15716024",660,115509.59
"15675328",449,82176.48
"15604314",703,63717.49
"15658339",795,198745.94
"15630402",594,5719.11
"15689616",586,20058.61
"15774224",613,170638.98
"15701291",601,30607.11
"15719606",657,37171.46
"15644119",531,42589.33
"15646859",621,66799.28
"15606836",782,101866.39
"15664150",528,49284.00
"15624510",696,27445.40
"15810944",586,70760.69
"15668575",626,104502.02
"15603246",498,165407.96
"15804002",691,113580.79
"15728773",568,45978.39
"15598044",715,152012.36
"15694829",680,77349.92
"15600575",802,47322.05
"15727311",539,38772.65
"15570769",494,24489.44
"15606274",594,14466.08
"15746139",596,63142.12
"15704987",649,41858.43
"15628972",699,127443.82
"15697686",787,84151.98
"15733883",604,58595.64
"15617482",489,37240.11
"15704583",651,114522.68
"15621083",698,72549.27
"15649487",578,176712.59
"15736760",538,152855.96
"15714658",696,73371.65
"15599081",507,70323.68
"15705113",685,9663.28
"15631159",705,142514.66
"15792818",499,118623.94
"15633531",717,68400.14
"15744529",510,115291.86
"15669656",632,170382.99
"15581198",668,112946.67
"15729054",744,79812.77
"15573452",663,19862.78
"15776733",638,158610.89
"15724858",688,191212.63
"15713144",588,61931.21
"15690188",631,58043.02
"15689425",687,22247.27
"15671766",599,31448.52
"15782806",718,146875.86
"15764419",730,116081.93
"15591915",533,73669.94
"15772798",711,93959.96
"15792008",555,158918.03
"15715541",850,198193.75
"15639277",678,13160.03
"15798850",576,4660.91
"15776348",835,180197.74
"15727696",592,63023.02
"15793813",774,118971.74
"15694395",620,154700.61
"15764195",519,97577.17
"15744919",734,48990.50
"15671655",763,140262.96
"15654901",733,130189.53
"15649136",650,16301.91
"15775562",538,126962.41
"15807481",577,158750.53
"15642885",792,199644.20
"15789109",686,144272.71
"15814004",589,98320.27
"15673619",530,64129.03
"15595135",778,181221.09
"15583681",616,163809.08
"15605000",550,171457.06
"15718071",655,15801.02
"15679760",721,102950.79
"15654574",499,174918.46
"15577178",511,193160.25
"15595324",579,5831.00
"15756932",696,82298.59
"15726358",681,130686.59
"15595228",815,52885.23
"15782530",681,68985.99
"15592877",641,35367.19
"15651983",591,196241.94
"15746737",565,170705.53
"15774179",487,126477.41
"15667265",729,159618.17
"15655123",505,195395.33
"15595917",580,168285.85
"15668385",642,138052.51
"15709476",850,71179.31
"15711218",616,55556.30
"15798659",526,31705.19
"15663939",523,186118.93
"15694946",663,195580.28
"15631912",840,54113.38
"15768816",570,127528.84
"15682268",676,60231.74
"15684801",689,156878.42
"15636428",703,182784.11
"15809823",491,129690.50
"15699284",584,113860.81
"15786993",810,184524.74
"15709441",745,36124.98
"15710257",625,121316.07
"15582492",535,185630.76
"15575694",729,71133.12
"15756820",655,32020.42
"15766289",751,162760.96
"15593014",525,175178.56
"15584545",532,177099.71
"15675949",696,66406.37
"15672091",786,59559.81
"15801658",580,175750.21
"15706185",596,174311.30
"15789863",683,171716.81
"15720943",747,189362.39
"15697997",602,180716.10
"15665416",779,116977.89
"15660200",551,185105.44
"15619653",666,35046.97
"15773447",526,36251.00
"15739160",849,103174.50
"15689237",471,122642.09
"15679297",628,122937.57
"15591433",674,8757.39
"15642725",797,125782.29
"15701962",590,122487.73
"15811613",588,20066.38
"15741049",577,55473.15
"15724423",571,38962.94
"15574305",680,63795.80
"15678168",648,163060.43
"15697020",618,26578.69
"15610801",648,5066.76
"15745232",759,140497.67
"15722758",585,146156.98
"15792102",774,199316.19
"15675185",697,103944.37
"15801247",605,138021.36
"15725660",676,68621.98
"15638963",678,28149.06
"15800061",495,135169.76
"15578006",787,116537.96
"15668504",770,105922.69
"15687491",817,88211.12
"15610403",659,26900.63
"15741094",693,3494.02
"15807909",744,113163.17
"15666141",829,19324.50
"15617134",716,189678.70
"15783029",671,26387.71
"15622833",835,106276.55
"15746422",636,45015.38
"15750839",649,173495.77
"15749130",621,52581.96
"15779862",658,146339.27
"15767871",784,182609.97
"15679651",783,197890.65
"15576219",615,6225.63
"15699247",791,123977.86
"15619087",762,170195.40
"15605327",607,114190.30
"15610140",601,27022.57
"15791174",540,59457.00
"15602373",812,165038.41
"15762605",685,154181.41
"15598840",680,134960.98
"15744279",680,65708.50
"15670619",631,117374.22
"15599533",569,77703.19
"15757837",584,177651.38
"15697574",582,60954.45
"15578738",609,151924.90
"15762228",506,26318.73
"15614827",503,147557.71
"15789815",503,125918.17
"15579781",806,190803.37
"15587013",653,11043.54
"15570932",666,119100.05
"15794661",674,140579.17
"15581654",798,37731.95
"15644296",740,1852.58
"15614420",531,172049.84
"15609653",614,133591.11
"15594577",556,192751.18
"15584114",678,193828.27
"15673367",587,55775.72
"15685576",527,102280.29
"15774727",757,44965.44
"15694288",468,170661.02
"15603319",693,197145.89
"15759066",483,192359.90
"15814816",466,141210.18
"15724402",770,100557.03
"15571059",734,130805.54
"15674206",716,92606.98
"15715160",439,123956.83
"15730448",538,102758.43
"15662067",743,94876.65
"15779581",734,94811.85
"15662901",656,67840.81
"15689751",666,4050.57
"15667742",627,134665.25
"15738448",480,181647.13
"15680243",792,33282.84
"15745083",613,27965.00
"15708228",476,68343.53
"15628523",539,198161.07
"15708196",696,196858.40
"15735549",810,120511.03
"15809347",763,30886.35
"15660866",640,2743.69
"15766609",655,167778.62
"15654230",526,132404.64
"15794566",678,144423.17
"15800890",554,181204.50
"15697424",597,182726.22
"15724536",560,120880.72
"15735878",850,26812.89
"15707596",546,66732.63
"15657163",623,100834.22
"15622478",698,107815.31
"15779529",620,34665.79
"15636023",619,147093.84
"15582066",561,36942.35
"15666675",753,16460.77
"15732987",721,45610.63
"15789432",451,184954.11
"15663161",680,47795.43
"15694879",590,196789.90
"15593715",634,173425.68
"15575002",676,36221.18
"15622171",642,174738.20
"15795224",760,67131.30
"15685346",736,165692.03
"15691808",656,194691.95
"15721007",776,129525.50
"15794253",832,146511.20
"15694453",631,51752.18
"15813113",795,35418.69
"15614187",648,57995.74
"15619407",615,108152.75
"15646227",682,166144.98
"15660541",694,101737.80
"15753874",694,33326.71
"15617877",607,81140.09
"15772073",664,140173.17
"15701537",756,166513.49
"15736228",645,103232.60
"15780572",653,120736.04
"15769596",710,15832.43
"15586996",697,188772.45
"15722061",619,114323.66
"15638003",648,181534.04
"15775590",482,102640.52
"15730688",548,158585.17
"15753102",752,178722.24
"15810075",648,153955.38
"15723373",643,65374.86
"15795298",573,102986.15
"15584320",686,136643.84
"15724161",644,77063.63
"15750056",702,9633.01
"15609637",652,43496.36
"15794493",641,24267.28
"15569641",692,59354.24
"15815236",574,28269.86
"15811177",643,143162.34
"15680587",834,20199.30
"15672821",591,48606.92
"15767681",470,89013.67
"15600379",608,59890.29
"15801336",649,106655.88
"15721592",665,156439.56
"15581282",651,24176.44
"15746203",555,43507.10
"15583137",637,132005.85
"15680752",675,80496.71
"15688172",677,88947.56
"15791373",850,12639.67
"15589449",815,94248.16
"15692819",665,11865.76
"15727467",485,141449.86
"15734312",577,149457.81
"15764604",586,119814.25
"15613014",722,24924.92
"15759684",528,139481.53
"15609669",542,41268.65
"15685536",552,1351.41
"15750447",678,147489.76
"15663249",575,111175.09
"15638646",669,95963.14
"15734161",636,43128.95
"15631070",667,137674.96
"15761950",652,153383.54
"15649668",637,96660.76
"15713912",516,115818.16
"15586757",801,37898.50
"15596522",692,145222.93
"15625395",585,41219.09
"15760570",590,59249.83
"15566689",554,116747.62
"15725794",659,116249.72
"15673539",690,61257.83
"15705298",697,141798.98
"15675791",610,102638.35
"15747043",599,13210.56
"15736397",544,35550.97
"15678201",548,104469.06
"15720745",635,142935.83
"15637593",722,195486.28
"15598070",564,63170.00
"15787550",719,58320.06
"15603942",547,177747.03
"15733973",850,19632.64
"15596761",515,18424.24
"15652400",667,18897.78
"15717893",607,97879.02
"15622585",525,63197.88
"15733964",606,75860.01
"15753861",686,78622.46
"15747097",611,23598.23
"15594762",827,13460.27
"15667417",572,19998.31
"15684861",726,185075.63
"15742204",579,135815.38
"15623502",598,44251.33
"15774872",663,136349.55
"15611191",505,52693.99
"15674331",576,93767.03
"15619465",555,197866.55
"15575247",524,126812.85
"15695679",776,79503.05
"15713463",645,129936.53
"15785170",850,175094.62
"15796351",603,130379.50
"15639576",691,153228.00
"15693264",583,111285.85
"15589715",584,49553.38
"15769902",679,98015.85
"15587177",646,88481.32
"15814553",559,66879.27
"15601550",595,24802.77
"15664907",527,21312.16
"15612465",684,190263.78
"15810800",673,72873.33
"15665760",802,57764.65
"15588080",675,110273.84
"15776844",762,55500.17
"15717560",580,57541.08
"15629739",621,90384.26
"15729908",411,120694.35
"15716781",815,178028.96
"15646936",631,180990.29
"15768151",514,155407.21
"15579212",638,33676.48
"15721835",791,89666.28
"15800515",516,127558.26
"15591279",734,77272.62
"15587419",611,107665.68
"15750335",850,184044.80
"15699619",641,91510.71
"15606472",585,87363.56
"15778368",552,117505.07
"15671387",507,180626.68
"15573926",735,93478.96
"15709183",707,114672.64
"15577514",698,13387.88
"15778830",841,173240.52
"15768072",688,27557.18
"15768293",614,5552.37
"15654456",511,88307.87
"15807525",447,33879.26
"15574372",738,181429.87
"15671249",422,102655.31
"15779744",537,96555.42
"15624755",707,189366.03
"15611430",690,12847.61
"15774744",664,143433.33
"15629885",850,183983.82
"15708791",584,169137.24
"15793890",728,163365.85
"15646091",560,123181.44
"15596984",629,16447.60
"15800215",658,173948.40
"15577806",794,192154.66
"15749381",790,198224.38
"15683758",640,67202.74
"15670615",652,68789.93
"15715622",583,147964.99
"15707634",775,161069.73
"15806901",584,127749.61
"15775335",635,191914.37
"15724150",814,185791.90
"15627220",735,184570.04
"15672330",678,130446.65
"15668521",693,82867.55
"15807837",640,187632.22
"15592570",773,56759.79
"15748589",736,34180.33
"15635893",693,158545.25
"15757632",496,182337.98
"15691863",751,84175.34
"15706071",528,22197.80
"15654296",754,189641.11
"15755018",568,154491.39
"15594041",592,90020.74
"15670587",558,197264.35
"15724527",825,31933.06
"15801904",677,8755.69
"15658195",653,52820.13
"15630113",593,20008.46
"15784320",632,34607.14
"15676513",601,177384.45
"15574072",786,165702.64
"15633854",654,167889.10
"15618566",572,133122.62
"15733014",813,140454.14
"15753343",523,59938.81
"15746076",506,12016.79
"15608226",513,81251.24
"15605684",664,134169.85
"15638988",684,94888.60
"15628767",608,175696.16
"15737977",527,96758.58
"15758116",666,128019.48
"15575119",779,146895.36
"15625126",629,139356.30
"15567114",430,2923.61
"15672242",712,121232.51
"15681327",682,2053.42
"15802585",634,6382.46
"15740630",487,158750.13
"15815420",808,74028.36
"15711468",527,44099.75
"15799626",637,17323.00
"15659325",802,175043.69
"15651352",529,146388.85
"15684925",850,2465.80
"15657439",738,47799.15
"15574122",817,165562.84
"15720508",735,72927.68
"15599078",619,38270.47
"15702300",671,120893.07
"15660735",581,188377.21
"15671390",690,55902.93
"15647385",579,4523.74
"15739223",688,102195.16
"15631305",599,60843.09
"15809263",729,25548.47
"15640866",718,134462.29
"15775663",712,132702.64
"15631800",474,75698.44
"15654292",565,105642.43
"15648320",658,102153.75
"15726747",714,166677.54
"15694510",725,24218.65
"15572291",825,117122.50
"15603465",665,51871.95
"15685628",670,84321.03
"15792729",474,160213.27
"15767414",591,88695.19
"15568044",508,6123.15
"15751333",695,167749.54
"15623062",660,71638.00
"15713621",687,198064.52
"15670668",658,54914.92
"15750638",705,190659.17
"15747878",739,51637.67
"15726796",844,119333.38
"15754952",602,127095.14
"15652192",759,93541.14
"15681924",747,89289.54
"15763544",673,108762.16
"15764431",671,28238.25
"15684010",640,34130.43
"15648881",581,7926.35
"15733303",630,27330.27
"15643294",703,79997.14
"15749905",698,50213.81
"15625175",742,60920.03
"15643967",652,197699.80
"15578251",644,92809.73
"15772573",735,163516.16
"15733234",777,62449.07
"15721582",644,115800.10
"15628219",665,110359.68
"15571302",529,78695.68
"15637178",803,128378.04
"15601184",604,155248.62
"15629511",738,123499.27
"15570629",655,99920.41
"15665766",698,53289.49
"15693732",775,67622.34
"15765982",735,11783.10
"15582016",766,62402.38
"15798024",537,186235.98
"15588622",599,79005.95
"15724863",420,144870.28
"15618213",674,95481.00
"15780411",570,820.46
"15725429",623,174777.98
"15600626",710,8991.17
"15668460",466,2797.27
"15576263",759,22303.17
"15720354",581,197562.08
"15691624",820,23067.97
"15793196",759,190294.12
"15633352",628,113167.17
"15750874",676,124777.14
"15588923",591,124625.08
"15715745",690,49599.27
"15611800",624,151411.50
"15576928",573,122964.18
"15793693",694,57088.97
"15581252",632,7820.78
"15797760",632,149188.41
"15790564",832,134638.97
"15593736",598,184980.23
"15595937",430,122373.42
"15815628",711,80215.20
"15782802",582,14081.64
"15627412",605,199390.45
"15734609",657,7667.48
"15710689",578,74965.61
"15565806",532,30583.95
"15815530",612,149682.78
"15632272",792,92664.09
"15684103",674,138423.10
"15654519",680,3148.20
"15767722",593,197933.50
"15654346",679,37341.17
"15660147",493,79577.40
"15814998",688,197602.29
"15802207",769,87537.32
"15658668",581,41623.59
"15715079",465,168280.95
"15570360",641,125986.18
"15674678",731,548.52
"15780925",625,96088.54
"15688193",468,107787.42
"15778219",790,20510.79
"15696514",587,192026.02
"15712303",692,118188.15
"15719090",676,189540.95
"15735632",571,63736.17
"15619436",700,95740.37
"15722404",445,127939.19
"15662063",746,193438.69
"15745605",722,90655.94
"15636658",596,12067.39
"15784130",850,54191.38
"15606755",597,58667.16
"15801699",436,35687.43
"15784097",660,14288.93
"15764654",649,247.36
"15612092",646,78111.84
"15610903",560,79547.39
"15705777",710,193266.72
"15661936",513,105028.46
"15700864",607,116106.52
"15722965",757,53179.21
"15737521",619,140947.05
"15814465",612,171837.06
"15580988",842,123437.05
"15789974",713,197519.66
"15713370",657,183058.51
"15748673",770,22710.72
"15754919",773,69303.15
"15641662",470,63705.90
"15813422",781,116429.51
"15713596",428,58381.77
"15791216",600,177378.66
"15689031",697,35450.53
"15763704",692,164621.43
"15631339",791,174435.48
"15771509",538,94047.75
"15769586",820,119087.25
"15656096",679,184800.27
"15585280",649,75035.48
"15743582",632,62703.38
"15761692",594,190882.69
"15627840",682,91981.85
"15778861",720,91881.29
"15770554",769,7118.02
"15806956",746,11710.40
"15701908",623,25904.12
"15736990",537,86911.49
"15743714",468,10958.18
"15807993",588,5790.90
"15644686",729,42855.97
"15677377",543,78915.68
"15626412",499,81409.00
"15643679",784,179252.73
"15728456",604,42171.13
"15630661",614,58965.04
"15734044",671,102681.32
"15705001",587,125553.52
"15809817",593,53478.02
"15809137",453,198376.02
"15751593",570,105525.36
"15626491",655,47349.00
"15765461",632,178822.32
"15568120",681,72127.83
"15787161",591,163504.33
"15812324",779,190623.02
"15588944",456,140758.07
"15694253",686,132374.41
"15759566",617,53949.98
"15675675",850,121982.73
"15802060",646,136983.77
"15660505",735,114371.33
"15782630",543,62389.35
"15700710",490,24435.77
"15742834",640,10908.33
"15806511",445,90977.48
"15608166",761,81062.93
"15614230",426,61230.83
"15729958",777,126837.72
"15800814",534,115668.53
"15674727",777,38819.45
"15657779",806,86994.54
"15801395",790,195204.99
"15757911",643,131301.74
"15665340",584,100835.19
"15787151",638,198969.78
"15757821",771,41542.95
"15600688",600,118272.07
"15594878",661,69586.27
"15569248",554,149629.13
"15812706",627,146680.25
"15645045",659,132809.18
"15766746",835,28707.69
"15700383",763,104706.29
"15632551",625,75335.68
"15795129",799,136827.96
"15650545",849,139065.94
"15612769",692,70179.91
"15710853",623,116160.04
"15623712",453,83008.49
"15653251",408,188484.52
"15755077",778,133699.82
"15808557",695,72172.13
"15614687",677,191057.76
"15626882",662,48233.75
"15748034",534,79178.31
"15632324",602,162347.05
"15761023",554,7611.61
"15761453",667,88890.05
"15646726",672,63833.09
"15637169",838,78310.04
"15636024",692,37898.91
"15801218",675,179521.24
"15642655",731,130726.96
"15690130",468,198714.29
"15653753",542,89543.25
"15641359",662,2423.90
"15776827",770,180326.83
"15647725",675,166305.16
"15648455",647,29883.63
"15580629",604,192029.19
"15730161",833,1710.89
"15626612",741,135163.76
"15662865",658,84927.42
"15629094",528,149912.28
"15651823",590,88206.04
"15594827",675,163667.56
"15786392",765,100153.43
"15727353",650,32275.09
"15733777",817,65501.91
"15614302",699,189392.66
"15723263",495,116069.24
"15687270",491,139861.53
"15803121",847,144184.06
"15598700",676,157888.50
"15741875",746,71911.30
"15631709",470,45033.75
"15672970",714,150465.93
"15761670",695,126381.60
"15706005",674,90189.72
"15790336",664,122433.09
"15754267",697,123825.83
"15791988",670,11426.70
"15683375",541,114951.42
"15625151",640,184636.05
"15635285",647,91055.27
"15574296",757,93991.65
"15711618",704,116511.12
"15670943",778,190631.23
"15634359",639,199970.74
"15586629",637,139947.17
"15588461",686,8816.37
"15773221",577,135650.72
"15664227",506,24577.34
"15741745",757,131249.46
"15652626",826,140126.17
"15599410",721,168219.75
"15571958",489,171867.08
"15785406",446,70613.52
"15687884",677,117946.30
"15621685",769,84872.66
"15628886",677,60590.72
"15699325",555,8444.50
"15578369",652,159132.83
"15654156",722,76998.69
"15707199",643,55835.66
"15671630",796,177524.19
"15632079",720,45985.52
"15767921",613,60297.72
"15573599",506,194421.12
"15747208",608,93568.77
"15582762",667,34702.92
"15772528",750,54473.60
"15755798",610,113943.17
"15788683",588,153727.32
"15616922",479,19116.97
"15771855",682,112554.68
"15601873",677,47318.75
"15657868",850,36690.49
"15711716",580,106918.67
"15734246",746,194563.65
"15792151",635,91086.73
"15770159",664,108008.65
"15747649",558,172363.52
"15639357",415,178587.36
"15738907",798,31907.44
"15663446",792,18922.18
"15750867",489,147222.95
"15715939",730,1474.79
"15763806",773,24924.92
"15637993",711,46884.10
"15720338",592,128918.42
"15627162",695,105291.26
"15596710",640,145381.65
"15781678",470,103792.53
"15634968",789,71121.04
"15609475",604,52327.57
"15573319",493,197428.64
"15738291",671,83210.84
"15782456",656,193099.43
"15794841",739,193008.52
"15684696",560,157567.37
"15629846",827,108977.50
"15674442",681,147759.84
"15571689",740,27528.40
"15730469",663,36479.27
"15809320",845,31726.76
"15684367",555,96398.51
"15793049",680,139558.60
"15603665",638,95007.80
"15613623",640,101663.47
"15569572",778,106197.44
"15698791",679,48466.89
"15626233",593,151978.36
"15607263",788,13288.46
"15610900",770,22666.77
"15624775",729,102391.06
"15691703",545,67830.20
"15745355",597,92090.36
"15724955",537,141023.01
"15628999",732,104222.80
"15654341",542,196395.05
"15744240",688,6866.31
"15632365",542,77737.86
"15729689",754,106116.84
"15759284",750,117948.00
"15602124",731,184581.68
"15661903",699,199378.58
"15664668",534,12483.39
"15736431",494,22404.64
"15748639",497,92887.06
"15628123",632,145157.97
"15602731",724,134889.95
"15794137",751,109309.29
"15748696",733,169964.12
"15725068",701,26327.42
"15807340",525,55072.93
"15586133",666,68574.88
"15576185",653,41671.81
"15660809",850,12409.01
"15616666",646,68367.18
"15706904",750,74564.41
"15606915",764,26843.76
"15749693",658,156774.75
"15791743",727,46019.43
"15796480",687,145411.39
"15790442",631,158268.84
"15609458",797,74637.57
"15593897",650,28391.52
"15604576",850,144385.54
"15666270",676,95181.06
"15572626",620,15627.51
"15727197",576,148477.57
"15714006",482,79957.95
"15642137",695,102763.69
"15665327",706,129654.22
"15626806",668,40652.33
"15662578",679,178291.09
"15790829",703,131906.44
"15654959",670,118607.40
"15760244",590,13848.58
"15715394",613,170903.40
"15722246",742,13161.66
"15609704",608,79304.38
"15757628",571,121402.53
"15633586",595,23305.01
"15565796",745,74510.65
"15717935",589,55601.44
"15577700",749,134526.87
"15747345",678,195424.01
"15678317",603,59563.49
"15698335",504,34595.58
"15768451",739,60036.99
"15753213",604,193021.49
"15769645",612,48108.72
"15657565",629,79082.76
"15620323",652,37914.12
"15679983",565,74593.84
"15812616",707,82967.97
"15601796",645,193441.23
"15729489",762,191790.29
"15613216",639,92455.96
"15657937",709,155231.55
"15815428",823,9217.92
"15632859",444,138743.86
"15640409",817,87941.85
"15699492",665,187508.06
"15623536",646,171519.06
"15707551",568,27012.00
"15577999",850,70916.00
"15788775",473,73073.68
"15758362",731,88783.59
"15807961",619,145524.36
"15710978",715,21333.22
"15703541",772,46675.51
"15626474",686,4802.25
"15608344",749,102975.72
"15768367",781,175071.29
"15806210",675,131970.86
"15697702",730,14174.09
"15689152",683,15378.75
"15568573",554,179797.79
"15689598",722,93917.68
"15713374",689,99490.01
"15679733",796,46415.09
"15759274",447,151815.76
"15607748",498,14865.05
"15607577",663,188007.99
"15813697",498,98175.74
"15801125",627,106851.70
"15777855",649,75204.21
"15635396",738,141872.05
"15698031",587,7103.71
"15678944",655,9241.83
"15718507",647,149517.71
"15808334",776,196079.32
"15804709",688,166165.93
"15645835",605,55724.24
"15738166",596,131768.98
"15675360",427,13858.95
"15793042",629,82774.07
"15630106",496,55389.59
"15810385",717,82336.73
"15578211",777,163225.48
"15572792",535,135536.72
"15620030",744,82422.97
"15783541",755,194660.78
"15679284",593,55347.28
"15582910",514,16717.11
"15688337",721,160277.65
"15734970",835,175905.97
"15759140",682,66040.83
"15643042",590,92198.05
"15773868",653,134625.09
"15615820",837,50974.57
"15730273",841,171922.72
"15724890",584,83058.14
"15765952",769,188382.77
"15685920",599,198030.24
"15663263",698,1055.66
"15568953",477,133173.19
"15643361",477,189875.83
"15699486",745,31802.92
"15747854",749,132649.85
"15691785",850,53067.83
"15709004",528,961.57
"15652218",750,71333.44
"15697127",543,16658.76
"15658486",579,74878.22
"15694160",624,112104.55
"15685290",595,48421.40
"15701042",596,170320.58
"15680449",431,37688.31
"15599860",647,136592.24
"15723169",640,48640.77
"15803842",752,89773.45
"15728224",710,42131.26
"15644174",638,186523.72
"15707110",660,41758.90
"15765415",609,199256.98
"15756751",596,153482.91
"15795151",705,21177.10
"15584037",727,25881.00
"15621409",496,66469.20
"15581102",554,142670.61
"15578096",537,103563.23
"15669887",839,69101.23
"15621834",700,59475.35
"15655341",458,135287.74
"15685314",850,38773.74
"15653997",699,138396.32
"15629551",615,110718.02
"15651264",850,118545.49
"15760825",604,123207.17
"15597394",668,99984.86
"15740383",594,58332.91
"15670562",470,50906.65
"15698117",701,127623.36
"15694805",664,169665.79
"15746802",477,194144.45
"15589428",756,35673.42
"15790267",625,177397.49
"15665402",703,159677.46
"15642093",646,153566.97
"15666181",650,52411.99
"15602554",664,79222.02
"15724251",682,32589.89
"15740147",725,93777.61
"15718289",553,112549.99
"15763148",576,191063.36
"15685245",608,153810.41
"15626985",850,105886.77
"15585823",627,96131.47
"15728167",667,15120.86
"15762928",548,16989.77
"15751774",774,143133.18
"15654733",794,93336.93
"15809777",497,9972.64
"15744200",587,30579.82
"15720713",850,199775.67
"15695356",722,179908.71
"15653315",555,101667.00
"15604792",609,171430.16
"15704819",734,112973.34
"15670859",718,190746.38
"15602797",645,187689.91
"15662533",598,153229.19
"15778154",628,14217.77
"15806230",629,64849.74
"15662884",739,160122.66
"15750778",653,138160.11
"15717185",711,64286.39
"15677804",783,80178.54
"15568915",681,101319.76
"15736495",712,92794.61
"15737354",554,63708.07
"15667889",611,110782.88
"15577831",560,10779.69
"15729836",646,183289.22
"15775293",680,66526.01
"15697597",631,123697.95
"15639669",746,155700.15
"15631392",654,82081.35
"15580935",687,121747.96
"15590344",708,172810.51
"15653306",679,159584.81
"15805025",636,108402.54
"15658449",695,77330.35
"15694450",677,21007.96
"15605666",720,9398.45
"15615126",780,182156.81
"15726588",653,110525.60
"15645095",674,51536.99
"15808960",620,49722.34
"15729435",623,66119.07
"15656840",547,37160.28
"15659149",530,197923.05
"15585490",746,65166.60
"15674929",512,49326.07
"15746341",630,42495.81
"15662091",570,148087.62
"15620123",605,9641.40
"15616240",530,164844.37
"15624186",813,132959.33
"15605036",704,135088.58
"15805151",565,4441.54
"15753847",645,174916.85
"15653222",526,1795.93
"15757541",778,180249.94
"15726945",677,153604.44
"15794276",588,189703.65
"15568328",488,66393.89
"15604355",519,30709.03
"15735788",709,71009.84
"15618255",642,143049.72
"15720941",710,1561.58
"15769110",653,49707.85
"15576094",743,29837.65
"15756150",418,9041.71
"15719579",670,198017.05
"15748854",723,143481.85
"15612455",549,146372.51
"15664802",543,101905.34
"15735687",595,134767.13
"15664734",673,103573.96
"15767894",741,139259.54
"15666884",508,187776.49
"15750156",662,8059.44
"15751120",752,124354.92
"15575748",809,109135.11
"15714610",575,82222.86
"15720305",591,136767.16
"15678129",643,155516.35
"15566633",698,144584.29
"15680436",496,164806.89
"15674343",597,109153.04
"15658890",603,86190.34
"15599004",655,106040.97
"15726487",431,168008.17
"15698716",620,33350.26
"15710527",782,119565.34
"15655590",581,188492.82
"15732266",553,165378.66
"15669326",658,14178.73
"15672246",686,97847.05
"15620276",539,118959.64
"15640258",685,50664.07
"15740283",850,152996.89
"15759717",763,19458.75
"15620268",634,115268.86
"15743871",567,25843.70
"15614491",539,147662.33
"15595047",764,134878.34
"15732334",653,35795.85
"15701206",566,66462.79
"15581280",714,69578.49
"15651943",580,103182.46
"15609545",548,177017.39
"15658548",646,53217.30
"15626008",622,162756.29
"15774133",706,42181.68
"15763798",680,31714.08
"15758013",698,25017.28
"15705765",581,104272.04
"15648362",728,84300.40
"15761102",707,136877.24
"15610165",761,199409.19
"15723717",483,163147.99
"15654611",736,136497.28
"15659736",716,10070.40
"15603170",654,190068.53
"15786167",649,58309.54
"15671915",649,76946.60
"15794792",612,54129.86
"15652789",657,52990.70
"15739168",511,161854.98
"15719950",682,172141.33
"15743818",748,124429.19
"15717937",554,24983.39
"15602841",794,86699.98
"15619972",807,125440.11
"15796114",594,9443.15
"15633546",652,195877.06
"15758755",729,105409.31
"15695168",625,100403.05
"15754342",597,48502.88
"15756610",657,47019.66
"15640917",633,48249.88
"15663164",663,84358.71
"15616811",535,145986.35
"15610781",702,88550.28
"15600911",712,3061.00
"15629603",607,43196.50
"15714981",476,55775.84
"15775892",748,134077.71
"15782778",815,198490.33
"15786643",602,116052.92
"15595657",649,123202.99
"15743673",551,85129.77
"15634310",509,180598.86
"15790809",685,198694.20
"15668695",536,42934.43
"15669281",711,114793.45
"15621031",761,63297.70
"15720071",535,61820.41
"15792180",566,102246.00
"15813894",620,154882.79
"15669490",837,140723.05
"15783030",685,72852.74
"15695792",673,85733.33
"15575676",638,162597.15
"15627665",614,74379.57
"15814092",626,173117.22
"15695225",834,66485.26
"15615091",691,92811.20
"15794345",706,46635.11
"15726484",633,124830.11
"15650442",644,167087.34
"15714256",666,163625.56
"15778752",708,172129.26
"15601659",496,163141.18
"15602811",730,94003.11
"15779414",696,138351.68
"15763097",809,34164.05
"15633666",701,97794.71
"15718789",604,75786.55
"15690620",665,136812.02
"15737071",639,84361.72
"15665062",696,2766.63
"15600692",520,163185.76
"15792064",545,180598.28
"15811486",634,69849.55
"15626141",750,19921.72
"15738546",530,147606.71
"15677052",589,126160.24
"15656454",654,47046.72
"15645496",648,143668.58
"15612505",835,152577.62
"15708513",446,191350.48
"15685654",514,14234.31
"15732307",694,77906.87
"15726814",554,57320.92
"15653776",720,27145.73
"15597914",641,26912.72
"15631603",813,26476.18
"15789753",480,79329.70
"15678034",811,13464.64
"15690209",715,114149.80
"15592091",620,135171.60
"15647453",721,1187.88
"15697100",772,184564.67
"15811290",680,33391.38
"15629187",535,9238.35
"15758073",655,28029.54
"15640769",660,42790.29
"15606641",762,77142.42
"15718280",662,146219.90
"15764335",463,70127.93
"15634218",501,132104.76
"15808760",603,90437.87
"15648461",688,113926.31
"15593555",430,12050.77
"15569079",632,64345.61
"15800736",601,199242.65
"15792607",769,75578.67
"15640034",551,43435.43
"15807563",841,183239.71
"15684461",469,146213.75
"15580134",479,40315.27
"15679075",701,16966.73
"15742504",593,80608.12
"15567328",738,19233.41
"15698294",635,135382.23
"15607142",658,80410.68
"15738516",687,17696.22
"15806403",650,17974.08
"15656707",720,180712.28
"15653715",602,56323.21
"15806184",618,77550.18
"15585734",803,166957.82
"15725639",793,184243.25
"15618401",616,114072.91
"15785385",550,153917.41
"15734762",602,4176.17
"15767129",452,142963.29
"15797204",655,76844.23
"15769272",510,159742.33
"15771966",557,177944.64
"15691952",676,166678.28
"15593250",640,44904.26
"15605333",529,10625.91
"15800083",559,169781.45
"15575691",689,49848.86
"15689886",626,51467.92
"15809838",697,735.79
"15736154",823,182495.70
"15767391",565,118740.37
"15704910",631,13813.24
"15656613",646,130500.65
"15611551",676,14152.15
"15732430",850,66963.15
"15741865",810,93261.69
"15634143",581,196582.28
"15609676",718,43024.64
"15761600",713,130001.13
"15676404",672,12106.82
"15659236",781,42556.33
"15690440",656,197961.93
"15694601",583,12538.92
"15812262",808,35140.49
"15762821",721,117626.90
"15669301",778,62454.01
"15672640",850,109089.04
"15750458",693,142331.39
"15627251",520,193209.11
"15764294",759,47832.82
"15659962",637,70174.03
"15788536",755,176768.59
"15596979",662,129392.75
"15681220",503,97893.32
"15635097",599,176142.09
"15780779",583,114093.73
"15798470",764,158323.81
"15760880",513,25514.77
"15616929",730,61513.87
"15758775",820,59553.34
"15663386",597,110253.20
"15621267",637,148769.08
"15720509",696,8236.78
"15693322",635,11407.58
"15589544",673,49684.09
"15772030",662,68064.83
"15693337",683,163911.32
"15676571",850,944.41
"15701392",815,185547.71
"15741092",671,140509.86
"15643865",601,164652.02
"15769389",709,73641.86
"15807768",702,40321.87
"15801630",558,173844.89
"15705034",691,145613.17
"15763107",700,174971.64
"15667085",667,131834.75
"15647008",624,110498.10
"15584505",580,196241.43
"15748068",571,194667.92
"15663964",561,83093.25
"15782311",529,52545.24
"15588197",670,59571.50
"15610105",666,99818.31
"15606133",628,172967.87
"15599403",577,178616.73
"15648225",652,159649.44
"15608406",678,60941.27
"15633378",692,178342.63
"15664759",675,191545.65
"15625545",712,117977.45
"15772148",639,49637.65
"15810829",618,13921.82
"15731669",554,173197.12
"15738634",533,137696.25
"15737571",540,80698.54
"15667602",704,73018.74
"15684147",678,79649.62
"15789874",712,166194.53
"15757952",651,102530.35
"15698732",789,74265.38
"15714355",775,125898.39
"15599090",564,83681.20
"15762048",841,99505.75
"15790596",850,92748.16
"15609623",637,28092.77
"15711901",500,126145.08
"15779809",655,188593.98
"15729018",666,56410.17
"15698246",658,84694.49
"15712409",749,195429.92
"15758306",654,137898.57
"15621435",623,78774.36
"15566295",761,148779.41
"15569098",627,35300.08
"15662532",757,197077.36
"15664001",695,70140.80
"15703437",726,196288.46
"15708003",587,1557.82
"15599452",605,23970.13
"15719793",850,180243.56
"15771580",850,148977.72
"15732268",751,39934.41
"15722350",627,133031.96
"15611371",736,52856.88
"15673584",652,937.15
"15636396",627,193022.44
"15706170",636,37490.84
"15725478",775,111558.70
"15654562",850,5669.31
"15737509",850,68106.29
"15690796",516,101834.58
"15716728",513,73151.25
"15605665",673,37196.15
"15748481",564,7819.76
"15757777",636,23129.46
"15747808",712,189680.79
"15810593",568,66586.56
"15693376",741,2920.63
"15579808",754,87684.93
"15598275",709,199418.02
"15737080",510,28515.17
"15668580",716,92916.53
"15569438",607,198313.69
"15675842",656,36308.93
"15577587",550,41730.37
"15625592",486,31399.40
"15635141",598,60192.14
"15642570",675,29062.25
"15702175",755,28805.09
"15677785",656,133814.28
"15786153",644,151902.78
"15759499",598,167376.26
"15659568",850,31022.56
"15715597",679,188997.08
"15610147",632,2085.32
"15802362",550,70399.71
"15660524",572,195771.95
"15747168",626,166475.44
"15796910",625,84106.17
"15707674",515,81436.68
"15565706",612,83256.26
"15587596",628,117523.41
"15751943",529,79476.63
"15621227",668,173052.19
"15757588",526,100995.68
"15640922",791,122782.50
"15567557",573,11631.34
"15670103",565,168303.55
"15720929",604,9308.10
"15732774",656,153157.97
"15628558",447,75408.24
"15729201",682,153356.80
"15731117",437,152987.42
"15615207",792,5557.88
"15773512",627,194313.93
"15572145",767,94767.77
"15642710",686,1540.89
"15574213",789,5036.39
"15718852",794,71776.76
"15583840",587,23481.69
"15782418",589,143022.31
"15813504",543,161407.48
"15711314",589,125939.22
"15621064",701,76611.33
"15627847",850,136985.08
"15588090",726,140937.91
"15735270",767,48161.18
"15671804",648,130041.45
"15753215",651,91652.43
"15789941",633,125961.48
"15691061",740,73225.31
"15808326",592,20460.20
"15566660",670,81602.02
"15778947",628,8742.91
"15632977",745,145789.71
"15591747",705,129576.99
"15567335",559,190040.29
"15609299",595,87771.06
"15669945",492,39519.53
"15736271",498,190035.83
"15710390",655,148948.52
"15756481",636,184691.77
"15736730",634,143458.31
"15626040",793,27166.75
"15746553",526,159456.87
"15622518",768,70454.79
"15684908",540,95421.00
"15569446",732,187985.85
"15777504",617,92621.90
"15677906",637,150836.98
"15703292",573,90177.30
"15712938",531,34416.79
"15631359",489,85231.88
"15720847",601,118983.18
"15787830",452,111868.23
"15599869",728,83056.22
"15592078",590,1676.92
"15596228",490,32089.57
"15578462",596,13455.43
"15756894",635,24865.54
"15796167",782,117644.36
"15664808",790,98897.32
"15664555",587,106174.70
"15607278",794,46386.37
"15585222",515,185054.14
"15750299",746,47997.39
"15761294",667,130846.79
"15810454",709,40861.55
"15673984",536,171840.24
"15609319",711,101455.07
"15709941",753,90747.94
"15580252",748,2048.55
"15741275",623,84421.34
"15707132",465,78698.09
"15600708",640,168544.85
"15804787",562,39351.64
"15690021",502,28204.98
"15763895",536,22375.14
"15623478",670,134942.45
"15797910",775,134901.57
"15577751",759,8693.80
"15781777",604,42437.75
"15740527",766,5893.23
"15721251",554,36242.19
"15602994",487,90076.85
"15750769",725,150507.43
"15740175",732,87422.15
"15679968",623,192867.40
"15694404",781,175674.01
"15657529",714,72496.05
"15762882",577,145250.43
"15642579",731,180712.52
"15598884",650,180622.43
"15770185",779,86306.75
"15800287",706,150156.82
"15665861",733,101617.43
"15662203",579,85424.34
"15616454",476,197221.81
"15702788",775,70196.57
"15778149",538,110440.50
"15680001",602,124389.61
"15711991",615,3183.15
"15633834",700,146723.72
"15765266",615,2139.25
"15791867",544,69228.20
"15675380",573,115462.27
"15770576",555,62375.10
"15775294",692,91829.17
"15727059",476,182547.04
"15702499",770,14725.36
"15611699",641,126996.67
"15654000",705,133991.11
"15657881",784,169920.92
"15719991",727,80259.67
"15720687",576,191035.18
"15687079",646,40421.87
"15582276",638,155643.04
"15763980",632,78670.52
"15720774",850,104240.77
"15592194",492,95957.09
"15803685",673,59595.66
"15759456",609,46266.63
"15611544",701,189085.07
"15794257",651,123954.15
"15681697",508,129803.08
"15579566",616,18761.92
"15577970",489,43540.59
"15727489",567,62193.92
"15764284",714,129130.09
"15581811",678,16146.00
"15622527",581,22442.13
"15753362",748,78194.37
"15666652",781,124297.32
"15789714",691,104648.58
"15771543",507,166423.66
"15748327",724,157137.23
"15754649",705,34134.14
"15810460",708,112520.07
"15771742",580,128481.50
"15642160",850,16491.64
"15798439",714,132979.43
"15605293",559,196645.87
"15692631",577,127506.76
"15665376",647,147930.46
"15772412",554,179689.05
"15654577",549,2619.64
"15585427",528,166799.93
"15584536",720,133516.51
"15585853",743,163736.09
"15645271",615,179488.41
"15579387",635,113291.75
"15623107",686,64907.48
"15754072",840,141364.27
"15666163",695,101141.28
"15765192",564,183490.99
"15804822",805,4798.12
"15612893",558,131807.14
"15593636",657,97192.76
"15693326",641,164128.58
"15809901",755,176809.87
"15759751",483,110059.38
"15605425",545,108398.63
"15801934",678,47117.03
"15592000",781,124720.68
"15618695",571,53328.70
"15637110",634,82634.41
"15727408",523,147059.16
"15716328",501,141946.92
"15669060",662,123583.85
"15675854",573,155915.24
"15621116",648,29076.27
"15781495",662,97382.80
"15740470",725,57643.55
"15714391",563,66006.75
"15730137",628,72350.47
"15596455",546,197789.83
"15717290",688,65520.74
"15616555",850,31825.84
"15659820",614,185561.89
"15696301",719,25803.59
"15771087",757,154337.47
"15808831",669,138145.62
"15812241",438,51565.98
"15680370",492,71323.23
"15780561",622,38882.34
"15800784",645,676.06
"15715796",728,72203.80
"15605375",651,174094.24
"15621520",783,2150.22
"15665460",732,177783.04
"15801152",553,44363.42
"15756425",660,96847.91
"15674328",670,148579.43
"15742404",718,38308.34
"15757140",787,142538.31
"15570051",775,153122.58
"15669175",479,169505.83
"15790324",660,57929.90
"15691119",721,175399.14
"15743478",659,107964.36
"15707007",743,94263.44
"15572547",670,155921.81
"15567063",766,137995.66
"15689633",845,179631.85
"15720637",710,166586.99
"15616859",602,115116.35
"15766166",604,23881.62
"15617655",564,105837.38
"15623450",637,101418.05
"15796612",527,182266.01
"15795963",687,28698.17
"15781598",756,50422.36
"15691871",503,151336.96
"15740345",657,112979.60
"15662626",666,36371.27
"15596575",615,52166.25
"15657321",712,147261.58
"15575955",764,88724.49
"15743893",471,190531.77
"15697270",608,199953.33
"15644356",682,144290.97
"15677586",587,130514.78
"15571261",714,53954.24
"15698758",630,169802.73
"15787014",648,146851.73
"15739857",785,96832.82
"15774630",601,57553.02
"15805523",717,74800.99
"15749557",707,192542.17
"15681180",771,72990.62
"15742028",602,31050.02
"15686463",626,52795.56
"15654379",588,27435.41
"15783629",616,150266.81
"15751193",621,40299.23
"15724099",674,149369.41
"15568429",633,120250.58
"15648967",698,84760.32
"15664498",508,156424.40
"15779522",736,109355.73
"15583850",672,184936.77
"15696539",613,36560.51
"15760121",712,165693.06
"15628279",624,163666.85
"15766163",676,35644.79
"15566467",683,188203.58
"15639049",489,6120.84
"15736413",739,164484.78
"15634815",701,164268.28
"15716381",666,140136.10
"15708162",565,121084.27
"15569364",666,35156.54
"15791191",633,103159.11
"15621205",578,74858.30
"15704788",812,91556.57
"15775756",809,199203.21
"15641312",615,27011.80
"15782531",684,188637.05
"15724428",544,61581.20
"15743617",713,197529.23
"15585839",633,182258.17
"15658158",672,80778.50
"15637678",661,155394.52
"15701809",749,3408.70
"15676937",635,19367.98
"15778975",850,62282.99
"15710375",641,65396.79
"15579914",633,139712.81
"15595160",413,60972.84
"15595391",538,1375.46
"15630363",437,22191.82
"15692443",612,8973.67
"15593795",516,118502.34
"15642824",826,161802.82
"15683524",660,90494.72
"15713532",646,15470.91
"15719827",767,65147.27
"15578435",640,157886.60
"15723028",778,85439.73
"15595609",679,54038.62
"15622443",549,25684.85
"15579112",598,186116.54
"15648479",655,166830.71
"15659234",494,27886.06
"15811970",653,5768.32
"15774192",539,80575.44
"15595136",645,68987.55
"15630580",751,27097.82
"15660646",528,199320.77
"15614365",696,5566.60
"15776128",716,133871.83
"15787035",602,152843.53
"15792646",647,41800.18
"15726832",850,92053.75
"15773260",590,100717.54
"15624437",825,42935.15
"15717138",850,149170.92
"15657317",789,107499.39
"15626948",701,153342.38
"15758901",713,107825.08
"15777759",570,47952.45
"15773322",536,131007.18
"15697318",771,33143.04
"15678916",512,123304.62
"15632118",698,141970.02
"15788118",656,37136.15
"15788930",761,199293.01
"15628583",709,161388.22
"15635177",597,70532.53
"15587690",592,144290.25
"15627630",599,96069.82
"15610930",572,185662.84
"15657747",611,17913.25
"15568006",634,101039.53
"15751748",666,156953.54
"15722212",696,28276.83
"15658670",669,84049.16
"15761654",726,147822.44
"15812210",497,9497.99
"15787051",750,87067.73
"15642991",850,23237.25
"15713769",617,27239.28
"15605826",652,151481.86
"15648898",560,114669.79
"15705309",629,116748.14
"15734202",660,90877.76
"15658852",676,133692.88
"15612633",581,30662.91
"15604818",798,191395.88
"15593900",705,106648.58
"15624995",714,50899.91
"15570087",664,115452.51
"15802617",697,64139.10
"15656029",609,22030.72
"15739194",548,38434.73
"15607275",850,42774.84
"15629475",656,158973.77
"15635034",727,34551.35
"15756333",642,101515.76
"15777436",710,9561.73
"15676835",710,168313.17
"15574206",718,55100.09
"15613017",586,31830.06
"15815131",617,71519.40
"15585455",630,32599.35
"15692929",791,139946.68
"15758081",673,110468.51
"15667476",477,74042.00
"15738248",662,151871.84
"15672152",850,199693.84
"15673372",635,58907.08
"15587611",537,103799.77
"15803415",579,93835.64
"15715673",651,156425.57
"15655648",610,123723.83
"15763613",581,199464.08
"15660385",592,83084.33
"15733261",688,25488.43
"15796231",681,9596.40
"15624866",658,70370.24
"15623730",792,86330.32
"15668248",528,168507.68
"15694518",624,111605.90
"15638028",562,143317.42
"15795895",678,27619.06
"15694376",705,146573.66
"15669204",650,69055.45
"15773779",593,54453.72
"15580682",652,33524.60
"15768530",554,135083.73
"15672875",584,137439.34
"15617082",516,11205.50
"15760514",789,60176.10
"15761775",598,29552.70
"15799964",669,188795.85
"15693906",645,11638.17
"15739514",659,93155.75
"15756926",833,48986.18
"15770984",697,116951.10
"15703979",580,137041.26
"15801821",691,44653.50
"15711028",534,104035.41
"15791842",478,110593.62
"15746127",572,36099.70
"15663625",501,12470.30
"15604891",624,95403.41
"15589666",595,151757.81
"15627881",603,47536.46
"15664895",602,101274.17
"15676094",500,140268.45
"15761720",422,11663.09
"15611961",615,150784.29
"15680167",635,119400.08
"15762543",711,126188.42
"15658475",834,89983.02
"15779743",633,29761.29
"15661532",650,27073.81
"15782360",743,96399.67
"15767908",567,45422.89
"15677105",706,108699.59
"15641474",638,38967.29
"15624451",641,116466.19
"15577985",574,17993.43
"15571666",642,43250.54
"15783691",722,125240.80
"15671172",623,191415.94
"15731760",681,90860.97
"15585599",530,141872.52
"15784958",797,49418.87
"15734524",653,170426.65
"15614103",850,51016.02
"15794895",581,81175.25
"15772381",589,99106.97
"15710553",555,79134.78
"15649292",748,163550.58
"15792565",745,67769.94
"15718245",730,126592.01
"15703117",565,89602.81
"15758136",778,179421.84
"15799932",812,156906.15
"15633516",526,168486.02
"15622532",708,132730.07
"15798960",680,39057.67
"15698664",567,174606.35
"15703614",564,79259.77
"15699195",709,168515.61
"15710543",629,161125.67
"15695499",510,77878.62
"15622321",506,80823.02
"15715744",605,119348.28
"15788151",650,178331.36
"15687153",850,119174.88
"15684958",489,82662.73
"15706116",659,40441.10
"15740557",753,109881.71
"15707291",477,157937.35
"15583353",610,38276.84
"15761024",619,65222.48
"15630709",619,2181.94
"15639590",758,156249.06
"15659399",516,45591.23
"15567078",789,79458.12
"15696373",687,103042.20
"15786617",485,70209.83
"15657449",446,176743.51
"15672594",597,10703.53
"15714240",712,151425.82
"15782144",522,3894.34
"15665008",805,28861.69
"15581733",781,177703.15
"15751392",689,136649.80
"15785815",670,175894.24
"15664214",670,76257.46
"15579996",524,193668.49
"15675252",734,125671.29
"15579617",489,174098.28
"15593976",578,187866.21
"15716041",622,100862.36
"15654489",843,10804.04
"15736302",687,170893.85
"15805909",700,22698.56
"15572762",410,89822.48
"15724632",537,175262.49
"15670416",780,15705.27
"15749528",652,170025.43
"15578783",620,17242.79
"15580719",697,79734.23
"15656293",786,92712.97
"15691875",850,99689.48
"15596870",749,93336.30
"15780770",445,175893.53
"15751491",443,42840.18
"15706200",637,140298.24
"15808674",616,144000.59
"15641411",756,113408.11
"15764661",644,96420.58
"15689492",850,125806.30
"15602405",703,65720.92
"15610271",684,31002.03
"15791780",706,158248.71
"15589147",580,94677.83
"15756975",777,17257.72
"15729582",676,101397.86
"15742971",708,84870.23
"15568046",809,183515.13
"15694890",588,75969.19
"15736963",623,146379.30
"15646490",537,127154.80
"15607314",536,2019.78
"15576745",769,197885.72
"15669606",690,138017.68
"15737832",771,170984.97
"15681990",497,55859.27
"15758050",622,4459.50
"15787848",602,102135.92
"15713594",543,112771.95
"15588186",520,32903.93
"15786739",669,162260.93
"15699467",631,87959.83
"15680706",537,166476.95
"15645717",732,25438.87
"15748597",844,157230.06
"15773709",838,197305.91
"15629787",652,44435.76
"15661007",660,181051.99
"15686812",692,159069.37
"15754113",588,155485.24
"15749489",533,43852.05
"15574352",850,140071.57
"15701281",511,49089.36
"15811985",530,55893.37
"15713505",554,192660.55
"15685653",585,137028.51
"15758831",754,34430.16
"15618774",474,108409.17
"15764448",837,145325.32
"15611024",567,81425.61
"15738220",800,51553.43
"15805764",646,52795.15
"15580487",627,84270.09
"15675787",505,145011.62
"15583580",566,66245.44
"15780654",619,36446.74
"15695034",757,137136.29
"15805671",648,117323.31
"15790658",621,74157.71
"15578648",543,104253.56
"15734987",658,2748.72
"15721740",633,195937.16
"15641822",648,22101.86
"15765650",501,126535.92
"15788556",683,44692.63
"15576550",619,112442.63
"15622230",705,66331.01
"15653937",638,16657.68
"15743538",710,20081.30
"15591740",590,93820.49
"15650086",725,130795.52
"15718773",638,160129.99
"15615140",791,189969.91
"15644361",702,9712.52
"15774536",607,196062.01
"15618661",535,125710.53
"15605020",651,23054.51
"15762134",506,170679.74
"15685279",511,181258.76
"15582849",757,22835.13
"15655410",768,102397.22
"15649129",757,115950.96
"15702380",663,15876.52
"15759067",537,117690.58
"15683027",570,173792.77
"15597487",850,80992.80
"15763256",661,189398.18
"15620111",659,56787.80
"15623053",454,148309.98
"15595592",708,179673.11
"15740072",720,138470.21
"15778005",785,163798.41
"15583278",743,33693.78
"15601263",493,48545.10
"15709222",557,123427.98
"15713949",850,174183.44
"15717706",799,17938.00
"15756071",756,90059.04
"15696564",752,137694.23
"15657637",696,65039.90
"15755863",630,162858.29
"15719858",659,35701.06
"15688876",685,18826.06
"15698528",599,130086.47
"15770345",559,143360.56
"15761506",615,159920.92
"15716619",580,12099.67
"15788367",487,53087.98
"15709451",646,142839.82
"15640421",811,178.19
"15580068",526,105618.14
"15677123",767,24734.25
"15619801",548,82245.67
"15582246",737,177695.67
"15711843",613,107961.11
"15680046",711,55207.41
"15804131",850,182633.63
"15722611",752,51587.04
"15729224",710,115403.31
"15811588",664,186392.99
"15702138",510,44374.44
"15749799",577,84033.35
"15752885",529,82276.62
"15674932",757,177528.92
"15743828",691,56850.92
"15642022",621,47972.65
"15746461",709,104982.39
"15809991",756,133535.29
"15787322",788,25571.37
"15575498",705,96075.55
"15691387",483,81634.45
"15765457",719,165008.97
"15666173",793,138191.81
"15627377",593,99136.49
"15656683",551,63584.55
"15679810",690,160532.88
"15606310",823,162683.06
"15756871",512,134878.19
"15610002",802,134626.30
"15567802",450,175480.93
"15745452",651,174337.68
"15617252",697,172524.51
"15753248",611,25395.83
"15610755",643,184856.89
"15662238",822,182624.93
"15799186",632,192505.62
"15686941",575,112507.63
"15601172",672,177295.92
"15723858",517,12465.51
"15615896",621,36122.96
"15737647",775,37836.64
"15582841",600,34747.43
"15760090",640,131097.90
"15588587",752,105280.55
"15683157",613,149653.81
"15694209",484,139390.99
"15655875",511,132436.71
"15805704",745,179705.13
"15744789",786,15796.66
"15799357",727,142754.71
"15726153",622,2578.43
"15713346",794,88992.05
"15665053",636,32936.44
"15592379",741,39122.58
"15692599",687,191092.62
"15620758",660,129149.06
"15637428",660,13218.60
"15808389",617,160589.18
"15807003",762,179657.83
"15702912",752,44335.54
"15590623",561,29217.37
"15728078",609,43651.49
"15708256",803,159654.00
"15582335",556,17992.94
"15649150",531,141501.45
"15691647",411,93825.78
"15668270",587,41852.24
"15624820",683,97629.31
"15736254",654,37065.66
"15720814",670,38614.69
"15642997",655,87816.86
"15693200",752,184866.86
"15624596",534,160176.47
"15807167",635,164357.10
"15660301",491,17818.33
"15593094",516,142680.64
"15618239",530,85081.09
"15574137",687,176450.19
"15614740",684,121967.88
"15574071",706,127187.04
"15671148",490,108313.34
"15721921",796,57205.55
"15717995",849,157891.86
"15632050",779,86927.53
"15647111",794,107753.07
"15759991",748,82158.14
"15790204",663,29135.89
"15686780",645,17095.49
"15640491",464,100447.53
"15783225",737,83470.40
"15734438",590,121846.81
"15688760",522,129107.59
"15768124",648,54726.43
"15661330",754,116141.72
"15781272",669,124872.42
"15573888",648,186438.86
"15575858",763,134281.11
"15645937",790,91044.47
"15702337",581,74320.75
"15764537",703,9704.66
"15619616",571,128600.49
"15585133",657,6468.24
"15573971",737,57898.58
"15579433",793,192120.66
"15777045",783,164213.53
"15611580",751,117547.76
"15614778",579,26149.25
"15771750",655,9181.66
"15593280",614,166588.76
"15569274",678,195053.58
"15654408",562,85787.31
"15657468",711,102428.51
"15614213",620,71175.94
"15589869",437,166440.32
"15693205",691,148848.76
"15797113",552,140286.69
"15676958",765,104220.50
"15739592",707,70778.63
"15656263",764,65868.28
"15636872",585,171482.56
"15589435",784,143204.41
"15640464",605,28427.84
"15723851",699,78387.32
"15722122",544,161076.92
"15696852",803,54277.45
"15634936",735,137180.95
"15575935",673,21063.71
"15634491",652,152210.81
"15628530",694,88890.75
"15678720",741,190534.76
"15627999",590,83090.35
"15571244",809,141426.78
"15739931",523,51358.66
"15806256",540,88703.04
"15787258",596,116696.77
"15706463",597,7156.09
"15691004",407,49161.12
"15792228",748,126743.33
"15733447",562,65390.46
"15679062",734,138835.91
"15594409",710,36154.66
"15613816",539,59755.14
"15681991",542,125302.64
"15796074",717,94274.72
"15625941",682,102260.16
"15615016",515,136028.97
"15748414",526,110114.38
"15751203",702,100442.22
"15662658",651,193597.94
"15574868",792,1871.25
"15790282",817,42831.11
"15762927",674,182156.86
"15803456",641,151648.66
"15771857",513,146738.83
"15700601",561,12148.20
"15569670",627,118029.09
"15772341",682,50783.88
"15661548",683,129891.66
"15787597",420,9904.63
"15806913",670,63213.31
"15804862",505,137565.87
"15792986",580,17185.95
"15625632",577,143783.46
"15727703",773,36823.28
"15606273",616,154957.66
"15799652",763,31892.82
"15715047",640,191084.40
"15784687",592,179718.17
"15615322",528,159823.16
"15722072",630,114110.97
"15646784",529,60993.23
"15644692",546,66408.01
"15670354",753,136398.90
"15716357",772,140709.25
"15786717",567,8555.73
"15771383",628,115022.94
"15649793",658,187638.34
"15731543",679,3829.13
"15684516",629,119357.93
"15677249",731,192175.52
"15581525",775,128841.31
"15628420",660,150422.35
"15600478",752,188187.05
"15594502",655,1775.52
"15784361",543,85086.78
"15767626",811,3797.79
"15632521",689,150856.38
"15665088",531,90537.47
"15652084",515,166370.81
"15574761",466,178994.13
"15729515",782,195681.43
"15682070",611,53277.15
"15743817",621,172490.78
"15572158",604,11819.84
"15584477",655,82900.25
"15614893",689,82709.80
"15665963",681,180593.45
"15612524",643,172363.41
"15596962",617,91195.12
"15744942",638,108987.25
"15573278",743,44265.28
"15717056",828,116613.26
"15795881",776,148527.56
"15758939",540,84239.46
"15792250",616,62002.04
"15740406",628,46044.48
"15768137",667,169669.33
"15569120",615,156346.84
"15723721",543,157711.18
"15777122",553,89087.40
"15742681",554,8742.36
"15582090",684,117038.96
"15711254",452,164241.67
"15775067",606,137720.56
"15602851",629,106.67
"15802857",659,1539.21
"15701175",493,59659.53
"15783019",794,173586.63
"15728912",554,126033.90
"15585580",796,62808.93
"15583480",807,147007.33
"15620341",500,196261.64
"15613886",722,44560.17
"15792916",559,18917.95
"15710408",584,4525.40
"15598695",834,93112.20
"15649354",754,9658.41
"15737556",590,182627.25
"15671610",740,13177.40
"15625092",502,43568.31
"15741032",733,117830.57
"15750014",755,117396.25
"15784761",554,96929.24
"15768359",534,36275.94
"15805769",656,116706.00
"15719508",575,168080.53
"15609011",480,25887.89
"15703106",575,122488.59
"15626795",672,113171.61
"15773731",758,100365.51
"15756196",682,124151.37
"15687903",501,112664.24
"15777599",746,183494.87
"15754577",556,198810.65
"15584113",823,131259.60
"15669589",491,116471.14
"15632793",638,15336.40
"15711130",734,99593.28
"15615254",555,170514.21
"15720583",745,34265.08
"15780432",728,106977.53
"15673223",626,164287.86
"15807989",681,25292.53
"15761168",478,51820.87
"15651272",709,81452.29
"15812832",562,1354.25
"15722425",639,111340.36
"15680517",769,71379.92
"15750569",684,154137.33
"15690743",536,64308.49
"15627741",631,31613.35
"15712121",657,27738.01
"15805429",699,163570.25
"15814923",606,193878.51
"15589230",612,147545.65
"15775490",660,195906.59
"15749727",829,178458.86
"15619238",567,156125.72
"15593468",850,11159.19
"15718454",712,45738.94
"15789498",562,140650.19
"15744691",755,4733.94
"15708289",793,10579.72
"15790412",471,179655.87
"15741416",707,77502.56
"15598894",784,145759.93
"15663294",703,56246.72
"15572728",704,151335.24
"15706729",662,179833.45
"15674433",636,191627.85
"15641170",640,173016.46
"15806284",739,58469.75
"15690958",767,28038.28
"15606386",753,159576.75
"15682322",714,151280.96
"15579915",707,139953.94
"15681928",577,105407.79
"15734005",633,56865.62
"15650432",849,198072.16
"15592578",614,137791.18
"15671243",558,103787.28
"15775709",832,30912.89
"15702631",567,78651.55
"15602282",587,123309.57
"15717879",712,174118.93
"15740878",655,85736.26
"15794468",641,121138.77
"15773277",676,84199.78
"15572657",472,181224.56
"15800295",644,141230.07
"15672397",598,158111.71
"15684921",792,130639.01
"15720676",700,17040.82
"15731829",616,25662.27
"15732672",743,193360.69
"15692406",427,121485.10
"15764405",731,162452.65
"15757537",610,141137.53
"15793307",724,185541.20
"15660679",653,118383.18
"15666856",774,8214.41
"15687372",547,46521.45
"15667289",719,10772.13
"15624641",740,199290.68
"15734610",543,85983.54
"15631882",688,129870.93
"15642709",474,63158.22
"15811026",505,171070.52
"15596303",688,53222.15
"15787255",650,179834.45
"15617166",610,114514.64
"15742442",705,139162.15
"15758692",669,50249.16
"15568238",650,113469.65
"15730353",550,147484.13
"15731555",595,191448.96
"15582404",572,119381.41
"15721462",622,33277.31
"15632899",662,73107.53
"15808526",783,96590.39
"15694349",714,6923.11
"15718465",671,176403.33
"15682995",600,64349.60
"15584776",847,116097.26
"15777772",650,29861.13
"15576156",710,48426.98
"15646756",682,32770.56
"15742886",642,117060.20
"15586135",536,136197.65
"15616152",754,27438.83
"15721460",678,192156.54
"15727317",533,69409.37
"15649536",741,58440.43
"15754929",757,192519.39
"15572051",721,144874.67
"15668142",700,175373.46
"15701176",663,440.20
"15708422",677,76637.38
"15655632",655,49480.66
"15744606",832,10417.87
"15612140",721,67976.57
"15656086",542,140929.98
"15655298",654,47139.06
"15644796",821,126241.40
"15726250",508,22614.19
"15764432",588,48498.19
"15631721",691,103511.26
"15707479",664,122073.48
"15579826",439,65535.56
"15668104",479,160060.90
"15641604",850,155879.57
"15587240",518,194416.58
"15680767",717,21630.21
"15601594",698,157143.61
"15589969",850,52796.31
"15703728",700,121798.52
"15617790",626,41104.82
"15662500",774,10604.48
"15778526",719,78563.66
"15670584",646,170821.43
"15748069",485,113266.09
"15680597",784,171768.76
"15628992",850,54416.18
"15719624",669,130755.34
"15812767",731,141180.66
"15689201",721,183421.76
"15614716",515,132770.11
"15683618",774,24400.37
"15799631",585,180318.60
"15692259",695,111565.45
"15590966",729,2002.50
"15656426",713,82565.01
"15675256",555,121789.30
"15751185",699,193785.87
"15789582",587,64593.07
"15651103",762,196993.69
"15672299",510,175518.31
"15772250",842,17268.02
"15763922",608,60901.72
"15633870",850,100750.03
"15624323",642,195224.91
"15688612",850,3510.18
"15694644",455,81250.79
"15587174",726,91844.14
"15579559",544,80676.83
"15775430",651,129912.74
"15623695",814,142029.17
"15760849",537,137651.60
"15813095",553,33877.29
"15705281",800,78744.39
"15812594",791,96734.46
"15626322",699,164756.81
"15723105",756,164394.65
"15588449",591,162501.83
"15794849",850,10541.38
"15620000",760,59325.21
"15799720",569,178187.28
"15711287",661,142626.49
"15613102",670,181893.31
"15621440",694,156858.20
"15677146",728,33074.51
"15801169",764,50072.94
"15682421",683,100496.84
"15691910",663,101371.05
"15721779",826,180934.67
"15579548",735,105152.17
"15681075",682,706.50
"15607884",663,101168.90
"15767757",562,6795.61
"15791550",696,196111.35
"15658589",850,171960.76
"15670822",719,177497.40
"15629744",804,147995.96
"15660768",604,36209.10
"15726310",782,143614.01
"15641298",512,14828.54
"15625675",569,154775.70
"15713354",597,70529.00
"15633866",753,57896.27
"15704231",430,69759.91
"15735400",756,89938.08
"15632826",493,89578.32
"15751022",777,73464.88
"15664737",779,138542.87
"15681126",702,161888.63
"15738954",551,86937.20
"15662263",749,42241.54
"15621611",742,121207.66
"15783752",752,102930.46
"15709474",740,65121.63
"15701280",576,78498.04
"15671104",637,104769.96
"15796434",724,96498.14
"15781505",685,38691.34
"15625819",625,164804.02
"15753174",571,104152.65
"15654067",584,88866.92
"15724719",550,129890.94
"15624695",662,179258.67
"15718216",803,72051.44
"15586300",615,74580.80
"15783349",481,123995.15
"15725767",701,38960.59
"15791925",751,94951.27
"15793585",675,56642.97
"15576641",733,50783.10
"15749519",822,9149.96
"15684960",559,21006.10
"15591286",731,33759.41
"15668323",678,196622.28
"15608528",645,176353.87
"15645184",701,176943.59
"15702566",554,177966.24
"15660840",723,162198.32
"15750811",766,197643.24
"15733842",597,60420.07
"15581526",574,70550.00
"15662751",655,198798.44
"15684319",780,126310.39
"15702190",672,64515.50
"15588517",717,158580.05
"15801863",521,129353.21
"15584271",633,137273.97
"15700366",669,171575.54
"15804038",740,96528.00
"15720820",462,64421.02
"15743759",619,158444.61
"15749947",665,66548.58
"15670496",655,108008.05
"15746664",463,128268.39
"15745533",799,37464.00
"15761497",713,157381.14
"15628600",807,194257.11
"15627002",728,139059.05
"15614635",582,40893.61
"15731281",704,40261.49
"15814022",714,46203.31
"15659194",628,13126.90
"15745030",809,165675.01
"15691817",547,5459.07
"15707488",560,131919.48
"15784700",811,182372.35
"15710397",584,147600.54
"15687648",691,92865.41
"15732281",680,67142.97
"15607230",588,65611.01
"15567630",721,138564.48
"15587507",850,187391.02
"15733904",529,33656.35
"15709511",622,100618.17
"15579616",683,198134.90
"15694852",575,50368.87
"15589924",577,108787.00
"15799300",510,33099.41
"15731330",652,124550.88
"15694129",569,5159.21
"15620372",687,48228.10
"15744622",822,108798.36
"15799815",656,21085.12
"15759250",745,28922.25
"15732643",386,62514.65
"15690540",684,177506.66
"15803078",635,90605.05
"15652180",582,132029.95
"15741195",613,176903.35
"15743490",795,29239.29
"15575510",659,153662.88
"15732610",745,154389.18
"15602909",604,166224.39
"15734058",509,21646.20
"15801788",706,171037.63
"15702462",619,112649.22
"15683416",572,193014.26
"15794187",695,118120.88
"15792989",543,25650.04
"15613734",640,113048.79
"15606177",672,87372.49
"15636700",701,146651.99
"15645766",634,8227.91
"15671345",531,57034.35
"15652469",699,93003.21
"15749638",605,165574.54
"15728706",534,13566.48
"15735439",449,82796.29
"15778696",684,119830.08
"15624744",622,72155.85
"15584338",714,62762.12
"15726178",712,183235.33
"15794939",783,105206.48
"15788068",743,22512.44
"15572956",683,122305.91
"15780386",654,173617.09
"15791114",700,160670.37
"15708046",744,158958.90
"15719779",645,93073.04
"15591550",525,67238.01
"15639368",732,172576.56
"15699830",721,122580.48
"15569264",622,149043.78
"15595158",654,105218.45
"15599126",529,78463.99
"15650575",720,160849.43
"15641490",850,87834.24
"15680234",667,166317.71
"15592230",620,137309.06
"15626212",616,166984.44
"15700627",637,166996.46
"15782641",710,188022.44
"15784445",717,194467.23
"15813681",786,125449.47
"15596649",651,137452.57
"15700460",530,123475.88
"15724076",815,38941.44
"15784000",715,177852.57
"15733966",496,31532.96
"15612667",680,136377.21
"15654025",646,130541.10
"15589431",807,65636.92
"15578238",727,193305.35
"15566269",787,47307.90
"15639217",806,100809.99
"15688644",603,109145.20
"15662426",649,91167.19
"15720511",547,175295.89
"15567246",684,127433.47
"15647965",477,71167.17
"15679048",558,111184.67
"15675749",695,141756.32
"15782181",592,72678.75
"15795738",789,172832.90
"15773751",597,158086.33
"15655436",839,168184.62
"15691396",405,72950.14
"15796958",658,48378.40
"15801832",684,23135.65
"15661349",633,65675.47
"15719265",589,170676.67
"15779985",750,27366.77
"15663410",771,152479.64
"15704144",812,105383.49
"15774104",539,48189.94
"15812230",670,100324.01
"15742848",673,65657.29
"15745326",538,17682.02
"15674541",575,111342.66
"15728564",682,134158.09
"15580701",712,79176.09
"15688973",598,83103.46
"15709412",776,63908.86
"15607753",606,90896.04
"15705352",686,76076.20
"15602500",850,103902.11
"15672437",642,142223.94
"15720968",606,147533.09
"15730796",627,169156.64
"15768219",850,141242.57
"15663883",850,149458.73
"15589296",724,86950.72
"15586425",579,176925.69
"15679813",727,40357.39
"15681410",813,26687.22
"15668283",642,78702.98
"15624072",669,176163.74
"15669664",574,4896.11
"15682728",774,114899.13
"15573851",735,92220.12
"15733661",639,6251.30
"15710012",738,43018.82
"15763327",835,27548.06
"15668853",637,120454.20
"15639303",589,133961.19
"15691011",591,131753.97
"15638513",723,38019.74
"15648933",831,28144.07
"15628904",733,45959.86
"15644788",731,189528.72
"15598161",654,170481.98
"15745624",828,94845.45
"15733169",590,161253.08
"15801417",657,115260.72
"15592707",531,60721.40
"15593954",516,121365.45
"15714431",561,101693.73
"15638257",682,54132.93
"15690939",575,10666.05
"15723613",623,41227.67
"15813640",642,10712.82
"15707322",779,98912.69
"15588918",671,197202.48
"15600357",495,150720.39
"15747014",850,74780.13
"15809830",630,79377.45
"15662245",588,8763.87
"15651075",562,177112.70
"15642515",620,65565.92
"15594456",740,85016.64
"15583462",695,88689.40
"15757661",589,95985.64
"15729117",607,166792.71
"15749671",794,68730.91
"15566253",580,146891.07
"15595153",644,148727.42
"15698572",636,43134.58
"15674149",599,40318.33
"15623082",507,97633.93
"15797905",682,65069.03
"15746028",714,166335.00
"15582951",696,121904.44
"15616471",599,175235.99
"15641575",577,56185.05
"15638803",733,131625.14
"15808283",647,152323.04
"15811200",831,165840.94
"15733476",543,176692.65
"15633274",679,121904.14
"15582168",713,123663.63
"15807269",690,119644.59
"15602979",751,66825.33
"15660417",613,94875.03
"15590199",701,76304.73
"15641794",698,39755.00
"15779174",451,180142.42
"15785547",665,83238.40
"15795124",726,5078.90
"15718912",608,132424.69
"15592028",549,109057.56
"15580227",803,115676.61
"15657830",663,149401.33
"15798256",558,89891.40
"15643819",714,82500.84
"15754301",704,6416.92
"15726855",805,189428.75
"15755225",659,178833.34
"15725221",738,42766.03
"15789055",635,90883.12
"15617507",530,80619.09
"15668894",661,120646.40
"15589563",531,41409.36
"15693162",694,112317.89
"15750099",731,152128.36
"15795540",556,177670.57
"15794941",647,189159.97
"15611848",850,159403.68
"15581237",573,149536.15
"15738150",591,155492.87
"15678571",723,24847.02
"15736124",617,115387.40
"15623202",704,171971.25
"15804201",457,126106.40
"15596863",787,28228.35
"15696277",651,138113.71
"15748608",612,43018.98
"15723864",828,83611.45
"15802390",724,118863.38
"15774336",648,91947.74
"15648766",569,94488.82
"15659094",765,47058.21
"15606397",577,44719.50
"15642619",603,174478.54
"15666032",568,45611.51
"15595842",748,73853.94
"15753837",573,196517.43
"15783882",771,92914.67
"15799790",763,31372.91
"15628155",410,109733.73
"15703778",728,36083.96
"15722322",655,188435.38
"15639278",580,169963.20
"15568487",712,69320.97
"15682084",680,36145.53
"15642821",383,137702.01
"15601387",721,71594.26
"15710421",774,101828.39
"15726774",563,39546.32
"15649078",850,110805.79
"15641877",681,2168.13
"15796496",631,190067.12
"15815690",614,77789.01
"15631739",704,127654.37
"15625584",786,79602.86
"15802466",534,80619.17
"15697028",590,160346.30
"15575759",583,109638.78
"15567442",656,1276.87
"15746805",597,49374.82
"15636330",588,31580.80
"15714970",667,20560.69
"15653784",627,84584.69
"15693543",708,15246.83
"15773283",641,32607.77
"15742534",527,155846.69
"15569878",592,3232.82
"15729454",465,177668.55
"15578375",628,134441.60
"15785559",678,111032.79
"15649414",570,45214.04
"15701605",815,67208.30
"15686696",817,80985.88
"15625586",717,167573.06
"15654975",641,160110.65
"15782993",624,127825.25
"15774382",579,123535.05
"15689602",698,41595.30
"15756155",645,97628.08
"15812647",691,91359.79
"15736043",638,97755.29
"15696744",705,182528.44
"15602572",720,142956.48
"15674765",553,10789.30
"15678725",658,130461.09
"15694444",648,190994.48
"15795878",636,159463.80
"15735346",527,57589.29
"15687094",717,40437.67
"15790067",614,56459.45
"15605742",737,39920.00
"15566740",587,148798.45
"15664897",682,63737.19
"15585777",710,154997.64
"15650864",507,34777.23
"15806709",609,93718.16
"15633818",786,133112.41
"15713845",688,175479.92
"15639662",710,96.27
"15567013",779,30804.68
"15777784",733,197193.49
"15800251",583,96792.15
"15651315",627,132719.80
"15651450",666,112157.31
"15784218",620,38015.34
"15572398",614,164018.98
"15707962",606,46774.94
"15705663",700,189664.43
"15645355",677,26106.39
"15729557",850,191535.11
"15631436",564,158937.55
"15583073",771,25222.60
"15614361",620,29296.74
"15724684",610,54394.28
"15700083",609,9234.06
"15636541",683,26796.73
"15796015",633,11796.89
"15787222",676,128461.29
"15594270",693,14278.18
"15701524",709,46811.77
"15645847",569,109393.19
"15708867",684,3966.50
"15613140",565,63173.64
"15628893",681,66367.33
"15764073",503,16274.67
"15782879",656,180553.48
"15635964",566,107563.16
"15726087",592,100941.57
"15726313",687,110230.40
"15578073",686,142331.85
"15786249",616,199099.51
"15812850",494,85890.16
"15596972",534,143938.27
"15620579",695,131644.41
"15768270",579,112395.98
"15656597",432,71856.30
"15699446",816,35770.84
"15615004",730,124364.63
"15704771",593,78101.29
"15588372",715,143096.49
"15681439",775,14073.11
"15607509",539,47388.41
"15670343",576,72306.07
"15597968",617,184839.70
"15658432",688,47886.44
"15616431",608,130474.03
"15796957",597,73181.39
"15815552",670,65706.86
"15631871",616,104379.36
"15635870",579,192146.63
"15596713",786,66977.68
"15684211",704,158742.81
"15760521",796,189414.74
"15608408",598,159130.32
"15804721",602,97640.20
"15730272",619,86022.09
"15741988",492,10014.72
"15771728",641,17384.21
"15605113",518,143315.57
"15661945",623,31669.18
"15783816",733,12761.16
"15721207",625,93429.95
"15764072",759,42012.55
"15689412",604,15798.70
"15798385",512,56408.14
"15775339",520,4696.44
"15585256",805,25042.10
"15797329",626,130442.08
"15780220",656,136521.82
"15648951",785,199108.88
"15752409",553,124596.63
"15807524",569,134394.78
"15766649",670,144275.39
"15696812",586,123410.23
"15581295",617,143298.06
"15663234",508,129562.74
"15741417",624,4595.05
"15695174",654,146715.07
"15665168",681,163558.36
"15601503",578,6947.09
"15706131",621,9170.54
"15782758",632,199674.83
"15591091",644,157166.79
"15715877",821,46072.52
"15756918",754,3524.69
"15746662",568,45563.94
"15626679",584,59103.13
"15793343",549,189558.44
"15576774",729,45779.90
"15801316",523,21859.06
"15800514",477,162699.70
"15662232",675,8567.18
"15737778",782,132943.88
"15782096",616,12916.32
"15783522",738,128799.86
"15785373",717,99347.80
"15756272",526,40980.87
"15615245",660,40368.65
"15600174",525,94738.54
"15752956",629,88842.80
"15644882",616,136934.91
"15766272",521,109356.53
"15800620",691,199635.93
"15569764",687,158408.23
"15747458",677,95936.84
"15573171",695,126688.83
"15736769",663,150850.29
"15763381",496,27802.00
"15814430",747,32430.94
"15638607",546,137332.37
"15737133",706,28601.68
"15613945",472,108411.66
"15659937",703,122518.50
"15765287",850,9015.07
"15661723",667,94433.08
"15766064",559,110371.84
"15649616",636,141364.62
"15719017",672,16245.25
"15720919",667,108348.94
"15706706",648,171668.20
"15709653",497,67364.42
"15805104",743,107867.38
"15622442",619,194310.10
"15572801",639,33950.08
"15767598",540,197588.32
"15757897",766,428.23
"15568104",749,34948.77
"15763414",655,82084.30
"15732265",630,64804.59
"15621974",778,83556.65
"15803947",757,71926.28
"15720706",529,122925.44
"15759290",620,13133.88
"15651664",615,62845.64
"15795132",735,28411.23
"15811565",705,28640.92
"15713774",644,156787.34
"15691840",505,125307.87
"15682021",471,131736.23
"15612931",722,128262.14
"15676707",577,91366.42
"15601383",744,82290.81
"15662662",573,66190.21
"15752694",653,23920.65
"15590683",660,45438.38
"15773591",787,93360.35
"15723620",617,14496.67
"15671779",567,168521.72
"15672966",682,103318.44
"15624667",684,87219.41
"15812888",447,197490.39
"15724154",625,126812.63
"15749540",585,94283.09
"15621063",516,46857.52
"15661626",732,81491.70
"15698703",628,129107.97
"15801431",682,49732.90
"15649451",746,88728.47
"15626156",655,86981.45
"15606158",644,3740.93
"15589496",778,67949.32
"15730345",617,147636.46
"15572038",660,188891.96
"15643439",537,25482.62
"15604158",554,18391.93
"15657396",806,140168.36
"15709478",611,161064.29
"15628824",665,183542.08
"15814519",648,194238.92
"15636520",692,7900.46
"15794414",507,51424.29
"15643671",696,152450.84
"15700650",681,55816.20
"15680224",687,32909.13
"15784286",641,100637.07
"15693996",507,142911.99
"15764343",688,26287.21
"15704168",535,60775.76
"15680197",701,146257.77
"15633729",488,28332.00
"15577683",539,100919.19
"15800746",674,102591.90
"15788686",538,25554.40
"15742798",829,152107.93
"15596647",768,69381.05
"15756070",585,101728.46
"15775116",581,89040.61
"15575428",682,16910.98
"15654074",653,150468.35
"15695872",712,177613.19
"15568885",620,120672.09
"15725036",709,77142.85
"15632665",832,127804.66
"15571476",635,158344.63
"15776850",749,167179.48
"15623649",629,15404.64
"15751131",836,156036.19
"15688128",542,144725.14
"15678412",645,22558.74
"15770291",844,147342.03
"15583392",747,85470.45
"15690731",645,194656.11
"15697948",752,48505.10
"15608328",760,101491.23
"15766378",714,164117.69
"15600813",717,124626.57
"15706217",645,34490.06
"15601417",681,90967.37
"15610972",681,24208.84
"15674620",679,174873.09
"15785350",528,170262.97
"15749119",710,112289.06
"15756535",733,93783.00
"15700965",724,150026.79
"15791851",726,102036.82
"15717156",520,898.51
"15740846",556,95124.40
"15573284",579,11514.39
"15729083",674,27468.72
"15611612",570,37092.43
"15694381",631,171587.90
"15651737",623,80828.78
"15663168",665,169287.99
"15643426",523,13197.44
"15618245",706,54439.53
"15717527",619,38186.85
"15793478",593,27274.60
"15642248",608,65758.19
"15640377",526,97767.63
"15723950",684,115468.84
"15590327",604,98293.14
"15706199",636,182059.28
"15671514",669,128538.05
"15727041",624,108841.83
"15738063",631,18581.84
"15711733",753,146821.42
"15652320",588,100727.68
"15634180",729,39356.38
"15694566",602,169921.11
"15726103",689,42364.75
"15646351",486,28823.04
"15730044",809,182436.81
"15795186",562,115700.20
"15784890",763,16725.53
"15694125",669,56875.76
"15565891",709,56214.09
"15674254",554,193412.05
"15775206",699,83263.04
"15797627",732,13404.40
"15649853",625,184474.15
"15610379",599,121124.53
"15659800",584,152567.75
"15716236",499,10722.54
"15672053",526,58010.98
"15663933",625,163440.80
"15814236",537,102606.92
"15583597",696,80591.18
"15607395",679,177362.45
"15694556",684,120257.70
"15744109",850,180622.02
"15800688",495,130404.53
"15810878",537,147797.54
"15587835",850,57844.26
"15763515",513,162523.66
"15725882",618,54495.82
"15788022",802,169183.66
"15663917",547,80262.91
"15656865",613,8751.59
"15667971",592,102628.98
"15800366",546,94823.95
"15717231",721,90821.66
"15643188",671,153194.32
"15671351",624,87310.59
"15573628",751,146411.41
"15698953",636,74048.10
"15753888",607,23386.77
"15737961",509,92898.17
"15801701",653,45956.05
"15684419",709,71738.56
"15794266",559,103560.98
"15810711",684,52367.29
"15771270",635,152916.05
"15607786",709,4410.77
"15624519",656,74771.22
"15799910",793,193817.63
"15602479",609,26793.82
"15617419",618,32526.64
"15657603",850,824.00
"15570379",669,85250.77
"15772996",594,83508.93
"15729574",616,173599.38
"15737267",676,79342.31
"15799128",608,57600.66
"15813327",710,56191.99
"15711921",695,6770.44
"15654300",530,101694.67
"15569945",509,69113.14
"15569666",517,172674.36
"15681887",758,26606.28
"15608873",665,53353.36
"15762091",631,63747.51
"15722053",576,190112.05
"15782100",544,110317.39
"15765300",596,148623.43
"15743570",481,125253.46
"15608541",498,101954.78
"15750671",512,168462.26
"15813659",594,26215.85
"15757867",570,97045.32
"15652914",721,53534.80
"15723818",453,8949.20
"15713819",562,163116.75
"15656484",682,140745.91
"15778515",748,171515.84
"15803840",729,150803.44
"15735339",663,76884.05
"15600392",735,170454.93
"15625740",627,143104.30
"15663817",713,55701.62
"15734461",562,186370.30
"15780142",632,24275.32
"15709920",479,50774.81
"15684248",658,154279.87
"15643158",598,68462.59
"15693902",597,91036.74
"15578307",512,83681.97
"15585379",704,199484.96
"15758510",474,152491.22
"15692918",604,134875.37
"15705301",683,184366.14
"15718231",537,189839.93
"15567991",794,175643.44
"15772650",732,3268.17
"15574795",495,47089.72
"15706036",552,46562.02
"15768887",597,95159.13
"15723856",602,62487.97
"15812920",607,181598.25
"15691287",675,64815.05
"15804797",443,70196.23
"15708650",727,160383.47
"15712777",482,35848.12
"15786469",686,87278.48
"15669219",588,94498.82
"15641004",605,133486.36
"15648067",583,73107.60
"15704014",738,195333.98
"15645136",744,121525.48
"15709604",781,173843.21
"15713637",699,185227.42
"15793901",639,125244.18
"15569759",583,163113.41
"15712930",587,123006.91
"15586504",694,40463.03
"15677317",570,131363.57
"15664270",692,188305.85
"15731519",511,143994.86
"15745623",788,89368.59
"15813862",526,158365.89
"15641934",749,78753.12
"15713043",691,100408.31
"15700749",481,24677.54
"15697567",752,39570.78
"15715414",658,155665.76
"15639530",679,168294.27
"15726058",754,87908.01
"15725665",679,191198.92
"15698872",633,191207.03
"15812184",674,128954.05
"15742609",600,59905.29
"15815043",645,162012.60
"15640648",698,19231.98
"15627203",508,175749.36
"15786196",555,60533.96
"15612095",751,137508.42
"15674368",738,189430.86
"15783477",706,6723.66
"15757559",595,41371.68
"15591036",577,125140.72
"15761241",578,143683.75
"15695078",699,170770.44
"15645744",826,157397.57
"15566988",656,50595.15
"15749300",556,50390.98
"15594340",569,163150.03
"15607065",765,138280.17
"15778089",544,135067.02
"15773723",588,163534.75
"15697035",740,86657.48
"15679668",850,162087.82
"15709861",766,28879.30
"15791958",849,169203.51
"15791030",612,102426.12
"15695339",517,54676.10
"15658813",645,18369.33
"15715709",696,159888.10
"15722533",716,167636.15
"15683118",590,138889.15
"15672798",656,199392.14
"15680112",473,189560.43
"15714575",742,17375.27
"15806808",834,140225.14
"15590637",721,61018.85
"15657535",590,51907.72
"15696141",516,47018.75
"15811947",850,33700.52
"15649024",748,59636.43
"15594928",798,157147.59
"15765532",612,191393.26
"15741719",540,199862.75
"15665629",719,20016.59
"15728917",598,30635.52
"15762993",796,117832.88
"15571193",579,22497.10
"15653521",850,747.88
"15802220",599,76870.81
"15644132",724,107848.24
"15600832",508,103726.71
"15797919",773,178268.36
"15603743",526,126281.83
"15579714",542,196651.72
"15634295",470,5962.30
"15786680",805,21928.81
"15623499",548,127022.87
"15691823",672,162763.01
"15809279",773,113950.51
"15758039",614,104930.46
"15807163",537,52337.97
"15631639",704,179964.55
"15713770",586,83753.64
"15698167",677,182913.95
"15781710",558,166720.28
"15801296",634,192721.98
"15704378",655,180241.44
"15767891",619,48475.12
"15640667",662,126551.48
"15702145",705,64872.55
"15679738",527,98031.53
"15636634",630,93524.22
"15809227",850,56991.66
"15601811",668,183980.56
"15625494",573,130234.63
"15723737",680,32454.26
"15682955",758,75396.43
"15758856",597,167756.45
"15746065",580,24799.47
"15783865",622,60429.43
"15745455",638,74241.09
"15583033",640,78310.82
"15644212",644,119419.37
"15735688",753,91305.77
"15658577",629,25136.95
"15606887",775,193880.60
"15783026",701,47856.78
"15579892",708,4491.77
"15802088",521,101311.95
"15589323",636,38830.72
"15636395",529,26817.23
"15712772",757,199727.72
"15700937",767,67445.85
"15766659",525,161002.29
"15814033",759,20778.39
"15783007",520,41042.40
"15654183",738,67484.16
"15609899",548,121763.68
"15747323",535,157358.43
"15582591",615,110275.17
"15738835",850,43801.27
"15782404",487,9085.00
"15697480",731,143086.09
"15697045",726,100556.98
"15781234",609,140000.29
"15579891",714,186775.25
"15805690",694,133570.43
"15612139",786,154990.58
"15568834",698,27654.44
"15709917",601,137763.93
"15718843",769,25723.73
"15799494",850,186285.52
"15673439",646,142208.50
"15669011",659,169862.01
"15581388",487,41365.85
"15743153",740,30812.84
"15579787",686,155023.93
"15759966",612,159416.58
"15601045",655,76259.23
"15764021",617,105965.25
"15687218",674,50743.83
"15626452",711,147720.27
"15700964",624,167387.36
"15735358",682,4654.28
"15749472",775,130376.68
"15685872",727,173486.39
"15760851",629,93881.75
"15734588",684,36376.97
"15784594",549,128499.94
"15606435",593,105898.69
"15790247",536,11959.03
"15676433",707,98810.78
"15625905",592,65906.07
"15626414",703,151516.70
"15623220",723,37214.39
"15752857",452,92033.98
"15677908",552,195692.30
"15773013",633,6342.84
"15623972",479,95148.28
"15738627",768,21215.67
"15643392",742,19700.24
"15684868",668,134396.64
"15627854",707,135077.01
"15669253",754,133600.89
"15758023",544,99922.08
"15574558",718,41399.33
"15635256",762,159344.43
"15680399",772,18364.19
"15674720",691,98162.44
"15580249",502,84663.21
"15675431",563,36536.93
"15698285",676,79101.67
"15810775",576,16644.16
"15678173",629,158420.14
"15665222",625,48988.28
"15803908",628,96862.56
"15586039",471,96366.70
"15802570",811,146123.19
"15781451",504,135178.91
"15721019",687,158615.41
"15738588",660,71433.88
"15730657",548,55672.09
"15739292",609,150218.11
"15725945",659,162734.31
"15813159",526,21228.71
"15636820",725,62027.90
"15603880",519,60988.21
"15619494",562,108675.01
"15596992",482,72643.95
"15735025",535,9241.52
"15730759",561,153080.40
"15752912",661,72196.57
"15711316",771,199527.34
"15738785",545,156598.23
"15777896",850,74917.64
"15628963",601,111249.62
"15742126",712,59115.77
"15575623",589,148218.86
"15741652",600,77142.32
"15738884",642,67484.60
"15615050",575,63452.18
"15803005",570,103660.31
"15743498",532,163191.99
"15720463",796,62905.29
"15588695",833,44323.22
"15665802",642,97938.59
"15571144",655,126565.21
"15750731",736,185360.40
"15605134",617,183229.02
"15626044",762,106024.02
"15737910",703,167810.26
"15761076",507,138536.09
"15710105",581,184520.00
"15577402",593,20492.16
"15803337",648,134676.72
"15654372",462,138478.20
"15585867",596,125557.95
"15662488",627,82969.61
"15604813",494,158071.69
"15611644",627,43615.67
"15674928",850,119969.99
"15656100",632,140201.21
"15764293",490,80792.83
"15636423",715,141359.11
"15607629",679,23344.94
"15577313",619,5075.17
"15714493",465,95500.98
"15643359",736,79082.62
"15687913",501,199805.63
"15790935",535,52709.55
"15708693",759,56583.88
"15672016",819,3385.04
"15727605",533,12537.42
"15651144",632,64722.61
"15749401",686,75246.21
"15691874",687,198929.84
"15620735",667,69011.66
"15769781",699,52404.47
"15624611",497,163641.53
"15773071",780,154598.56
"15720371",652,173989.47
"15717984",477,61315.37
"15806407",652,143393.24
"15785042",488,124210.53
"15809302",572,151460.84
"15677550",755,20734.81
"15654096",779,43705.56
"15617320",693,180736.24
"15653065",530,104170.48
"15649112",738,27867.59
"15690526",690,55387.28
"15806945",611,196332.45
"15670066",643,116046.22
"15625761",632,93874.87
"15761525",727,76614.04
"15735080",508,6076.62
"15619537",550,122221.71
"15598162",754,24156.03
"15694300",759,135394.62
"15637235",794,91340.02
"15612444",549,146090.38
"15626457",671,172096.08
"15627995",756,135034.57
"15706128",632,84008.66
"15666430",579,91763.67
"15627385",748,137001.10
"15581323",488,106799.49
"15608109",710,10494.64
"15801942",619,79866.73
"15567431",773,186172.85
"15810167",657,91673.60
"15644501",579,18458.20
"15785290",542,8342.35
"15611157",709,138578.37
"15673837",617,38129.22
"15656822",568,107155.40
"15580560",769,29792.11
"15760641",608,7063.60
"15587584",503,21645.06
"15604146",608,137079.86
"15813974",731,172718.35
"15746986",850,106691.02
"15759741",591,72274.84
"15734892",579,32246.63
"15797194",570,80552.36
"15723786",709,16733.59
"15642726",611,1235.49
"15664339",775,50168.41
"15754526",699,33687.90
"15703037",618,178705.45
"15751412",704,66810.48
"15609558",835,45859.55
"15572408",714,63846.36
"15613923",581,100236.02
"15747000",592,19645.65
"15731781",551,178393.68
"15727198",689,78591.15
"15794273",604,124954.56
"15804950",514,3756.65
"15576304",698,152723.23
"15645200",581,187597.98
"15779627",573,70381.49
"15750755",449,156792.89
"15569654",850,35534.68
"15753079",612,151256.22
"15684995",690,51011.29
"15790763",599,111190.53
"15766458",498,69664.35
"15616221",497,63233.02
"15776124",802,40855.79
"15665811",644,95673.05
"15729804",714,80234.14
"15714062",690,189051.59
"15592197",522,145490.85
"15793116",502,196278.32
"15638231",730,162889.10
"15697678",590,174667.58
"15800412",458,3476.38
"15597610",553,19344.92
"15726634",479,95270.83
"15670866",693,107759.31
"15667462",707,118368.20
"15662574",636,52484.01
"15716926",807,178153.65
"15603554",513,49915.52
"15716800",582,33747.03
"15679429",694,59961.81
"15616122",777,18613.52
"15742172",598,198894.42
"15792305",762,57014.17
"15636016",588,131729.52
"15733138",663,79169.73
"15669741",777,106472.34
"15616954",592,17013.54
"15729238",631,150661.42
"15718242",725,86622.56
"15682914",850,115767.93
"15654274",540,141998.89
"15691457",674,182787.17
"15719649",553,187915.70
"15778897",630,133267.78
"15589437",466,137476.09
"15682369",613,77146.14
"15626507",558,183271.15
"15571995",775,26362.40
"15673333",698,153373.71
"15748752",608,70705.58
"15725302",670,119759.24
"15722083",591,42392.24
"15771442",633,34670.62
"15803633",678,82106.19
"15672185",590,171774.50
"15806486",705,149772.61
"15570895",608,38866.85
"15614520",682,35179.18
"15687492",596,41788.37
"15675337",395,17376.57
"15721047",578,199428.19
"15589017",547,16922.28
"15611186",609,178291.89
"15617301",774,152290.28
"15726046",712,126809.15
"15585748",585,40385.61
"15672826",666,34350.54
"15595162",708,199005.88
"15650026",513,52629.73
"15745826",445,180012.39
"15708610",690,35342.33
"15624471",850,109291.22
"15590097",537,62746.54
"15689328",705,173273.20
"15582154",670,54340.24
"15734626",652,19302.78
"15702806",696,10883.52
"15620756",747,17298.72
"15611331",511,115779.48
"15576935",743,93228.86
"15661275",532,148704.77
"15814940",642,150475.14
"15768471",554,40914.32
"15697391",604,38587.70
"15793346",602,171260.66
"15608338",757,94187.47
"15578546",491,145900.89
"15656921",850,152298.28
"15761340",521,99828.45
"15591135",726,34743.98
"15623219",596,121189.30
"15655229",850,129660.59
"15805884",637,145477.36
"15668289",690,151822.66
"15568562",689,49656.24
"15773276",633,73856.28
"15622801",555,116757.00
"15779886",563,16319.56
"15713673",494,90273.85
"15783083",534,161344.13
"15742824",696,121061.89
"15621550",535,69531.22
"15799480",600,3756.23
"15625247",807,114448.13
"15755241",714,144045.08
"15575679",590,58781.11
"15668235",614,179227.52
"15683183",766,127332.33
"15684592",557,86642.38
"15591169",788,184178.29
"15653455",648,9551.49
"15732563",726,56053.06
"15656471",773,1118.31
"15598510",583,195732.04
"15766427",565,175070.94
"15785342",705,112331.19
"15641595",685,43956.83
"15798429",741,115994.52
"15648136",658,166682.57
"15812482",575,99843.98
"15790810",844,141175.18
"15687421",559,175910.95
"15765643",725,176984.34
"15654878",450,43480.63
"15686835",738,155047.11
"15768340",642,176137.20
"15673599",618,154843.40
"15689096",590,8214.46
"15684294",735,147075.69
"15615828",550,116495.55
"15746012",729,31165.06
"15615797",743,192127.22
"15788494",555,137491.23
"15793856",667,186841.71
"15629545",790,86776.38
"15661198",727,72073.72
"15715117",744,10662.58
"15701074",629,91001.02
"15793046",619,20555.21
"15623744",634,123164.97
"15611329",608,143463.28
"15740428",507,92131.54
"15781534",536,77178.42
"15618243",730,193650.16
"15784161",583,52861.89
"15700325",644,35896.75
"15659064",790,149418.41
"15658364",807,46253.65
"15704340",581,86609.37
"15793455",627,91943.94
"15579777",850,128892.36
"15632345",754,44830.71
"15814468",551,84508.44
"15754820",637,84760.70
"15707505",699,147661.47
"15699507",542,82393.08
"15799600",640,135995.58
"15794472",553,159800.16
"15646632",741,14379.01
"15676353",598,74322.85
"15566312",660,189016.24
"15570414",618,136435.75
"15776743",647,78488.39
"15674637",491,113695.99
"15730418",652,54628.11
"15739972",650,150835.21
"15661591",413,158891.79
"15675585",416,160523.33
"15814750",629,180595.02
"15593454",678,16618.76
"15663421",527,79919.97
"15576196",743,186489.14
"15677324",683,51999.50
"15568742",536,121299.14
"15693764",663,144593.30
"15714260",646,178752.73
"15798200",707,94148.30
"15656627",602,77414.45
"15791111",635,63236.97
"15638269",597,108645.85
"15807473",503,95153.24
"15708534",524,136079.64
"15640686",700,98273.01
"15588904",692,113505.93
"15768763",562,52525.15
"15770543",679,194617.98
"15642162",603,152541.89
"15714046",720,142903.44
"15575060",797,182257.61
"15812040",594,135431.72
"15812073",529,175697.87
"15706810",606,59061.25
"15584090",621,131283.60
"15810807",513,152499.80
"15582033",753,15523.09
"15687607",605,186418.85
"15588406",574,32262.28
"15784099",726,128052.29
"15701352",611,181419.29
"15789371",593,109783.29
"15602845",466,181879.56
"15707918",741,74260.16
"15602812",684,49865.04
"15675888",550,103608.06
"15591822",593,167564.82
"15738501",601,41816.49
"15585907",676,179066.58
"15579040",556,109184.24
"15804211",719,199841.32
"15736126",850,83617.17
"15745399",649,84863.85
"15760749",509,114775.53
"15637118",684,103557.93
"15657829",806,85028.36
"15738497",729,153064.87
"15690695",683,38784.42
"15762351",689,186526.12
"15791172",672,28789.94
"15598982",602,45038.29
"15734765",739,150245.81
"15642912",618,57762.00
"15769516",674,4292.72
"15789379",762,173365.89
"15695103",790,119484.01
"15801924",754,121821.16
"15767804",729,151733.43
"15718039",606,53784.22
"15579994",616,62733.05
"15595037",772,17671.78
"15600720",652,188905.43
"15782608",743,113079.19
"15566894",793,83997.79
"15749123",743,125424.42
"15668943",746,143194.05
"15577423",627,93132.61
"15623102",713,76038.38
"15728012",678,168658.30
"15683363",540,108419.41
"15699335",615,171657.57
"15574369",415,22357.25
"15703167",628,193903.06
"15754874",700,141926.43
"15723216",623,104079.62
"15725094",623,93832.33
"15647974",679,1568.91
"15583371",632,60778.11
"15772559",790,16119.96
"15711251",514,60375.18
"15719212",491,187946.55
"15764927",753,195563.99
"15731412",693,38196.24
"15719170",679,179435.21
"15596011",529,93208.22
"15614834",619,61531.86
"15600510",680,92826.35
"15625706",693,23140.28
"15781409",834,74287.53
"15722583",636,101102.39
"15677243",538,126933.73
"15815070",566,68408.74
"15705899",597,155356.34
"15701522",711,3234.80
"15755978",606,195209.40
"15722090",615,169149.38
"15783526",589,68075.14
"15632125",606,93707.80
"15688395",582,156153.27
"15666975",710,58601.61
"15682211",467,114448.77
"15637411",749,126551.65
"15591512",564,112350.21
"15606855",730,185808.70
"15763683",678,118235.52
"15641782",540,183051.60
"15677184",767,27922.45
"15775042",615,196476.19
"15616630",583,190429.52
"15800233",850,35034.15
"15588419",651,66389.43
"15595557",798,107615.43
"15626143",695,99692.65
"15566030",497,88729.22
"15701412",739,173321.65
"15702464",549,139463.57
"15573348",850,3769.71
"15704160",648,149946.43
"15693704",679,135768.25
"15664752",606,31708.53
"15628292",850,151677.31
"15621195",619,170518.83
"15668629",719,196582.19
"15635197",640,3298.65
"15592761",710,162878.96
"15574283",580,64014.24
"15598097",550,26257.01
"15711352",841,126794.56
"15620751",760,164162.44
"15656717",687,179206.92
"15643121",753,18254.75
"15723671",661,83949.68
"15752846",699,22684.78
"15640852",617,7953.62
"15789313",595,143952.24
"15793688",669,158032.50
"15770405",613,199104.52
"15702561",782,87566.97
"15625964",582,170563.73
"15761364",679,157871.55
"15590286",611,93203.43
"15587978",455,54398.56
"15773242",621,168779.47
"15761053",596,1140.02
"15702095",585,186476.91
"15764253",742,29023.03
"15700801",850,60021.34
"15730590",738,180456.80
"15643916",619,132498.39
"15720636",628,109608.81
"15795429",487,98570.01
"15609254",513,160546.58
"15625141",563,6139.74
"15810898",803,6930.17
"15775797",607,10674.62
"15795246",628,71159.84
"15795275",521,62413.01
"15571869",669,166386.22
"15694143",686,133086.45
"15748231",700,192933.37
"15632185",663,71359.78
"15806249",671,79270.02
"15743293",651,29583.48
"15598157",728,88680.65
"15700946",574,134691.20
"15722692",464,75574.48
"15696506",604,30252.30
"15728823",836,111324.41
"15808851",511,105425.18
"15675231",518,36193.07
"15732299",756,93081.87
"15706269",489,107625.46
"15590078",622,152733.89
"15776985",652,110421.31
"15756743",625,48486.25
"15782364",521,72993.67
"15604093",546,25744.13
"15749328",697,46807.62
"15656322",571,26772.04
"15685564",748,150057.20
"15785831",591,56028.79
"15796218",814,147693.92
"15716218",709,174032.00
"15572735",433,153698.65
"15633840",781,108301.45
"15608760",656,22929.08
"15627848",683,102665.92
"15792029",620,56139.09
"15617331",637,88391.29
"15651740",525,149195.44
"15636407",793,143357.03
"15607526",638,168359.98
"15632576",520,77335.75
"15581505",641,93148.93
"15612207",840,36687.11
"15707242",504,146703.36
"15721937",686,115927.85
"15773852",533,104189.46
"15719778",577,9902.39
"15650538",445,16645.77
"15797475",720,180134.88
"15780359",643,148098.95
"15737104",652,38798.79
"15789936",663,153295.00
"15709523",525,100687.67
"15593425",662,111442.71
"15776725",724,136902.01
"15604706",581,105732.90
"15790958",685,35884.91
"15747534",595,73489.15
"15574237",588,110114.19
"15690332",647,40145.28
"15661290",785,146398.51
"15651883",794,160526.36
"15808905",823,173516.71
"15715532",687,88396.60
"15786078",850,185821.41
"15652401",496,108098.28
"15673074",527,162267.91
"15598744",576,193135.25
"15785975",525,168034.90
"15613180",727,163295.87
"15584229",671,159553.27
"15773804",625,99800.87
"15699515",643,40250.82
"15705313",707,83335.78
"15693817",539,48382.40
"15673790",498,165990.44
"15674868",696,9002.80
"15692110",758,188156.34
"15645904",685,186785.01
"15581332",655,184259.60
"15808544",747,57817.84
"15734948",601,144660.42
"15654531",477,163112.90
"15637774",558,136301.10
"15677141",586,36176.63
"15739578",850,65769.30
"15697360",505,174123.16
"15655213",591,161304.68
"15580872",761,109394.62
"15683213",554,190155.13
"15801188",774,61450.96
"15645029",771,8673.43
"15633181",792,125912.77
"15598259",673,151349.35
"15576000",765,67972.45
"15766047",748,71139.31
"15596339",422,86350.97
"15715199",568,118648.12
"15615938",502,100995.11
"15679991",524,147100.72
"15626135",689,155495.63
"15792934",661,196875.87
"15744046",606,63176.77
"15700826",678,105221.76
"15756301",636,131924.38
"15586517",647,23132.73
"15751297",732,161428.25
"15710365",646,181794.86
"15679307",559,86634.30
"15610753",581,29937.75
"15811036",565,140130.22
"15610912",657,17536.82
"15619932",847,53157.16
"15746199",558,143585.29
"15584967",596,72402.00
"15734365",579,39891.84
"15726960",741,89804.83
"15665177",613,136491.72
"15779915",694,35593.18
"15729110",729,58268.20
"15575399",480,101778.90
"15678374",666,185123.09
"15792679",575,119927.81
"15668767",850,195033.07
"15761886",740,86480.29
"15583076",588,198766.61
"15815615",681,185144.08
"15591942",611,3729.89
"15724924",589,18988.58
"15762123",717,119313.74
"15567893",556,62627.55
"15648989",850,197266.58
"15662021",685,199992.48
"15691627",713,16403.41
"15731751",437,78854.57
"15635277",605,189310.27
"15655252",758,78088.17
"15803941",600,19842.18
"15714380",827,103305.01
"15666559",608,116124.28
"15799998",608,142730.27
"15703763",554,58076.52
"15795640",683,186123.57
"15780056",660,29664.45
"15777873",628,147963.07
"15584749",668,38466.39
"15765258",776,143301.49
"15623346",820,31422.69
"15614054",665,121505.61
"15766185",850,89874.82
"15667632",703,72500.68
"15599024",506,182692.80
"15798709",588,4993.94
"15741921",622,124964.82
"15793671",606,161971.42
"15797900",517,39488.04
"15667932",758,55313.44
"15795933",677,187811.71
"15660403",827,184514.01
"15736299",729,121311.12
"15759034",654,12873.39
"15724663",654,157238.05
"15594556",619,123242.11
"15737169",642,184399.76
"15632472",472,57323.18
"15722813",470,68293.93
"15588450",633,10288.24
"15736717",602,179446.31
"15680683",640,141453.62
"15710316",454,93151.77
"15746333",562,6554.97
"15606861",636,38570.13
"15641285",621,131048.36
"15662908",795,127068.92
"15814267",550,51721.52
"15614923",630,46156.87
"15579223",573,192950.60
"15651389",561,180932.46
"15677087",662,19596.73
"15665784",637,46786.92
"15576706",651,175820.91
"15615473",646,198208.00
"15587299",567,55362.45
"15655389",638,47675.29
"15784491",725,61326.43
"15809999",709,71672.86
"15681115",787,101168.30
"15629390",653,144880.81
"15792668",661,115037.67
"15583863",681,187280.51
"15681878",436,183540.22
"15782875",663,28531.81
"15732235",662,42730.12
"15735909",607,104721.50
"15653448",754,65219.85
"15587647",850,118929.64
"15701037",578,70563.90
"15727499",666,139435.12
"15724838",599,170347.10
"15666711",586,131553.82
"15588933",825,138344.70
"15763111",808,169894.40
"15805676",515,9770.97
"15586674",663,74176.71
"15744553",444,112668.06
"15776629",650,186275.70
"15647207",609,98463.99
"15715638",824,2746.41
"15750602",662,10928.30
"15766810",699,91346.03
"15756625",752,139844.04
"15639552",603,105052.90
"15633213",628,144366.83
"15610416",745,19605.18
"15715208",804,80483.76
"15619608",454,154344.00
"15628697",631,93503.02
"15643826",503,153036.97
"15718588",548,98029.58
"15709741",668,193018.71
"15723318",619,60810.64
"15717328",842,87071.18
"15665943",445,119425.94
"15771299",707,164064.44
"15706223",715,4554.67
"15612358",573,119924.80
"15769191",509,170360.11
"15618816",670,69850.04
"15730810",613,47298.95
"15783463",678,45443.68
"15616213",555,198715.27
"15611287",777,115611.97
"15786454",552,40333.94
"15768682",640,105997.25
"15766172",541,134851.12
"15637646",756,61666.87
"15653404",684,196574.48
"15690546",618,111097.39
"15735636",604,48201.64
"15605424",624,135096.78
"15568449",661,15650.89
"15688085",627,34097.22
"15683483",812,174822.74
"15659567",473,85937.52
"15766667",717,49185.57
"15624975",693,77742.38
"15660878",705,34436.83
"15586557",661,88279.60
"15746183",573,157549.60
"15631457",639,173386.95
"15754053",718,82782.08
"15645839",570,187758.50
"15689955",461,176547.80
"15593510",638,56585.20
"15654964",608,125762.95
"15594039",599,113868.40
"15625929",762,24780.13
"15815295",662,120259.41
"15621818",747,175398.34
"15652700",539,86767.48
"15636860",625,71216.60
"15569432",656,85240.61
"15751455",469,160529.71
"15800583",621,102806.60
"15770214",754,144134.64
"15613463",679,184017.98
"15587066",535,195896.59
"15693752",487,126722.57
"15714874",850,176883.42
"15657809",585,122960.98
"15651955",603,9607.10
"15570912",728,152643.48
"15640266",621,95551.22
"15652069",833,141860.62
"15596074",502,76642.68
"15800268",825,52301.15
"15809847",668,29388.02
"15599074",487,193408.43
"15599591",600,58632.37
"15776096",606,191076.22
"15611669",623,645.61
"15694098",575,144390.75
"15713347",577,193580.32
"15713094",651,126761.20
"15811978",693,62368.33
"15799925",800,131718.12
"15692575",760,91098.76
"15743149",711,67508.01
"15776947",637,12156.93
"15700656",662,65089.38
"15594515",568,62370.67
"15787884",692,18826.34
"15577988",614,3342.62
"15795586",478,178626.07
"15677739",562,32845.32
"15720134",709,134732.99
"15688868",684,106095.82
"15642996",546,57380.13
"15771222",779,25951.91
"15605059",576,69414.13
"15568088",481,96123.72
"15795571",606,120138.27
"15662243",559,150548.50
"15593128",608,142492.04
"15589739",698,14357.00
"15787602",568,129569.92
"15685019",528,55972.56
"15704209",802,59497.01
"15605264",669,181928.25
"15708265",581,102517.83
"15740264",640,88827.67
"15615477",529,14161.30
"15727361",547,56908.41
"15760216",718,184474.72
"15806134",707,94912.78
"15601351",735,73069.59
"15669262",765,136602.80
"15696989",469,150093.32
"15688498",594,168186.11
"15686964",675,146230.63
"15625035",703,79314.10
"15618391",810,77965.67
"15591344",715,128745.69
"15605455",664,194767.30
"15680804",850,10672.54
"15768282",724,10627.21
"15685826",563,122268.75
"15793491",714,65482.94
"15797787",614,146134.68
"15611171",740,123300.38
"15601627",587,122925.40
"15734085",465,127744.02
"15809309",689,118319.50
"15809462",656,17104.00
"15634628",579,164608.98
"15775678",716,152108.47
"15579526",551,23399.58
"15779103",527,94711.43
"15738715",600,7312.25
"15593943",685,41876.98
"15754574",738,96881.32
"15737814",622,102402.91
"15670889",528,176763.27
"15629299",546,23548.45
"15771569",576,33450.11
"15811927",733,19658.43
"15785654",727,104678.78
"15665524",605,143203.78
"15736287",586,6975.02
"15765732",564,153771.80
"15797381",593,85902.39
"15598536",736,188037.76
"15664506",675,52710.70
"15575619",656,17034.37
"15587394",462,131304.45
"15654457",685,172576.43
"15762793",850,99019.65
"15658067",636,190160.04
"15642816",850,3025.49
"15693088",628,34689.77
"15793883",798,2305.27
"15665283",610,113228.82
"15680421",591,171099.22
"15695148",614,62023.10
"15636592",651,36923.67
"15772618",665,112256.57
"15724453",570,198830.98
"15565878",631,197963.46
"15609160",586,31635.99
"15678460",691,49594.02
"15662571",639,170483.90
"15606849",698,40339.90
"15670738",733,3218.71
"15662641",850,68569.89
"15727539",618,29176.04
"15651020",473,46758.42
"15673877",490,171060.01
"15760865",754,93550.53
"15687413",619,117616.29
"15705009",649,89405.26
"15657540",578,169804.40
"15707441",690,83253.05
"15694765",610,195813.81
"15649086",596,121568.37
"15650488",492,92144.09
"15760924",575,126307.25
"15700263",569,130784.20
"15806922",674,166694.93
"15637522",507,44001.11
"15636548",457,185992.36
"15566891",584,178997.89
"15627185",744,141558.04
"15754012",687,47921.22
"15627514",688,104902.68
"15661433",519,68479.60
"15610653",733,1271.51
"15667002",666,29346.10
"15709199",511,184118.73
"15710087",705,96013.50
"15679884",544,103713.93
"15784180",564,46632.87
"15808849",702,135334.24
"15751549",658,13482.28
"15588235",654,130075.07
"15640418",649,143544.48
"15721116",597,187826.11
"15599084",782,167058.75
"15773394",644,79928.41
"15625713",679,6075.36
"15766417",678,43821.56
"15622578",806,32125.98
"15799924",668,141679.73
"15618363",659,84133.48
"15637138",660,9692.58
"15781665",601,20708.60
"15804853",781,85644.06
"15651627",628,107674.30
"15680685",751,134822.05
"15808930",531,4606.97
"15570970",647,51362.82
"15679961",708,39704.14
"15705458",550,195638.13
"15750396",670,86413.11
"15679928",592,116385.24
"15711181",589,182076.97
"15698324",725,67879.80
"15807433",570,11417.26
"15636590",575,65998.26
"15628950",501,114774.35
"15617206",431,126153.24
"15603741",719,176091.31
"15742607",850,87352.43
"15747821",554,107074.81
"15612043",418,69157.93
"15809558",715,149970.59
"15803750",750,153288.97
"15704681",766,147700.78
"15667392",652,188657.97
"15738889",658,103764.55
"15598838",659,140934.57
"15579109",574,15118.20
"15799042",611,63202.00
"15697042",738,16081.62
"15696605",571,523.00
"15802274",686,181757.19
"15596808",679,1173.23
"15705403",617,86587.37
"15732903",673,109545.56
"15581968",745,174431.01
"15683892",677,119368.99
"15595447",613,23315.59
"15569249",576,67539.85
"15656188",584,185201.58
"15689661",663,131827.15
"15644934",466,10842.46
"15721793",510,23768.01
"15761286",696,174027.30
"15658240",554,115091.38
"15706232",595,106340.66
"15583394",659,198103.32
"15715643",662,175314.87
"15644856",556,150679.65
"15785488",701,110043.88
"15711571",587,194890.33
"15778604",571,112366.98
"15751180",539,167289.82
"15748360",644,182099.71
"15770039",572,49373.97
"15685096",753,861.40
"15669501",706,81718.37
"15622631",588,49324.03
"15586699",825,9751.03
"15702377",627,78899.22
"15577170",532,13889.73
"15769451",764,11467.38
"15811877",700,130789.15
"15648725",660,108665.89
"15752801",518,160303.08
"15808175",557,115287.99
"15681342",639,139094.12
"15589210",557,20515.72
"15696826",633,36642.65
"15614962",623,104382.11
"15689061",611,146448.01
"15640074",666,166650.90
"15776156",521,164223.70
"15739548",775,149331.01
"15662854",681,73066.72
"15687688",564,15378.23
"15715750",646,53072.49
"15571121",670,3159.15
"15726466",751,125920.54
"15660390",544,124113.04
"15663942",639,93716.38
"15638610",635,155799.86
"15644446",672,8814.69
"15585892",639,164453.98
"15609356",697,87803.32
"15803378",850,183617.32
"15599440",748,53584.03
"15692408",463,1950.93
"15683168",572,175025.27
"15790254",741,13018.96
"15767729",646,42537.59
"15768600",805,62989.82
"15699839",637,71692.80
"15786237",651,823.96
"15694530",672,169469.30
"15796813",493,150159.95
"15605791",524,32063.30
"15714087",624,68794.15
"15711446",569,75084.96
"15588123",677,114685.92
"15748552",464,143665.44
"15618410",718,51099.56
"15672432",594,5408.74
"15610042",574,103006.27
"15580914",478,44147.95
"15583680",615,149278.96
"15813718",651,193009.21
"15767264",465,74898.80
"15686461",558,116253.10
"15678882",540,19374.08
"15789611",568,64516.80
"15668679",630,34475.14
"15631685",523,57061.71
"15655658",678,32301.88
"15753591",438,136859.55
"15617348",544,69244.24
"15704581",595,156309.52
"15738487",678,4989.33
"15648069",850,190194.95
"15737627",589,3529.72
"15731586",785,81778.72
"15757467",563,39297.48
"15597709",602,176614.86
"15720529",591,108684.65
"15596797",643,145764.40
"15681755",605,42135.28
"15815271",755,16929.41
"15682860",769,104393.78
"15621546",620,192717.57
"15705918",725,59650.42
"15684512",818,63729.72
"15671769",624,73679.59
"15642934",669,174969.92
"15594305",712,1703.58
"15789201",603,163181.62
"15706762",597,52319.26
"15766183",580,51672.08
"15777994",718,145355.11
"15568162",527,51711.57
"15680643",729,149535.97
"15761854",746,94105.00
"15730793",699,155905.79
"15692137",759,138380.11
"15608595",748,97734.30
"15709459",698,173576.71
"15775750",686,27596.39
"15585855",679,16897.19
"15752139",682,36895.99
"15768295",778,113046.81
"15766906",742,129933.50
"15725776",649,133091.32
"15682576",763,106282.74
"15704081",595,57862.88
"15719940",628,12628.61
"15672894",625,198914.80
"15667451",733,109127.54
"15636767",665,22487.45
"15571415",805,46791.09
"15575605",725,158697.28
"15649160",554,194138.36
"15615832",675,35177.31
"15600975",556,157015.50
"15690772",635,136551.25
"15565714",601,96517.97
"15763108",600,93629.66
"15723884",758,96097.65
"15644453",606,156476.36
"15655464",640,42964.63
"15783883",753,122021.33
"15787693",559,56311.39
"15664793",754,150685.52
"15642391",621,177740.58
"15756538",654,71492.28
"15668830",650,104492.83
"15796569",831,47729.33
"15677112",519,97593.16
"15815040",552,186869.58
"15590434",577,135227.23
"15597536",576,135244.87
"15723989",646,179473.26
"15767358",711,50610.62
"15594812",806,75232.02
"15688210",670,89205.54
"15681509",679,61761.77
"15572390",850,103921.43
"15801441",670,198802.90
"15783859",733,9617.24
"15575243",764,187905.12
"15773421",673,121440.80
"15788776",588,36292.94
"15765257",564,20432.09
"15661412",715,187051.23
"15636478",621,148689.13
"15603683",796,125445.80
"15651868",672,22736.06
"15815443",527,54947.51
"15682686",722,167984.72
"15697460",596,4802.27
"15748432",746,72909.75
"15698271",523,185488.81
"15808662",624,88407.51
"15690372",553,184544.59
"15781875",850,136539.13
"15801473",599,85045.92
"15704509",492,85421.48
"15694666",707,119903.20
"15731166",743,138780.89
"15728523",522,14789.90
"15788442",681,131964.66
"15689781",826,178709.98
"15764226",630,20344.84
"15809837",430,172852.06
"15805212",806,103945.58
"15716082",703,183656.12
"15643056",755,10333.78
"15654859",612,122109.58
"15761158",719,125041.52
"15577515",554,140003.00
"15723827",683,183171.47
"15646594",749,61128.29
"15712877",724,52462.25
"15598802",770,50839.85
"15699340",680,61240.87
"15691150",699,127429.56
"15608688",442,68343.08
"15737998",529,126511.94
"15735837",574,8559.66
"15659100",605,147822.81
"15609070",515,39288.11
"15650313",632,85179.48
"15627699",558,190019.61
"15591010",434,96405.88
"15798895",525,83342.73
"15745375",640,161333.13
"15775235",690,81292.33
"15780088",607,177747.72
"15649379",850,187980.21
"15713983",780,177235.21
"15709252",616,29835.37
"15699238",618,80204.38
"15732884",676,189268.81
"15587297",507,85411.01
"15684722",490,154360.97
"15621244",678,84460.18
"15744273",637,65618.01
"15682540",602,112928.74
"15636521",744,142210.94
"15785339",640,82559.77
"15638983",684,127388.06
"15654625",495,10160.23
"15697310",559,64242.31
"15678210",684,198355.28
"15575438",613,79323.61
"15632789",794,24113.91
"15621423",736,41921.06
"15573520",692,107472.99
"15740458",703,143859.66
"15762799",720,104120.17
"15686885",777,79792.30
"15565996",653,154639.72
"15662152",552,57850.10
"15711742",708,62868.33
"15701885",647,92357.21
"15774262",597,161083.53
"15567839",501,91429.74
"15644400",709,117031.20
"15797246",621,44857.40
"15778290",799,36483.52
"15708714",675,34045.61
"15586183",561,59981.62
"15761733",707,152944.39
"15773934",670,66979.06
"15705343",649,28797.32
"15593959",524,51670.82
"15664615",689,41865.72
"15671014",573,96015.53
"15657778",657,103914.40
"15585192",686,89199.51
"15592914",683,48849.89
"15770995",753,197444.69
"15570990",520,145160.96
"15596165",547,52309.80
"15788131",653,50695.93
"15800773",648,157891.11
"15690153",639,181850.74
"15638989",711,51345.39
"15623210",484,137519.92
"15652658",721,49653.37
"15684440",548,55867.38
"15730287",679,172749.40
"15720353",553,90607.31
"15767231",757,130861.95
"15761554",581,5558.47
"15706637",718,121537.91
"15690492",625,57128.78
"15694237",744,19409.77
"15729771",799,88604.89
"15609823",751,479.54
"15793366",781,173837.54
"15614813",777,487.30
"15566495",704,35600.25
"15707602",539,166929.43
"15635244",716,98998.61
"15805627",670,54229.74
"15607986",555,105720.09
"15799785",679,121151.46
"15699963",571,154844.22
"15624595",512,18785.48
"15629750",697,64771.61
"15651460",424,16250.61
"15753550",684,131093.99
"15594133",697,129188.18
"15772329",580,47428.73
"15591552",600,132973.21
"15750921",521,84908.20
"15701687",664,57338.56
"15728906",634,161579.85
"15670029",445,122625.68
"15763579",702,52909.87
"15728010",485,170226.47
"15663194",582,191757.65
"15736510",605,66652.75
"15745804",628,195977.75
"15631451",604,69056.26
"15746995",724,12920.43
"15730673",567,138552.74
"15734649",779,22832.71
"15701081",785,61811.10
"15632503",563,191604.27
"15585928",821,25445.00
"15648681",747,129964.56
"15747757",600,6209.51
"15718921",625,134794.02
"15571081",773,57549.65
"15734578",726,28367.21
"15579583",641,51703.09
"15622729",649,66602.70
"15662189",434,2739.71
"15692718",738,69227.42
"15762716",762,31445.03
"15724851",507,150037.19
"15587266",606,111448.92
"15675926",655,51226.32
"15706268",697,53581.14
"15581871",504,149697.78
"15666166",653,160348.31
"15671582",660,154641.91
"15680901",652,104331.76
"15642336",669,135630.32
"15653147",594,65361.66
"15571284",756,56176.31
"15591360",642,60059.47
"15810485",486,51364.56
"15611973",804,118752.60
"15735572",629,116848.79
"15567860",581,45026.23
"15795690",667,189657.26
"15706464",667,57213.46
"15725028",679,63687.06
"15751167",680,58761.33
"15633944",644,14187.78
"15672637",571,145115.95
"15680895",627,187718.26
"15793825",536,27150.35
"15611318",599,111622.76
"15768474",744,27244.35
"15716276",709,57029.66
"15623668",653,25183.01
"15696361",648,129980.93
"15607988",663,118716.63
"15637891",613,20134.07
"15789865",620,190208.23
"15627190",661,68021.90
"15788224",669,110881.56
"15702149",767,132480.75
"15708236",491,7032.95
"15568469",653,27862.58
"15764444",679,87008.17
"15794204",687,27411.19
"15807546",837,46395.21
"15782159",850,194245.29
"15618703",663,151317.27
"15793317",547,118142.79
"15740487",627,138700.75
"15722479",707,6035.51
"15688264",629,41263.69
"15583067",687,63185.05
"15686670",588,92536.00
"15593345",502,158736.07
"15811690",793,18633.40
"15734008",727,71830.10
"15771856",632,19525.65
"15762045",474,110953.33
"15778142",850,4466.21
"15689268",584,105818.51
"15721507",713,149558.83
"15750476",742,4070.28
"15810723",607,132741.13
"15787229",761,61251.25
"15570508",600,91347.76
"15617065",650,171045.31
"15689786",850,155850.40
"15648876",501,27380.99
"15802106",418,154208.96
"15773869",797,93624.55
"15711635",788,64746.07
"15795527",699,82815.93
"15759133",616,27308.58
"15679394",651,104876.80
"15801072",654,151316.37
"15646082",676,91817.38
"15796111",708,125311.17
"15670646",499,14868.94
"15578722",689,196112.45
"15815095",850,24093.40
"15730360",502,66263.87
"15763194",643,100304.13
"15720725",762,167909.52
"15567834",719,16246.59
"15720644",789,103603.65
"15811742",553,7680.23
"15813363",448,95215.73
"15717629",632,148172.94
"15713160",669,124382.90
"15568878",654,159311.46
"15809800",726,6787.48
"15736420",596,197297.77
"15757933",733,21556.95
"15623072",529,56518.00
"15683993",493,158840.99
"15570947",615,126396.01
"15797767",600,148087.88
"15731989",666,33701.50
"15591035",644,84622.37
"15586479",692,185580.89
"15605872",707,62768.80
"15666012",603,38829.11
"15641733",671,110748.88
"15593178",568,54083.80
"15649183",598,88658.73
"15736399",606,177938.52
"15751137",850,174235.06
"15757188",644,82696.84
"15726167",655,142415.97
"15624850",850,62811.03
"15717700",683,25339.29
"15716347",663,176487.05
"15696287",682,49833.50
"15638871",639,55829.25
"15765093",704,155823.20
"15592999",691,60622.61
"15641715",599,174196.68
"15607746",573,56905.38
"15625311",589,101178.85
"15573077",620,73857.94
"15735106",647,102325.19
"15672912",737,55356.39
"15589881",634,131284.93
"15660144",660,88080.43
"15664083",666,93266.01
"15690898",696,75562.47
"15808023",836,153747.73
"15676909",667,163830.64
"15764922",596,103456.47
"15766734",430,95655.16
"15795079",596,138350.74
"15757434",599,31190.42
"15673747",519,167553.06
"15808386",721,59604.45
"15603565",603,162223.67
"15744044",572,196549.85
"15577771",453,120373.84
"15769548",668,92149.64
"15802071",762,178361.48
"15677395",633,170998.83
"15632010",647,77216.48
"15779492",796,121164.60
"15694677",733,141841.31
"15704315",556,104000.06
"15742009",489,191419.32
"15766663",639,28188.96
"15742297",715,60407.93
"15688059",807,130489.37
"15752344",714,193040.32
"15698749",626,109742.80
"15631693",697,74760.32
"15604536",850,61936.10
"15802869",737,78650.95
"15635598",812,168023.60
"15592326",583,5571.59
"15736533",730,118591.67
"15647191",677,7824.31
"15622507",748,38153.19
"15765487",753,180829.99
"15646521",634,143960.72
"15746258",622,8788.35
"15692430",699,103557.85
"15625501",570,147168.28
"15640521",552,58844.84
"15790630",619,18094.96
"15664720",714,162515.17
"15750055",503,157921.25
"15644878",685,68701.73
"15754578",606,186778.89
"15705379",678,66561.60
"15761047",724,64831.36
"15671293",779,6589.16
"15687527",638,165370.66
"15647898",610,184758.17
"15671534",646,13911.27
"15591248",628,34857.46
"15676156",528,156192.43
"15812918",432,53874.67
"15604130",622,100183.05
"15700549",721,4493.12
"15715519",614,130610.78
"15707042",634,63340.65
"15605276",742,180066.59
"15630592",516,95273.73
"15636626",718,53511.74
"15740411",636,109685.61
"15593834",691,75664.56
"15804235",698,71972.95
"15679801",712,23702.42
"15673907",659,112572.02
"15636562",573,62424.46
"15702571",778,131238.37
"15627365",732,184350.78
"15748499",550,13999.64
"15598614",790,168152.76
"15668889",665,35640.12
"15800049",728,120088.17
"15583724",645,74346.11
"15622083",647,2955.46
"15645571",596,146504.35
"15598266",610,149602.54
"15667934",512,53020.90
"15569682",768,41788.25
"15772941",666,74849.46
"15586174",700,134417.31
"15803682",651,75837.58
"15627328",542,54869.54
"15717065",686,35356.46
"15602456",850,122141.13
"15721569",658,119439.66
"15573798",448,81999.53
"15638272",609,120594.85
"15799859",704,120770.75
"15599152",698,134790.74
"15737909",759,100137.70
"15646190",677,158325.87
"15711249",544,70007.67
"15671987",567,88659.07
"15812766",490,190889.13
"15778589",626,56646.28
"15750104",718,32999.10
"15784526",616,178235.37
"15646563",772,25448.31
"15744423",561,84871.99
"15593694",814,157822.54
"15785367",651,84383.22
"15687765",538,119216.46
"15789014",600,82547.01
"15703177",654,86764.46
"15660263",622,197372.13
"15776545",682,82872.64
"15683276",610,129563.86
"15599272",795,135388.89
"15589541",557,4497.55
"15608804",824,67885.37
"15645820",698,111471.55
"15659031",630,134407.93
"15790113",609,108258.22
"15652289",694,197528.62
"15605341",681,139761.25
"15697844",721,136119.96
"15652048",563,197812.16
"15587038",654,51972.92
"15660528",659,99341.87
"15700300",674,171345.02
"15642001",576,119056.68
"15580366",566,172601.62
"15657228",545,104936.88
"15729377",798,159044.10
"15686913",757,83263.06
"15631267",641,130910.78
"15632275",718,126336.72
"15715907",699,27980.80
"15764841",623,47880.71
"15748649",644,73882.49
"15771409",586,162960.05
"15779207",500,68807.47
"15814116",583,144039.05
"15665087",595,151192.18
"15611189",670,120225.62
"15729718",610,56118.81
"15733602",814,130853.03
"15620103",660,185156.94
"15770406",580,35671.45
"15800554",850,59568.24
"15611409",676,139911.58
"15646535",578,56770.76
"15575430",579,157564.75
"15711299",711,131473.31
"15642063",692,90424.09
"15706602",760,156660.21
"15592773",630,88372.69
"15786539",808,46200.71
"15737542",611,160548.12
"15590234",697,1262.83
"15773776",655,188639.28
"15728082",601,14665.28
"15609987",755,156868.21
"15735330",553,30461.55
"15649430",723,123885.88
"15768777",507,60688.38
"15777893",777,21785.91
"15791326",566,188135.69
"15615176",732,154364.66
"15735221",697,61312.15
"15617991",555,47454.93
"15658504",584,121102.90
"15785705",705,137419.87
"15801817",688,157664.02
"15752578",626,148689.65
"15781574",636,39789.62
"15792107",719,165162.40
"15569917",706,137674.55
"15721504",731,101371.72
"15757306",738,65066.48
"15647295",426,107876.91
"15642098",622,111180.30
"15696120",701,115650.63
"15675176",512,165035.17
"15700046",635,193746.55
"15782089",685,58458.26
"15706394",609,52332.85
"15759387",598,75959.10
"15623369",708,123.07
"15732943",574,167066.95
"15750545",629,117572.59
"15809909",422,7166.71
"15642448",656,137173.39
"15791944",697,116442.42
"15768342",718,32421.32
"15567919",586,104665.79
"15674750",481,44215.86
"15778345",749,20164.47
"15687634",561,26691.31
"15666096",676,107955.67
"15581700",615,150048.37
"15656417",582,192255.15
"15649101",601,173245.68
"15781975",708,121457.88
"15700511",708,104804.74
"15770255",797,69767.14
"15643574",682,178373.43
"15595010",694,99924.04
"15580579",490,49594.19
"15748532",828,186071.14
"15773789",594,77511.45
"15600027",579,54816.57
"15620832",723,61290.99
"15568819",619,191821.35
"15748691",794,156768.45
"15583552",674,73731.32
"15588019",418,122190.22
"15713250",502,123509.01
"15569595",678,8199.50
"15794868",599,14113.11
"15576680",736,51705.01
"15613699",430,161937.62
"15609758",537,120892.96
"15762392",683,65035.02
"15693382",828,164257.37
"15791769",691,51987.99
"15712483",608,10899.63
"15636454",691,177355.80
"15710138",718,63889.10
"15571571",680,176433.60
"15638751",838,81313.51
"15598574",695,13998.88
"15796787",681,5771.56
"15615670",762,42693.65
"15705506",751,90839.61
"15599535",678,54144.01
"15768449",634,184312.88
"15725002",749,20306.79
"15611682",590,128256.18
"15749964",610,182720.07
"15678779",502,4082.52
"15752601",578,102233.73
"15758477",547,132002.83
"15629133",579,126838.70
"15604963",661,181461.46
"15796413",794,195325.74
"15812470",719,29132.43
"15587443",728,131804.86
"15689692",598,173784.04
"15779586",822,26249.86
"15667588",670,182650.15
"15624423",850,196582.55
"15591107",723,141977.54
"15748986",705,55313.51
"15793896",677,62944.75
"15620570",736,72375.03
"15727811",661,188324.01
"15707681",501,133403.07
"15702030",516,157378.50
"15673238",517,101240.08
"15604196",766,102502.50
"15769356",520,37577.66
"15665590",541,83456.67
"15572361",790,199420.41
"15667460",797,24748.89
"15654760",811,121765.00
"15632669",722,113666.48
"15613673",675,134110.93
"15698522",660,183095.87
"15741633",566,159891.03
"15674583",768,8316.19
"15665374",610,63736.36
"15588854",715,94715.24
"15810716",750,68695.38
"15776921",431,36899.62
"15569394",704,182775.08
"15788215",535,62390.59
"15641007",614,76042.48
"15594651",748,70956.75
"15575146",492,67311.12
"15608916",573,110454.46
"15666297",706,88479.02
"15598586",680,122639.73
"15665014",458,79723.78
"15701738",612,97677.52
"15650591",809,100720.02
"15652667",590,104730.52
"15679622",602,22499.29
"15730150",540,28257.89
"15813192",494,109988.09
"15606554",797,149991.32
"15611794",526,45180.80
"15672357",631,181605.85
"15711759",576,126469.09
"15615296",405,160810.85
"15699294",555,88146.86
"15788634",750,88333.74
"15660871",665,90174.83
"15618258",640,81298.09
"15722535",457,60013.17
"15711977",695,100940.91
"15690169",645,12599.94
"15790689",647,128590.73
"15665181",808,23180.37
"15633608",641,55796.83
"15805261",700,152097.02
"15740356",660,162443.05
"15808223",615,55551.26
"15769980",705,109496.69
"15675450",718,72105.63
"15776494",754,41815.22
"15592412",713,74005.04
"15777452",587,70224.34
"15692258",569,145528.22
"15791045",568,124486.28
"15807889",634,10078.02
"15602043",770,164967.21
"15807335",676,91149.48
"15629985",723,103379.31
"15679453",614,128049.34
"15637315",601,54342.83
"15691513",592,13614.01
"15622289",605,35521.63
"15715184",752,40496.72
"15702801",677,91903.90
"15719931",850,178667.70
"15806081",608,32202.61
"15796336",786,117034.32
"15647306",777,163746.09
"15742369",667,20346.69
"15655859",848,84710.65
"15675650",486,120531.31
"15574119",598,152273.57
"15754168",506,144345.58
"15763029",612,96961.00
"15765048",545,170307.43
"15786215",793,29880.99
"15707559",682,195104.91
"15582129",517,187756.24
"15687540",684,67599.69
"15787196",692,105983.09
"15670898",740,25980.42
"15775433",666,112222.64
"15700693",693,59864.96
"15677955",757,42581.09
"15570086",684,4777.23
"15794875",691,178038.17
"15673591",842,128521.16
"15631756",482,109029.72
"15757617",735,2267.88
"15612729",681,55054.48
"15637857",616,76456.17
"15681007",850,75478.95
"15593622",635,179144.54
"15629273",638,193471.74
"15765846",820,103570.80
"15596013",694,102628.56
"15722473",713,55772.04
"15774936",543,192070.16
"15685640",649,144808.37
"15566563",777,5008.23
"15768746",561,173680.39
"15689952",724,115753.94
"15725906",665,38928.48
"15634501",441,174381.23
"15571940",579,49829.80
"15741643",777,76169.68
"15806822",739,133465.57
"15701166",660,38761.61
"15718531",554,176779.46
"15628308",850,13159.90
"15585287",842,48217.97
"15781619",785,134964.85
"15805162",550,184221.11
"15588535",750,19264.33
"15775307",490,92797.23
"15777616",605,33114.24
"15692291",563,154347.95
"15680843",675,184842.21
"15606232",621,155743.48
"15641585",850,88815.25
"15684358",711,193747.57
"15806389",549,116548.02
"15641860",764,166324.79
"15814237",627,40199.01
"15808780",850,51919.04
"15767064",614,73329.08
"15751177",685,145387.05
"15613427",683,140763.18
"15647259",643,67979.35
"15748660",561,133051.64
"15726695",601,86791.90
"15757473",766,47579.25
"15809509",699,151623.71
"15715512",850,164039.51
"15614168",792,16528.40
"15679818",636,66753.10
"15609928",850,19244.58
"15731246",628,103832.58
"15685243",736,502.70
"15638730",711,1408.68
"15697034",583,5985.36
"15699225",757,37460.05
"15677387",749,30396.43
"15759184",705,2498.67
"15595991",585,55346.14
"15681332",437,148330.97
"15756299",741,59237.72
"15750547",738,48644.94
"15566380",586,140759.03
"15675963",627,107712.42
"15674671",551,181718.73
"15621466",606,37054.65
"15607176",674,173940.59
"15570299",584,99298.80
"15613197",590,62933.03
"15798885",585,55287.84
"15714883",508,48197.06
"15604497",458,178642.73
"15773949",692,8282.22
"15774164",502,33300.56
"15774127",518,76515.79
"15619016",660,33680.56
"15795759",698,168886.39
"15798844",678,191746.23
"15717962",773,93091.02
"15691504",619,23904.52
"15693893",684,15807.07
"15672499",635,83773.02
"15750410",680,90162.35
"15568904",608,36639.25
"15649033",603,139469.11
"15780989",579,198402.37
"15771059",756,194584.48
"15687852",611,159629.64
"15695280",532,34231.48
"15592751",684,69643.31
"15598338",647,90270.16
"15735784",583,47848.56
"15629128",774,162865.52
"15642870",677,168650.40
"15637977",542,54372.37
"15600792",613,133897.32
"15576131",666,147878.05
"15686588",777,118313.38
"15761018",581,181224.24
"15616029",705,7921.57
"15761149",673,5708.19
"15802758",594,56756.52
"15647838",648,4121.04
"15735968",605,97213.09
"15581286",734,12799.23
"15625445",572,50400.32
"15600173",595,41447.86
"15635143",749,185543.35
"15664849",573,189988.65
"15762455",624,170819.01
"15797165",703,85547.33
"15788189",665,137037.97
"15780492",648,19283.14
"15678497",850,169425.30
"15588560",569,132038.65
"15606003",566,3626.47
"15611756",537,50881.51
"15789563",706,149170.25
"15702416",734,182505.68
"15766288",586,194072.56
"15667633",612,9209.21
"15622774",648,167931.81
"15755416",557,123096.56
"15769915",643,3965.69
"15643908",433,87711.61
"15627395",643,49667.28
"15679663",488,136675.22
"15651581",758,35865.44
"15596379",743,26136.13
"15746674",730,33373.26
"15801256",746,10096.25
"15663808",666,188782.30
"15598521",580,79775.19
"15621457",850,152740.16
"15764726",563,5791.85
"15646374",766,13182.43
"15716501",659,187551.24
"15589948",607,110560.14
"15811343",644,63795.62
"15659677",746,62086.62
"15594436",588,12483.56
"15748995",691,10963.04
"15677062",666,8247.00
"15697201",640,156260.08
"15666453",611,26927.69
"15693771",651,84782.42
"15569867",529,19842.11
"15711602",676,95393.43
"15717736",639,133995.59
"15750441",782,108003.38
"15732791",641,99154.86
"15775104",697,49503.50
"15757607",623,196533.72
"15793070",494,188426.13
"15760456",731,171340.68
"15665385",657,79071.89
"15612418",744,20940.76
"15727138",774,34774.26
"15732061",850,6865.41
"15776051",551,51143.43
"15616530",638,47031.40
"15632344",792,47160.01
"15744979",666,158666.99
"15745433",716,65464.66
"15683657",594,78255.86
"15718572",600,103548.25
"15665783",565,89609.26
"15652782",678,193476.04
"15707025",648,5199.02
"15647807",642,52827.51
"15718281",706,86507.88
"15660571",668,100423.88
"15727857",635,175611.50
"15639252",603,19282.85
"15628144",635,27448.33
"15683560",642,183963.34
"15653275",785,45113.92
"15622182",628,110776.01
"15613962",499,183042.20
"15618437",567,161571.79
"15783338",449,166692.03
"15764491",701,71173.64
"15712960",613,5353.12
"15688157",683,86019.48
"15579287",581,86383.82
"15570931",620,31641.52
"15615177",561,70548.96
"15809906",558,24411.02
"15652169",642,122254.86
"15649450",805,186035.72
"15777179",687,73133.82
"15803538",695,187734.49
"15610936",562,111590.35
"15590094",613,15859.95
"15572706",589,61324.87
"15634564",593,176868.89
"15684296",714,98896.06
"15702293",588,108739.15
"15642099",679,12266.06
"15773273",730,163317.50
"15613337",833,182247.77
"15800482",586,168261.40
"15732644",567,158590.66
"15713426",637,102566.46
"15640789",711,141827.83
"15598892",828,161671.15
"15606436",500,192013.23
"15751227",807,127875.10
"15812365",850,60811.56
"15616088",782,131177.22
"15803886",629,130862.11
"15587311",582,72970.93
"15617401",468,28123.99
"15775886",670,140754.19
"15807305",805,166650.32
"15761717",720,45507.24
"15628008",781,112202.64
"15583755",592,37140.20
"15661409",542,178256.58
"15774250",532,100982.93
"15681476",520,109626.13
"15654870",759,99251.24
"15790448",473,143345.69
"15785326",639,59653.03
"15592854",705,196864.61
"15617486",530,109960.40
"15806796",516,127256.70
"15644699",850,1099.95
"15622305",746,146192.40
"15608209",622,48553.77
"15626898",743,144407.10
"15644297",732,195760.53
"15731569",850,44827.47
"15582149",850,88743.99
"15802483",686,88837.11
"15686999",556,62112.70
"15772479",673,163563.07
"15778884",809,174800.31
"15623630",634,42429.88
"15774316",630,82647.65
"15695097",564,134175.15
"15645404",625,92243.94
"15750574",677,6175.53
"15636812",583,29213.63
"15712068",592,67214.02
"15652030",637,169037.84
"15577398",850,188809.23
"15756848",633,79408.17
"15806929",751,89222.66
"15656005",592,86079.67
"15722632",716,12944.17
"15794356",641,166516.84
"15659656",849,126419.80
"15588341",647,89103.05
"15709142",608,132973.17
"15627042",555,93122.41
"15627517",497,167522.19
"15803032",599,157239.60
"15665129",545,107429.71
"15628272",774,75304.09
"15678206",464,182944.47
"15678427",696,5983.70
"15678067",667,163655.01
"15793331",812,89385.92
"15699532",516,168773.54
"15605827",645,96864.36
"15643635",664,134455.84
"15787710",427,28368.37
"15614137",685,103898.59
"15754494",585,63239.65
"15713440",519,170138.68
"15803479",708,3837.08
"15709639",717,92977.75
"15601719",465,191368.37
"15772482",829,104889.20
"15591489",826,60285.30
"15629002",747,180693.61
"15798053",707,126475.79
"15753895",590,133535.99
"15595426",603,87412.24
"15645815",615,164886.64
"15632848",634,116238.39
"15703068",716,138051.19
"15791513",647,101617.64
"15587210",591,1985.41
"15793803",574,165626.60
"15787756",467,177784.68
"15723437",701,65765.22
"15702715",747,50759.80
"15809872",650,163216.48
"15644295",731,74850.93
"15778694",638,23491.09
"15759555",569,134272.57
"15631406",459,155721.15
"15616676",632,147230.77
"15771154",683,133210.44
"15669491",850,18986.12
"15697691",512,100507.81
"15665180",616,59346.40
"15752588",664,95372.64
"15743051",694,31805.49
"15571873",655,51959.82
"15679743",607,130824.57
"15769412",684,157694.76
"15775124",763,933.38
"15732113",671,2560.11
"15578141",592,12905.89
"15595874",666,176692.87
"15755642",667,102908.63
"15576526",850,41291.05
"15792489",622,119127.06
"15733705",577,126434.61
"15807221",555,103901.35
"15573045",547,85153.00
"15756824",613,12493.61
"15773520",672,167336.78
"15627439",624,186180.42
"15701439",698,88566.90
"15785352",606,172526.90
"15616525",720,137985.69
"15717489",835,19793.73
"15795737",771,107874.39
"15693877",811,171995.34
"15576111",734,61829.89
"15595713",548,31728.35
"15808868",652,155221.05
"15708193",707,130866.95
"15697801",605,62199.78
"15770121",623,24255.21
"15800524",686,64679.07
"15686236",525,88120.78
"15659807",657,66463.62
"15736078",730,15142.10
"15620836",816,102908.91
"15698184",484,48170.57
"15717643",728,11597.69
"15776596",730,172450.04
"15814757",477,184061.17
"15812607",663,21038.58
"15663888",549,109538.35
"15748882",714,129192.55
"15690829",430,146516.86
"15695819",504,181430.91
"15696834",530,121451.21
"15797710",619,131712.51
"15700654",617,53294.17
"15583764",791,96546.55
"15688849",609,184524.65
"15661473",780,195259.31
"15601030",777,172618.52
"15789557",817,59259.44
"15745250",850,25899.21
"15590349",732,3749.00
"15741693",693,101918.96
"15618446",576,57802.62
"15766552",643,142454.77
"15668775",757,143829.54
"15757895",569,44114.88
"15774551",772,186948.35
"15684011",576,173629.78
"15736146",608,49133.45
"15656286",794,178122.71
"15774847",593,20893.61
"15619340",597,41303.29
"15815656",541,199808.10
"15623357",692,180490.53
"15601324",697,87400.53
"15715510",768,73686.75
"15663770",802,172497.73
"15779267",584,89286.29
"15597957",614,180082.70
"15584620",850,22102.25
"15750772",671,76068.95
"15706557",626,32159.46
"15594391",770,159557.28
"15661656",633,107673.35
"15631217",663,33607.72
"15588955",581,141035.65
"15758252",561,115719.08
"15740223",479,86128.21
"15805413",769,147668.64
"15635116",659,177480.45
"15764892",590,190937.09
"15795936",560,84531.79
"15655232",437,161133.40
"15640133",661,185555.63
"15751524",677,33075.24
"15670552",560,39806.75
"15623966",578,26389.92
"15752193",421,12162.76
"15607269",492,167237.94
"15700752",545,52067.37
"15777901",640,184006.36
"15639117",624,582.59
"15720203",577,143274.41
"15586236",704,54474.48
"15676645",523,121428.20
"15715988",793,79704.12
"15603749",564,41055.71
"15608956",711,41590.40
"15733872",791,54019.93
"15666982",629,76053.07
"15602647",729,184977.20
"15623063",651,127678.95
"15682928",695,1243.97
"15729246",847,76326.67
"15588928",704,145338.61
"15803352",613,57751.21
"15607485",692,138880.24
"15656249",720,136120.29
"15761783",577,167621.18
"15716605",710,173276.62
"15757425",716,99661.46
"15603096",410,66333.56
"15588580",584,70240.79
"15770539",792,113553.42
"15572022",605,690.84
"15571843",486,98802.76
"15752502",615,130661.95
"15609058",676,116378.82
"15775108",571,186052.15
"15708904",850,100101.06
"15600086",717,169952.82
"15814675",642,61792.76
"15572777",780,37973.13
"15585106",492,188974.81
"15738936",760,86334.64
"15750970",500,152845.99
"15725772",654,146652.11
"15692106",606,45482.04
"15791533",367,168816.73
"15715715",799,59297.34
"15785576",434,125848.88
"15798834",719,76264.27
"15744127",641,3939.87
"15637427",461,15306.29
"15576990",790,58214.79
"15615352",588,35877.03
"15647333",621,21254.06
"15572050",768,24533.89
"15581370",681,23531.50
"15813503",606,89099.18
"15769783",542,807.06
"15793135",713,121592.50
"15599182",597,4700.66
"15689517",635,161909.95
"15641366",599,90389.61
"15588859",496,2919.21
"15732293",759,99086.74
"15568032",757,163170.32
"15623525",564,72757.33
"15606601",561,73286.80
"15800811",702,146056.29
"15610711",678,167673.37
"15809654",707,146011.55
"15576077",610,103381.47
"15643378",744,83022.92
"15566790",598,46041.08
"15774402",562,182843.24
"15694641",621,171364.18
"15605916",659,183399.12
"15812356",722,152883.95
"15644179",606,50560.45
"15771674",603,54702.66
"15623314",506,78365.75
"15613292",715,68666.63
"15813871",690,151375.73
"15759480",644,19959.67
"15587712",589,26955.72
"15671165",592,76267.59
"15620746",632,100998.50
"15706537",577,191070.01
"15589312",588,176858.50
"15741180",617,45325.26
"15733888",668,190958.48
"15798532",810,78896.59
"15577359",767,121964.46
"15614936",718,11144.40
"15747647",589,144181.48
"15588566",778,32757.55
"15570141",724,80320.30
"15800793",477,185830.72
"15572415",580,160095.31
"15635125",566,52198.84
"15636551",711,31811.44
"15600912",706,104181.78
"15768476",703,67667.19
"15650266",679,193974.47
"15621004",603,198055.94
"15748352",598,43249.67
"15788920",836,55218.02
"15743236",687,131305.37
"15637717",704,43117.10
"15635500",605,186655.11
"15634792",516,33266.29
"15607560",572,555.28
"15727177",557,150944.31
"15774358",443,72846.58
"15791304",604,35279.74
"15603328",483,2101.89
"15804937",702,94949.84
"15804142",670,99061.75
"15608845",804,74692.06
"15702434",850,116692.80
"15632609",554,32824.15
"15603550",588,139607.61
"15755239",758,115525.13
"15670528",787,20955.03
"15732704",582,52341.15
"15589019",633,159813.18
"15677796",766,169935.46
"15760177",564,146033.52
"15636595",602,153122.73
"15737275",649,60335.24
"15672905",679,163757.29
"15753955",639,156648.81
"15708504",790,176471.78
"15592451",565,5388.30
"15790455",478,93332.64
"15572174",825,71192.82
"15656330",528,170309.19
"15569626",577,109794.31
"15608726",663,166310.82
"15637366",505,126728.27
"15778049",633,30338.94
"15727421",586,37935.83
"15688865",850,25329.48
"15751032",629,49676.33
"15734737",744,169498.61
"15746515",750,26500.29
"15664311",637,166458.41
"15708139",575,181294.39
"15768574",671,21768.21
"15738018",571,72849.29
"15699753",590,24499.97
"15703199",619,98994.92
"15627830",640,141446.01
"15570855",670,77864.41
"15772503",737,115115.32
"15584453",555,168605.96
"15710111",742,38550.40
"15618562",618,160618.61
"15706764",560,3701.63
"15798737",654,88659.44
"15712608",787,44273.91
"15636736",611,156495.39
"15703544",559,182988.94
"15815645",481,175082.20
"15705739",753,148811.14
"15709643",675,85901.09
"15669805",748,199255.32
"15737489",610,107973.44
"15775131",580,128028.60
"15765283",624,104610.86
"15628715",709,69676.55
"15813283",605,35982.42
"15745716",706,117939.17
"15598485",567,95140.62
"15696552",747,167682.57
"15754569",664,56562.57
"15701741",711,90305.97
"15572631",609,109895.16
"15636069",632,1843.24
"15682467",725,102747.02
"15790744",850,97465.89
"15625023",682,105352.55
"15731267",797,85801.77
"15742879",668,69370.05
"15757015",783,176945.96
"15770711",766,21597.20
"15569430",704,152039.67
"15617304",722,111893.09
"15704466",692,195074.62
"15664681",584,15959.01
"15605534",644,72628.84
"15792473",598,64157.24
"15802625",733,23860.50
"15766017",615,85687.09
"15762172",850,179451.42
"15728333",521,93180.09
"15792868",675,157097.09
"15605698",746,80344.96
"15777060",770,26080.54
"15626243",618,31406.93
"15719898",556,32044.64
"15599976",749,132734.87
"15752809",702,61602.42
"15589698",555,41304.44
"15609977",587,57962.41
"15750121",639,42862.82
"15734177",643,152992.04
"15781347",600,91193.65
"15592025",651,130132.41
"15670163",666,88751.45
"15765402",520,104118.93
"15624343",650,42028.16
"15602354",564,75632.78
"15579183",586,53710.23
"15584899",617,13066.30
"15723658",712,152417.97
"15803965",654,3299.01
"15682489",605,198091.81
"15813645",491,103934.12
"15766787",707,70403.65
"15687171",638,102179.86
"15690744",683,30375.18
"15707974",815,184796.84
"15673084",645,166264.89
"15814772",645,88391.97
"15743709",683,115186.97
"15610343",705,13935.53
"15737414",647,83910.40
"15788480",786,34712.34
"15568519",534,13871.34
"15792453",602,139494.75
"15658100",695,140724.64
"15695197",553,20682.46
"15749807",516,124202.26
"15773876",655,159638.77
"15591698",849,171056.65
"15712813",520,25333.03
"15763898",568,29372.62
"15793324",695,38533.79
"15757759",807,156122.13
"15796230",642,57904.22
"15611729",703,31257.10
"15709531",556,193214.05
"15650751",585,137757.69
"15641413",587,13308.20
"15753840",524,132861.90
"15669994",556,125083.29
"15695301",504,12405.20
"15792004",731,37697.29
"15603035",651,105599.65
"15717286",675,142783.98
"15577107",657,168412.07
"15754747",686,184036.47
"15705676",690,48478.47
"15751912",567,3896.08
"15677336",557,132370.75
"15684395",446,128260.86
"15659949",850,106534.15
"15812422",637,102515.42
"15806941",499,83643.87
"15637690",622,138906.85
"15632882",684,29995.83
"15807107",612,164081.42
"15661034",813,187976.88
"15811958",850,158171.36
"15785167",795,155711.64
"15646720",628,85890.75
"15658614",565,83844.79
"15704657",601,41777.90
"15567147",802,81908.09
"15701319",614,139377.24
"15745266",434,73562.05
"15650437",522,165786.10
"15764314",550,174921.91
"15612594",599,120790.02
"15593501",493,56092.51
"15804150",755,158816.03
"15649297",605,125660.99
"15641110",708,128400.62
"15660608",699,107181.22
"15806570",763,77203.72
"15715345",743,129740.11
"15755521",660,187604.97
"15579074",619,184754.26
"15641158",739,63981.37
"15752507",769,192831.67
"15597983",692,70849.47
"15586069",560,27914.95
"15655082",607,173568.30
"15720155",630,9324.31
"15582116",767,26628.88
"15749365",543,145601.80
"15632069",776,144496.07
"15663134",535,11779.98
"15766683",549,83983.39
"15707219",844,123318.37
"15709232",586,65481.86
"15801351",583,47728.00
"15578747",701,59195.05
"15675626",726,98060.51
"15583736",829,90106.94
"15590011",749,13549.34
"15609913",743,113436.08
"15719479",619,42442.21
"15575147",699,68297.61
"15597309",749,80134.65
"15648367",600,96051.10
"15758031",760,80682.35
"15751771",528,111149.98
"15689288",630,182612.38
"15731026",683,109201.43
"15775809",677,151146.67
"15743076",669,93901.61
"15658258",693,36342.79
"15756321",612,98302.57
"15706799",719,84972.90
"15775703",702,108747.12
"15642636",755,21862.19
"15704651",514,121551.93
"15806771",753,177065.24
"15566735",548,140460.01
"15681671",850,35337.31
"15775949",612,193502.93
"15586752",628,32174.03
"15582519",479,5811.90
"15658233",724,149593.61
"15755330",512,37439.90
"15605072",638,142763.51
"15617538",834,45038.74
"15591428",781,172097.40
"15692142",707,180344.69
"15692931",670,37392.56
"15781127",663,36864.05
"15677136",624,132418.59
"15677828",598,60894.26
"15567897",619,143913.33
"15793641",792,172240.27
"15678333",683,86619.77
"15630511",691,164074.89
"15792627",765,69039.43
"15717191",508,132468.76
"15625716",637,65316.50
"15710053",667,57164.19
"15580043",575,34397.08
"15601410",744,177431.59
"15684669",567,142009.46
"15619083",502,80618.47
"15692207",609,124218.27
"15730705",715,85286.30
"15749688",541,40889.14
"15728542",850,107236.87
"15760063",595,168085.97
"15658982",650,146663.43
"15758769",625,4791.80
"15778481",817,120819.58
"15661162",526,114539.67
"15568164",850,154000.99
"15601569",598,137980.58
"15772383",613,83343.73
"15667456",709,82195.15
"15672983",678,149550.95
"15799534",720,197688.50
"15582847",662,72929.96
"15612478",525,171045.35
"15709621",662,27731.05
"15802009",770,126131.90
"15698816",721,103931.49
"15574830",633,147635.33
"15603082",701,61961.57
"15685947",556,125435.47
"15643048",639,42240.54
"15807568",632,57942.88
"15597591",456,153419.62
"15747558",729,189727.12
"15756655",632,165385.55
"15589949",433,19687.99
"15601012",802,39473.63
"15724269",670,144723.38
"15567506",738,194895.57
"15791877",706,77271.91
"15794360",592,105096.82
"15686538",522,176780.39
"15585985",746,153786.46
"15699257",651,43612.06
"15804104",494,79479.74
"15727619",753,92320.37
"15740237",671,193201.86
"15801436",696,126353.13
"15705735",577,135008.92
"15649359",587,17135.60
"15624892",712,60651.77
"15784918",498,188343.05
"15584785",660,23291.83
"15797197",678,64443.75
"15574858",530,287.99
"15794101",559,137961.41
"15743245",624,72169.95
"15791535",592,39608.58
"15605215",767,175458.21
"15771749",653,89524.83
"15616833",678,13221.25
"15750728",586,102889.34
"15769353",550,166468.21
"15770091",643,27149.27
"15716420",612,59601.15
"15740602",674,22026.18
"15796071",657,153059.62
"15811389",724,167313.07
"15783875",500,12833.96
"15671800",688,197582.79
"15677288",599,4033.39
"15633525",631,125877.22
"15634606",634,176913.42
"15579207",545,105476.65
"15619892",644,59172.42
"15567778",690,108731.02
"15711750",711,175310.38
"15751084",712,38170.04
"15768945",627,105887.04
"15586931",694,95625.03
"15636353",534,9541.15
"15623858",603,148516.79
"15703354",808,113907.80
"15663987",723,164647.72
"15780805",585,98621.04
"15768566",706,37479.97
"15643229",671,15846.42
"15754940",597,5104.08
"15676576",646,61937.60
"15800068",801,170008.74
"15648030",731,165000.68
"15668594",620,76197.05
"15728709",484,118045.98
"15724181",647,157360.90
"15647546",688,196226.38
"15702601",680,44384.57
"15567725",689,72993.65
"15674179",513,124571.09
"15686957",553,43640.16
"15607690",689,31121.42
"15806546",517,22372.78
"15632850",731,170338.35
"15709016",687,158845.49
"15638068",507,67926.18
"15749345",468,194783.12
"15791321",682,176036.01
"15699095",603,198826.03
"15638329",522,168683.57
"15575445",629,6936.27
"15752622",729,179230.23
"15774507",574,103421.91
"15570857",677,147578.26
"15599386",627,130504.49
"15744913",788,16149.13
"15647292",697,118862.08
"15728838",578,143397.14
"15584704",519,137959.00
"15749068",632,93702.96
"15622985",679,172939.30
"15587676",699,108162.13
"15779496",615,35896.09
"15733460",622,104852.60
"15711457",755,188850.89
"15795290",767,28615.80
"15611223",752,172001.44
"15794159",633,60116.57
"15780677",717,170528.63
"15690175",585,189683.70
"15722599",751,49734.94
"15569976",754,121529.59
"15707011",495,71071.47
"15702277",650,142995.32
"15801915",529,13054.25
"15580213",585,89402.54
"15637947",668,111241.37
"15715888",591,119638.85
"15732967",731,151581.79
"15737047",754,73881.68
"15694039",650,176902.83
"15649457",588,7034.94
"15742809",712,122547.58
"15637829",691,161559.12
"15633194",771,137510.41
"15611635",678,185366.56
"15638774",719,182224.14
"15722037",610,42581.04
"15672930",722,31921.95
"15668774",758,102460.84
"15780966",709,109681.29
"15659694",634,106345.05
"15624424",678,102472.90
"15708713",633,36249.76
"15755405",710,32996.89
"15647570",640,195123.94
"15684348",656,57014.43
"15702541",551,159483.76
"15646942",786,100929.59
"15748920",561,12513.07
"15694581",807,74900.90
"15643215",602,137111.89
"15649060",727,60212.51
"15774258",678,187343.40
"15731553",730,183284.53
"15617029",596,8125.39
"15780716",686,103220.56
"15577018",684,96885.19
"15809515",797,8877.06
"15789924",658,147530.06
"15725076",653,33389.42
"15672481",641,45309.24
"15574115",656,35230.61
"15661830",750,59816.41
"15665879",768,69080.46
"15673820",568,143450.61
"15747772",706,40774.01
"15666197",430,99377.27
"15773639",745,133617.43
"15581893",747,101495.00
"15672447",657,119333.95
"15777830",639,167682.37
"15713890",704,152884.85
"15577598",651,70400.86
"15786042",706,65413.41
"15753462",632,182728.80
"15759690",751,81442.60
"15801414",767,144251.38
"15656141",741,40207.06
"15608701",651,54530.51
"15582892",601,32683.88
"15632967",520,104703.96
"15587573",626,26907.43
"15654891",811,180591.32
"15611365",730,60905.51
"15749103",604,47777.15
"15810203",499,108222.68
"15813660",754,3554.63
"15605673",716,78616.92
"15669282",636,100566.81
"15792726",470,183259.35
"15593241",444,159131.21
"15683053",809,160976.85
"15632736",850,42933.26
"15731865",637,91291.20
"15760450",512,52471.36
"15787204",774,108804.28
"15650454",641,122449.18
"15573730",586,41682.30
"15705050",611,148887.69
"15791342",660,137784.25
"15684316",532,190573.91
"15700540",557,102076.03
"15770631",730,56307.51
"15790594",535,49775.58
"15604020",773,4395.45
"15637599",510,28461.29
"15736578",539,28184.70
"15666332",690,3149.10
"15727291",821,194273.12
"15785920",687,148537.07
"15658987",557,116378.31
"15687719",532,6761.84
"15799641",540,81995.92
"15758702",705,14392.68
"15689526",542,468.94
"15586848",706,122379.54
"15707637",765,13228.93
"15719426",529,154002.02
"15639265",714,112777.38
"15576124",582,128528.83
"15757829",609,170122.22
"15633227",518,2803.89
"15753092",791,181918.26
"15782939",747,115241.96
"15746338",565,129956.13
"15590676",735,45858.49
"15599329",697,131083.56
"15783097",813,46422.46
"15597885",772,57675.88
"15597467",606,169741.96
"15724764",667,26022.37
"15778418",637,125334.16
"15684769",542,21343.74
"15756167",762,139971.01
"15632439",698,47455.82
"15755138",850,55593.80
"15659092",621,191756.54
"15742116",671,76373.38
"15801994",775,169278.51
"15647572",504,136909.88
"15644551",751,54865.92
"15709135",691,156529.44
"15684469",841,113482.20
"15627637",709,63446.47
"15667093",673,13624.02
"15690589",541,148814.54
"15595350",661,65567.91
"15777586",784,6409.55
"15804064",742,126997.53
"15717770",850,171762.87
"15754443",443,129031.19
"15776939",778,182691.31
"15713517",529,12351.01
"15683522",678,135123.96
"15673995",516,181490.42
"15771054",469,186490.37
"15578788",786,41248.80
"15737408",703,116267.28
"15750837",579,9201.53
"15576022",565,80630.32
"15635502",443,159165.70
"15627298",589,86490.09
"15811415",691,197572.41
"15645059",711,105159.89
"15689671",775,40807.26
"15718667",621,143.34
"15803202",350,125823.79
"15593683",668,138465.70
"15703394",633,44008.91
"15570289",697,66893.28
"15567437",734,76503.06
"15711687",434,56784.11
"15656592",646,175657.55
"15634373",764,105155.66
"15769125",727,47468.56
"15711386",724,64729.51
"15714241",749,101108.85
"15642530",706,140938.95
"15713599",728,37662.49
"15744770",636,86414.41
"15780498",634,41820.65
"15624397",627,127734.16
"15615219",518,123872.00
"15570908",687,113050.92
"15762855",622,131389.39
"15661827",693,26589.56
"15746035",450,195463.35
"15691906",664,108876.75
"15793424",663,136054.45
"15577905",660,182262.66
"15667216",579,129209.09
"15673971",655,64853.51
"15701238",683,148989.15
"15644849",655,71047.51
"15635531",575,185341.63
"15632263",574,137793.35
"15720110",795,198317.23
"15619045",776,162137.50
"15697510",707,109688.82
"15784923",705,36320.87
"15567383",678,31384.86
"15732621",663,114083.73
"15757981",748,163331.65
"15727819",677,50777.77
"15738088",634,30772.86
"15765173",350,113796.15
"15665159",727,188729.08
"15618203",773,86701.40
"15791452",675,153129.22
"15638159",649,19825.09
"15585466",552,12186.83
"15677310",761,86920.97
"15646262",622,35408.77
"15656901",615,165576.55
"15621093",681,48226.76
"15592123",768,199454.37
"15589200",617,118749.58
"15602934",452,151623.91
"15812720",807,172097.95
"15695383",567,87677.15
"15723064",603,21858.28
"15761606",617,123866.28
"15650322",701,74694.41
"15669782",820,16770.31
"15751628",438,49424.60
"15809057",600,172031.22
"15617052",782,183021.06
"15590810",638,73979.85
"15801293",850,26265.18
"15770968",741,24857.25
"15572356",689,167969.15
"15603247",743,189307.70
"15619116",493,99770.30
"15691792",416,119712.78
"15783276",725,168607.74
"15766137",497,83087.13
"15574554",537,130664.79
"15578671",706,133267.69
"15716608",651,67029.82
"15690670",720,141031.08
"15630466",797,125110.02
"15630349",543,117832.39
"15803801",454,198817.72
"15647890",691,146411.60
"15606115",510,131312.56
"15714642",792,141652.20
"15741181",721,64477.25
"15773973",765,191215.61
"15758546",850,37090.44
"15598940",681,57517.71
"15669783",586,63241.21
"15624993",753,44567.83
"15760568",593,135337.11
"15699047",674,33964.03
"15616168",610,61623.19
"15773146",652,168989.77
"15770375",850,74425.41
"15589725",740,178929.84
"15710034",637,101382.86
"15800806",685,180769.55
"15570485",558,92378.54
"15575391",677,38252.25
"15790750",592,146111.35
"15714832",652,72350.17
"15619953",662,48242.38
"15673929",543,148305.82
"15578835",675,8270.06
"15752388",643,41549.64
"15797081",611,138656.81
"15570194",412,12510.53
"15580149",638,43889.41
"15777708",824,192800.25
"15769955",683,75762.00
"15810444",562,9854.72
"15645593",599,115724.78
"15765345",753,106303.40
"15760873",594,183868.01
"15794178",657,153895.46
"15589361",716,66695.71
"15662483",850,173851.11
"15809736",664,177423.02
"15731148",558,109096.71
"15774328",606,166656.18
"15646969",776,176921.00
"15718769",557,98413.10
"15610226",614,77500.81
"15616270",620,119747.08
"15790717",695,160387.98
"15635703",729,193715.00
"15616365",571,28045.77
"15630244",457,150757.35
"15734714",559,82252.28
"15721433",664,154395.56
"15590201",500,83866.35
"15590828",782,39830.10
"15752097",708,12429.22
"15800031",681,18772.50
"15630857",674,9574.83
"15689953",697,188486.94
"15759733",774,64716.08
"15810826",624,84749.96
"15668009",747,180551.76
"15743456",715,60907.49
"15725762",808,174107.04
"15761713",678,110405.90
"15769246",813,187636.06
"15781129",687,66580.13
"15599124",832,178779.52
"15639004",668,70783.61
"15810995",526,46772.36
"15653773",457,163327.27
"15708357",649,103760.53
"15733597",669,107839.03
"15789560",668,32900.41
"15699524",466,193984.60
"15626475",685,140889.32
"15810839",610,125646.82
"15684318",582,20344.02
"15768120",702,174268.87
"15712807",556,108500.66
"15696371",812,83247.14
"15675794",645,121840.20
"15774277",809,132908.07
"15603764",560,100075.10
"15618647",744,119327.75
"15614643",731,136737.13
"15707696",471,22356.97
"15749583",686,10137.34
"15815125",668,158379.25
"15779620",575,94570.56
"15768233",435,980.93
"15637788",743,95583.45
"15777046",580,86044.98
"15788723",599,166236.38
"15790489",534,5240.53
"15739476",680,150684.23
"15612670",631,129508.96
"15631222",485,70665.16
"15658972",699,102085.35
"15724691",712,195052.12
"15740442",603,93739.71
"15760427",850,65612.12
"15677939",584,160095.48
"15611599",604,49506.82
"15633474",586,92406.22
"15671973",467,7415.96
"15790019",520,25059.06
"15737735",683,116816.54
"15661745",557,144078.02
"15797065",613,126675.62
"15710671",786,183682.09
"15656522",593,166850.57
"15705085",670,27359.19
"15744873",657,101314.65
"15781914",718,27979.16
"15637354",623,109470.34
"15717307",496,93713.13
"15746695",429,74870.99
"15804962",606,192387.51
"15665378",499,73457.55
"15757865",642,61120.75
"15578787",641,90964.54
"15794323",673,116969.73
"15697546",570,92118.75
"15629519",472,48357.90
"15624703",550,197325.40
"15570002",625,135853.62
"15808566",516,169122.54
"15805463",682,164170.46
"15709136",620,199909.32
"15801605",626,83295.09
"15567855",623,39382.06
"15675141",569,184748.23
"15665759",724,62280.91
"15761487",678,196794.11
"15700394",713,144682.17
"15631162",631,196342.66
"15630641",846,41516.44
"15585066",660,112026.10
"15722991",567,52035.29
"15737404",731,185466.85
"15722409",693,80149.27
"15806420",772,170980.86
"15658148",657,185827.74
"15810660",774,113407.26
"15709780",667,67734.79
"15727350",516,3363.36
"15752312",551,135757.27
"15616745",542,22314.55
"15572294",623,129526.57
"15674110",701,37266.43
"15662501",583,60017.46
"15649239",731,153015.42
"15700424",461,54209.02
"15636388",702,114603.96
"15713975",565,165849.49
"15592925",711,16392.72
"15581626",664,162719.69
"15641319",518,107112.25
"15723481",728,41823.22
"15787825",585,99907.29
"15710726",573,178229.04
"15627195",568,22095.73
"15657957",602,197861.16
"15676117",603,138328.24
"15607874",687,137276.83
"15796993",741,21834.40
"15649858",469,119890.86
"15811032",477,24564.70
"15679963",737,10209.80
"15579131",835,83449.65
"15572428",717,81508.10
"15622461",562,32626.21
"15636105",758,43982.41
"15583849",408,124874.23
"15718780",650,118324.75
"15739271",582,22113.93
"15697129",706,31962.77
"15763415",567,105746.94
"15796617",720,39925.52
"15626628",631,127630.88
"15765857",623,28778.98
"15742511",514,10008.68
"15786433",650,24482.16
"15685805",673,98618.79
"15627971",504,16281.94
"15783025",723,121239.65
"15726289",645,42669.37
"15802118",664,164924.11
"15607990",760,157337.29
"15695932",766,153831.60
"15812279",634,168781.80
"15687558",640,168469.65
"15729065",784,170829.87
"15698902",547,86207.49
"15570192",608,61164.45
"15809265",547,133287.73
"15745201",612,77128.23
"15580623",573,77660.03
"15578156",615,56897.10
"15631063",710,72945.32
"15692577",674,45418.12
"15810910",702,158527.45
"15723217",616,111312.96
"15733111",688,138759.15
"15610727",605,190588.59
"15792720",676,79099.64
"15723153",708,138613.21
"15802823",745,194230.82
"15756118",661,110252.53
"15684934",726,106117.30
"15776936",475,169642.13
"15729087",751,116179.92
"15786463",645,91.75
"15717498",775,187839.90
"15718406",540,121098.65
"15799468",591,30972.06
"15626383",596,30314.04
"15597385",573,14479.29
"15570271",577,196395.25
"15690330",830,19512.38
"15680611",663,72318.77
"15810227",421,96615.23
"15807194",718,30772.22
"15712199",655,161217.18
"15694995",712,66795.78
"15723400",663,123969.64
"15654772",640,13783.77
"15574743",577,168924.41
"15807593",546,134778.01
"15686718",802,119782.89
"15695299",590,52167.97
"15722701",594,167689.56
"15799635",577,140800.66
"15742323",541,19823.02
"15658435",781,72969.90
"15586029",806,143711.02
"15772337",723,180862.26
"15807555",535,125658.28
"15603378",768,125870.50
"15792862",653,15126.32
"15657349",803,22457.25
"15777614",545,82614.89
"15653952",581,32919.42
"15724336",513,126223.84
"15689594",731,112010.02
"15801920",727,180962.32
"15653347",560,128882.66
"15749951",766,177614.17
"15648178",630,174570.55
"15738662",652,178373.93
"15640855",729,103396.08
"15584288",629,59129.72
"15760988",667,683.37
"15569624",671,145567.34
"15597949",768,48137.08
"15604551",732,90876.95
"15617476",546,198543.09
"15645323",630,106202.07
"15793311",765,166896.01
"15764153",704,74804.36
"15802560",470,116971.05
"15728608",688,163783.00
"15770474",685,70221.13
"15724444",567,107841.77
"15753110",720,79623.28
"15711521",609,138399.67
"15632816",521,182765.14
"15693637",556,186648.19
"15725509",662,149587.92
"15684645",704,129050.67
"15692235",750,47764.99
"15777459",619,172792.43
"15656937",468,64436.16
"15610643",435,167461.50
"15777315",529,98348.66
"15611058",702,41536.59
"15630413",608,72462.25
"15635942",576,112465.19
"15648858",666,64511.44
"15810732",730,91830.75
"15705448",647,190806.36
"15730488",516,112311.15
"15620443",711,72276.24
"15741078",736,84920.49
"15753161",768,17348.56
"15711396",427,82870.75
"15593499",686,32080.69
"15579189",690,120512.08
"15743545",647,179032.68
"15791316",714,95623.28
"15608246",736,110035.88
"15676526",608,168822.01
"15813911",809,77705.75
"15630195",745,49815.62
"15736250",781,65632.33
"15671334",527,169361.89
"15574169",595,4721.30
"15718839",850,23974.85
"15762331",569,199929.17
"15606901",728,40023.70
"15713559",473,72946.95
"15768881",738,170421.13
"15743075",659,58879.11
"15660980",597,25059.05
"15810942",445,29909.84
"15728362",671,158043.11
"15683339",656,14032.62
"15685476",658,49809.88
"15663650",698,28806.32
"15617434",655,90490.33
"15622470",772,75825.57
"15703682",681,158336.36
"15727391",688,143454.95
"15711062",633,117279.49
"15567339",735,114283.33
"15760662",521,994.86
"15605737",541,124795.84
"15692977",612,77592.80
"15672082",562,105986.01
"15600280",703,33606.52
"15804052",710,134188.11
"15576065",731,159718.27
"15796838",703,85148.78
"15693526",618,119059.13
"15748595",689,122998.26
"15679029",718,117841.06
"15753639",608,160593.41
"15604138",749,174189.04
"15666095",753,68260.27
"15643487",630,58854.88
"15764033",693,87994.95
"15747288",838,150659.35
"15790599",756,109098.39
"15737705",775,104112.00
"15737194",635,122949.71
"15726776",705,21807.16
"15804357",481,32319.93
"15664432",727,190457.87
"15688984",595,177738.98
"15583026",535,80425.65
"15771668",578,9445.42
"15779904",597,174825.57
"15784323",449,175743.92
"15756277",850,54949.73
"15663312",494,183752.91
"15793197",676,46038.28
"15731463",818,78941.59
"15621768",712,198398.68
"15691323",672,188892.19
"15781326",636,169286.74
"15595640",698,145004.39
"15814331",597,55809.92
"15602030",717,54272.12
"15747974",614,192440.54
"15611315",708,103697.57
"15636977",507,119110.03
"15690337",581,194681.60
"15680666",579,158948.63
"15679551",504,165122.55
"15778915",737,189402.71
"15568849",540,158027.57
"15747762",609,3815.48
"15753679",778,162809.20
"15750049",621,89519.47
"15606097",665,25165.36
"15802368",608,126012.57
"15767488",680,20109.21
"15669946",663,58257.23
"15612103",627,172269.21
"15645353",607,29818.20
"15650018",681,114659.81
"15659002",766,147184.74
"15616028",694,15039.41
"15660475",411,76621.49
"15652615",742,92985.78
"15653572",673,6009.27
"15628059",529,191370.97
"15703413",519,188225.67
"15610433",573,11743.89
"15770548",453,136846.75
"15645637",798,164248.33
"15590888",693,154631.35
"15568326",637,149665.65
"15655368",672,91574.92
"15665579",597,127233.39
"15676091",543,56650.47
"15716984",695,84644.76
"15715078",584,148238.16
"15569452",652,193502.90
"15628863",601,38020.05
"15778192",628,176750.81
"15793723",607,176580.63
"15798943",646,133059.15
"15764708",572,100843.82
"15791040",801,30484.19
"15631512",597,42330.58
"15640106",613,193309.58
"15710315",529,112813.79
"15771535",794,68008.85
"15611947",557,132673.22
"15670266",499,22001.91
"15609083",544,100200.40
"15567923",739,122604.44
"15788183",458,100564.37
"15735782",528,5419.31
"15774401",773,123587.83
"15737971",646,13935.32
"15758750",564,87060.77
"15611767",624,4859.59
"15643770",682,21085.17
"15744717",726,26733.86
"15570681",560,89734.70
"15792650",382,179540.73
"15605531",457,173219.09
"15605339",673,37411.35
"15672216",584,80852.11
"15812893",629,43174.49
"15624180",584,70927.11
"15701364",724,54265.55
"15762588",644,41872.17
"15806318",676,15068.53
"15712596",499,25950.49
"15600399",598,197727.14
"15576216",655,79555.08
"15620750",559,15607.27
"15623489",543,134612.48
"15667944",679,159830.58
"15584928",594,162961.79
"15779913",586,192427.16
"15644977",776,92647.94
"15749679",699,180022.39
"15629010",847,183584.14
"15768465",582,28750.67
"15767781",648,74846.67
"15635364",618,89729.30
"15722004",543,61843.73
"15766044",642,24770.22
"15586680",462,80587.27
"15635388",640,116286.25
"15655175",740,129333.69
"15639133",773,129372.94
"15799653",583,18149.03
"15723872",589,168369.37
"15775627",509,67431.28
"15630704",612,177092.16
"15815534",505,93736.69
"15697249",546,131647.31
"15681316",681,175722.31
"15682523",762,85606.83
"15650244",786,64945.57
"15648638",629,190347.72
"15795747",787,100791.36
"15607330",713,167873.49
"15624013",541,25289.23
"15800805",451,20388.77
"15667321",644,145089.64
"15601116",686,179093.26
"15622033",847,16025.17
"15758451",765,9087.81
"15688689",678,21472.42
"15652674",539,146752.67
"15806327",800,132562.23
"15649618",799,139537.43
"15677117",629,133672.61
"15751445",734,38984.37
"15749669",542,115217.59
"15656351",414,93844.82
"15667438",675,22068.83
"15682273",683,123846.07
"15580912",748,172638.13
"15785183",596,1591.19
"15705383",642,91775.51
"15712903",499,153920.22
"15774285",649,71420.16
"15583138",739,172149.76
"15740160",616,54706.75
"15793425",560,183358.21
"15749265",427,57098.00
"15623989",435,156910.46
"15604832",633,130224.73
"15584580",443,13946.66
"15573854",727,38652.96
"15614847",674,140041.78
"15679966",661,166187.10
"15799435",619,139919.38
"15752186",562,28137.03
"15705544",633,50368.63
"15713632",551,94978.10
"15586523",720,69903.93
"15609176",688,177607.77
"15769308",635,196731.08
"15676810",561,65234.60
"15634591",850,186281.00
"15679804",636,111573.30
"15677764",461,196767.83
"15571917",771,72985.61
"15574608",713,143265.65
"15740868",658,159268.67
"15702442",586,54448.41
"15699797",737,31928.50
"15648047",742,21793.59
"15766826",824,21903.62
"15591628",701,49405.93
"15583857",623,154908.52
"15752534",744,182867.84
"15741403",698,16957.45
"15783589",616,93717.55
"15598046",662,61636.22
"15643330",594,95864.50
"15680405",685,167400.29
"15728683",742,131534.96
"15621644",678,92934.41
"15733032",651,119808.64
"15608381",585,9439.31
"15658946",579,18732.91
"15757912",722,160162.42
"15645371",613,53630.90
"15653110",694,36405.21
"15766355",550,61446.92
"15585249",741,194686.78
"15611786",668,134483.07
"15575486",529,37769.98
"15780215",636,2382.61
"15686099",563,106826.92
"15739042",767,39511.61
"15815316",644,196371.13
"15778489",780,122506.78
"15786389",635,61994.20
"15601787",641,192464.21
"15624715",593,5194.95
"15763093",540,198256.15
"15572073",663,62634.94
"15780256",630,114006.35
"15659305",605,107994.99
"15638882",710,48571.14
"15714680",755,76016.49
"15777217",641,180808.39
"15739123",737,4225.11
"15594450",695,135841.35
"15797751",466,183536.24
"15691543",558,88791.83
"15722845",665,63732.90
"15605804",737,1364.54
"15702061",654,149184.15
"15694321",619,53394.12
"15798749",845,97910.06
"15720050",727,101433.76
"15758048",582,116944.30
"15805681",716,113267.48
"15802809",660,181449.51
"15807239",664,179913.98
"15749093",801,98586.14
"15689344",615,120321.09
"15606076",718,100538.80
"15610090",667,98931.50
"15693926",670,194493.57
"15791501",590,143628.31
"15621870",739,167030.51
"15734711",373,77786.37
"15814405",418,81014.50
"15729359",837,41866.26
"15606944",645,11302.70
"15671934",552,149384.43
"15641773",580,169303.65
"15701972",684,37264.11
"15749114",634,19515.48
"15780362",607,103068.22
"15753229",802,134459.12
"15656009",736,70496.66
"15785024",629,175877.70
"15670492",737,106390.01
"15795458",718,52138.49
"15732438",561,18522.91
"15781987",641,32231.60
"15775826",677,174225.88
"15807457",641,102021.39
"15632538",658,31484.76
"15641389",659,82469.06
"15657306",567,110900.43
"15709447",584,105105.35
"15762682",709,12674.68
"15626042",690,93255.85
"15597109",627,145299.50
"15756148",765,47139.44
"15665634",645,167723.25
"15739997",716,185900.88
"15686242",771,85876.67
"15759244",687,1787.85
"15672027",717,23231.93
"15594576",524,187740.04
"15707138",679,100060.54
"15756954",538,80130.54
"15619130",752,132467.54
"15639665",846,96202.44
"15571065",532,94977.30
"15686060",670,178827.30
"15615753",597,192852.67
"15800961",627,177238.35
"15763065",700,199753.97
"15672467",766,66193.61
"15752915",488,181270.84
"15744695",694,25407.59
"15584897",639,20973.80
"15601857",705,76544.90
"15674156",810,110509.90
"15695465",638,164247.51
"15792232",595,105149.80
"15807900",575,55868.97
"15743760",850,178747.43
"15652835",419,134720.51
"15767818",640,978.66
"15591150",570,183387.12
"15734659",640,155876.06
"15796115",689,119259.34
"15724648",725,133720.57
"15737732",751,170634.49
"15632280",544,125692.07
"15750407",768,19150.14
"15795370",648,86894.67
"15656829",577,57975.80
"15643794",639,82938.99
"15798605",686,79189.40
"15637324",657,5177.62
"15589589",613,44510.26
"15778936",701,190611.92
"15757385",578,177834.79
"15666200",689,119446.64
"15683977",687,50267.69
"15675518",499,144849.10
"15584812",693,81901.60
"15752984",737,42576.86
"15577913",651,87609.50
"15591980",753,82820.85
"15598948",523,155144.12
"15574142",458,9578.24
"15582903",643,170392.59
"15733229",638,3946.29
"15635752",685,102184.66
"15771000",684,75609.84
"15804864",670,26170.08
"15641175",701,144727.45
"15692226",705,58134.97
"15584156",593,94620.00
"15702656",651,108764.69
"15606552",741,149503.54
"15687001",596,120314.75
"15781903",581,44205.95
"15731951",689,6129.61
"15580953",544,126796.69
"15810390",718,27509.52
"15628274",583,42143.55
"15615444",663,87985.20
"15784010",666,81884.80
"15571586",524,2705.31
"15748616",599,30546.40
"15769402",667,149402.59
"15739248",727,118429.02
"15603481",689,58442.25
"15723604",639,30414.17
"15797822",678,58814.41
"15665064",523,155304.53
"15640580",650,187943.60
"15581089",744,43036.60
"15728605",697,26543.28
"15737385",800,171928.04
"15714789",664,35611.35
"15786035",740,19047.23
"15815259",835,39820.13
"15592716",559,129013.59
"15734850",676,113810.12
"15638047",613,34749.65
"15674573",713,56268.98
"15694859",751,46630.47
"15776404",523,124906.59
"15579345",775,134869.93
"15690733",608,36697.48
"15631481",673,172200.91
"15620988",616,137136.46
"15571529",650,57594.78
"15592104",655,36548.00
"15651900",782,182960.46
"15596212",781,42117.90
"15710687",593,199478.05
"15613787",505,91092.84
"15599211",707,14090.40
"15675983",692,178267.07
"15622370",813,85808.22
"15656319",850,109659.12
"15605130",753,161642.08
"15672574",850,3830.59
"15659355",671,146636.44
"15777907",791,144413.92
"15655171",624,65801.44
"15619674",649,192486.24
"15775192",732,120852.85
"15617657",664,146191.82
"15688951",789,148412.24
"15763460",680,164119.35
"15756992",701,163457.55
"15617454",684,144978.47
"15701932",586,67288.89
"15700813",522,103269.00
"15645600",739,106969.98
"15634146",835,117632.63
"15686743",790,189777.66
"15698792",671,66032.65
"15591724",560,98661.27
"15571281",651,74687.37
"15661380",682,149604.18
"15728885",808,79888.78
"15618950",644,138775.69
"15609804",688,154695.57
"15735849",617,168834.38
"15652948",738,105817.63
"15618155",663,48682.10
"15566378",515,147955.91
"15565879",845,56185.98
"15792922",639,81861.10
"15770567",557,69826.80
"15738042",543,118059.19
"15714920",585,112333.22
"15782121",610,14546.76
"15673180",727,126172.11
"15660636",540,3560.00
"15664504",418,88878.15
"15790322",660,84605.00
"15739847",850,78268.61
"15699415",618,120668.46
"15665521",642,10063.75
"15682868",850,163989.66
"15584462",739,60584.33
"15661708",508,94170.84
"15584452",667,167181.77
"15717010",741,38914.51
"15643828",592,91196.67
"15733361",651,85869.89
"15795488",773,57337.79
"15581551",850,175347.28
"15632051",550,63092.65
"15780409",783,109742.55
"15572767",777,124489.88
"15590337",659,56971.41
"15634551",727,130752.01
"15669290",603,191457.06
"15621140",644,96442.86
"15613518",647,122584.29
"15728043",648,57215.85
"15570073",721,195940.96
"15777033",524,105448.74
"15682454",626,37870.29
"15758513",569,52534.81
"15772604",578,141533.19
"15721715",769,50568.02
"15688563",694,26116.82
"15772009",664,152054.33
"15809585",646,1528.40
"15593778",779,127939.26
"15655360",782,2605.65
"15780909",769,57841.89
"15757310",655,186995.17
"15801411",623,5549.11
"15761706",705,11682.36
"15658409",686,106939.34
"15810010",678,53172.02
"15627027",738,114388.98
"15624374",703,2151.17
"15720083",554,183492.90
"15752294",582,76582.95
"15743193",644,104217.96
"15696733",724,8982.75
"15677522",593,9984.40
"15643523",710,19500.10
"15624936",631,79146.36
"15716085",739,191694.77
"15641688",644,59645.24
"15796834",652,55207.88
"15720123",554,166177.30
"15604732",483,136356.97
"15723484",669,148611.52
"15807120",841,85516.37
"15810891",662,55120.79
"15640407",821,131778.58
"15778838",783,153269.98
"15709256",850,164864.67
"15742285",559,20367.68
"15729019",602,39542.00
"15608588",563,19412.80
"15610557",695,127977.66
"15786418",546,20508.85
"15653050",719,176244.87
"15744914",539,105013.63
"15669611",632,27597.76
"15594786",772,121073.23
"15649211",708,101089.76
"15766066",668,114258.18
"15772216",738,22762.23
"15619898",785,7008.65
"15724543",597,81299.17
"15755084",531,147521.35
"15730441",509,6177.83
"15666767",508,59374.82
"15690456",749,157648.12
"15570533",621,75685.59
"15797692",659,136540.09
"15603135",634,97939.40
"15698927",675,36267.21
"15687363",770,186064.34
"15733444",736,176152.70
"15678057",524,82117.20
"15806918",674,151925.25
"15638247",700,142287.65
"15674833",741,36557.55
"15812534",455,129975.34
"15586522",608,21967.15
"15794297",776,53477.76
"15737025",635,178067.33
"15615931",746,171039.56
"15664860",692,150802.41
"15664539",683,82951.12
"15583692",591,57064.57
"15693131",581,45755.00
"15779973",684,176882.08
"15620557",561,88838.14
"15639549",718,88592.80
"15618750",590,26261.42
"15796790",573,29586.73
"15668309",350,172321.21
"15732437",504,158036.72
"15665158",813,115733.16
"15689322",641,59927.99
"15596624",662,44377.65
"15601977",497,79691.40
"15801462",716,51503.51
"15566139",526,62830.97
"15791006",760,90346.10
"15668057",669,40467.82
"15580805",655,51620.94
"15658768",547,65466.93
"15613048",648,667.66
"15803654",790,172437.12
"15662337",744,106061.47
"15650924",761,177622.38
"15647203",750,191520.50
"15682778",680,95686.60
"15579820",704,173776.50
"15709354",521,113089.43
"15728480",452,149614.81
"15641091",695,99537.68
"15603111",850,97893.40
"15679693",625,90.07
"15797190",608,161154.85
"15788025",715,332.81
"15646168",834,66285.18
"15580493",469,163477.22
"15726720",480,170332.67
"15735799",527,126144.96
"15773098",834,53437.10
"15668971",583,26920.43
"15603221",696,52314.71
"15740043",606,116885.59
"15712264",713,126263.97
"15751926",821,64613.81
"15589401",550,89216.29
"15742019",675,83419.15
"15660611",748,123998.52
"15607634",606,96985.58
"15595036",726,146154.06
"15745794",547,18471.86
"15781689",758,95009.60
"15696054",596,121175.86
"15752467",720,77047.78
"15597739",674,158049.90
"15651336",756,147040.25
"15636061",649,142566.75
"15723013",613,185483.24
"15784148",643,155870.82
"15578098",600,121555.51
"15638621",735,40223.74
"15720924",585,75503.60
"15566531",724,186942.49
"15718064",635,117173.80
"15605067",472,3453.40
"15655335",590,48876.84
"15607301",651,11830.53
"15694628",686,162820.60
"15607112",606,36540.63
"15635775",781,6959.00
"15644280",593,10828.78
"15708362",793,80272.06
"15771997",791,22184.14
"15730579",850,186335.07
"15728005",698,105715.01
"15791674",846,68393.64
"15754599",765,82868.34
"15693690",574,196257.67
"15728963",617,93439.75
"15659710",581,150319.49
"15658675",710,46523.60
"15638788",550,199138.84
"15609735",533,79559.02
"15771477",779,116893.87
"15570145",763,153983.99
"15797149",563,63531.19
"15636912",678,126253.31
"15687828",644,73922.95
"15667424",682,64679.30
"15759872",625,157072.91
"15572374",733,108377.82
"15754926",512,88827.31
"15687431",642,37674.47
"15604515",737,106327.85
"15682839",575,84475.13
"15624677",543,33998.70
"15646366",521,20491.15
"15701768",637,197827.06
"15623566",714,96687.25
"15681274",726,46044.70
"15762573",680,98949.85
"15706458",812,185599.34
"15654222",757,198341.15
"15704053",710,119348.76
"15724321",516,149614.17
"15621815",803,12328.08
"15724876",560,33245.97
"15696588",679,2243.41
"15612832",526,86786.41
"15804295",485,12706.67
"15712536",625,41295.10
"15662494",773,177357.16
"15807728",530,190663.89
"15764916",616,115262.54
"15615330",651,170099.23
"15638487",586,189143.94
"15627859",607,163257.44
"15622192",724,95562.81
"15789413",733,75272.63
"15583221",667,20881.96
"15768495",700,161845.81
"15644103",659,49978.67
"15741197",710,107292.91
"15664547",760,32863.24
"15797293",677,179608.96
"15572021",798,70223.22
"15637461",758,77951.84
"15620577",715,55043.93
"15609643",752,101677.46
"15785358",586,79366.98
"15603883",818,8037.03
"15782550",490,176254.12
"15775761",610,192743.06
"15680201",627,56793.02
"15767594",533,187900.12
"15591985",708,92920.04
"15789339",681,140166.95
"15781530",690,155782.89
"15705174",656,186574.68
"15572114",673,3258.60
"15804009",806,106714.28
"15662698",648,144532.85
"15696047",501,13591.52
"15701160",556,74854.97
"15790093",627,125451.01
"15632143",652,149740.22
"15736778",807,17355.36
"15734917",708,50294.09
"15643903",619,156394.74
"15569526",601,77977.69
"15777067",445,43678.06
"15795511",800,13906.34
"15610419",554,12766.74
"15644994",714,51308.54
"15703707",656,127444.14
"15659327",520,72577.33
"15771323",480,82438.13
"15750549",660,60485.98
"15698462",532,132798.78
"15739692",679,71823.15
"15744041",780,117144.15
"15700714",747,141706.43
"15777743",705,54517.25
"15623143",732,183147.17
"15712568",515,138360.29
"15617432",816,79580.56
"15650424",641,157458.61
"15728829",509,171770.58
"15680430",601,104263.82
"15687626",527,167183.07
"15609187",455,70774.97
"15609521",803,114869.56
"15752626",553,109159.58
"15571756",724,59351.68
"15814040",610,199657.46
"15658211",559,121151.10
"15742091",825,26342.33
"15787168",819,102799.14
"15772363",772,90928.48
"15659364",685,141152.28
"15738980",506,105568.60
"15794236",642,183045.46
"15721383",627,194792.42
"15652981",600,21852.91
"15722731",653,78250.13
"15640507",762,47114.18
"15578878",569,33230.37
"15744295",756,114279.63
"15776558",673,38802.03
"15596136",637,72504.76
"15704597",644,43943.09
"15648272",658,68141.92
"15594915",649,109179.89
"15581115",603,48224.72
"15763907",820,61538.43
"15705994",712,94544.88
"15772421",645,2850.01
"15711572",705,163484.80
"15691170",590,129629.41
"15600106",631,133141.34
"15745431",604,188078.55
"15649508",643,174729.30
"15812611",690,78700.03
"15619699",558,198269.08
"15813946",637,55266.96
"15762762",648,51636.70
"15629793",652,198251.52
"15781298",808,171442.36
"15622658",551,49778.79
"15658980",711,19262.05
"15701936",467,32349.29
"15686917",789,137402.27
"15807312",602,64038.34
"15574523",576,68814.23
"15724200",584,173632.92
"15738224",593,128384.11
"15593283",705,99475.95
"15814690",595,89935.73
"15807245",699,94142.35
"15799358",516,171681.86
"15616172",838,8222.96
"15777958",587,170409.45
"15809124",750,46555.15
"15616367",581,161655.55
"15687385",484,74267.35
"15607877",576,34101.06
"15736327",567,109572.58
"15746704",638,106642.97
"15778304",646,18897.29
"15588456",658,189607.71
"15664035",590,148750.16
"15596405",546,105279.74
"15815097",603,167916.35
"15762708",619,8646.58
"15776211",678,124592.84
"15626012",459,50016.17
"15792077",671,125422.66
"15718765",501,81123.59
"15576615",719,80408.59
"15752650",681,146366.08
"15797502",706,24402.87
"15687329",763,60552.44
"15779423",716,76476.05
"15619514",507,92075.01
"15615430",678,184125.10
"15716431",775,96170.38
"15798341",544,98208.62
"15651958",756,157932.75
"15726179",757,3497.43
"15652999",742,51387.10
"15691950",591,50123.44
"15632446",667,180329.83
"15620936",787,13238.93
"15587640",718,167554.86
"15782231",521,51454.06
"15580462",607,19842.22
"15736371",633,38315.04
"15648032",588,187816.59
"15610454",724,197148.24
"15671358",720,163471.01
"15747130",521,653.58
"15578374",620,45414.09
"15572182",505,45445.78
"15770041",728,139024.31
"15669414",486,168034.83
"15777054",584,25669.10
"15621021",687,8207.36
"15785490",771,16281.68
"15577695",678,14083.12
"15686974",751,30165.06
"15574584",670,39451.09
"15719541",675,60270.87
"15646310",684,22527.27
"15697606",637,175072.47
"15711489",760,114565.35
"15670427",662,48930.80
"15731755",680,187008.45
"15796370",604,113581.85
"15598331",764,124095.69
"15704795",521,49054.10
"15796764",684,80593.49
"15589420",795,183044.86
"15810563",678,159938.82
"15746569",589,95483.48
"15811594",660,198069.71
"15645896",646,61793.47
"15802909",706,86383.61
"15797665",730,144099.48
"15778959",606,155641.46
"15722532",690,135784.94
"15784124",645,123982.14
"15776518",579,193130.55
"15611247",481,145215.96
"15721469",492,164741.81
"15773338",739,72168.53
"15784042",624,95022.02
"15776229",682,23766.40
"15655903",701,119374.74
"15590177",718,139049.24
"15568876",496,180844.81
"15813140",543,143980.29
"15770516",616,137392.77
"15755731",635,123646.57
"15574480",652,158054.49
"15798084",688,105784.85
"15673020",678,738.88
"15643575",757,64539.64
"15596811",667,79871.16
"15786789",725,190776.83
"15578865",632,6985.34
"15605672",694,85522.84
"15603674",803,149370.93
"15759915",814,188516.45
"15686219",611,2444.29
"15696388",755,19762.88
"15713604",425,172646.88
"15647800",850,33501.98
"15813451",677,114858.90
"15765375",797,162668.33
"15774586",692,161241.65
"15603454",735,114957.22
"15653037",609,18708.76
"15782475",700,105305.72
"15593496",526,58111.71
"15808971",693,135502.77
"15791972",748,10792.42
"15676869",657,123866.43
"15683007",739,129181.27
"15659495",784,6847.73
"15703923",744,138361.48
"15674000",645,166707.22
"15618171",669,107221.03
"15732202",615,73124.53
"15735078",724,12913.92
"15798615",850,44351.77
"15638494",625,96444.88
"15763874",635,60739.16
"15696355",724,118570.53
"15655952",550,97057.28
"15739850",645,3449.22
"15611338",714,37605.90
"15707861",520,117369.52
"15672237",633,100598.98
"15657771",537,17802.42
"15677783",764,91094.46
"15681026",795,120853.83
"15566543",573,107124.17
"15594612",702,59207.41
"15814664",740,136869.31
"15642785",479,113308.29
"15690164",627,159334.93
"15590213",479,20393.44
"15603794",623,158590.25
"15733491",512,23101.13
"15806360",609,112585.19
"15587133",518,119377.36
"15721377",833,166472.81
"15747927",758,171552.02
"15806455",611,157474.10
"15695474",583,13549.24
"15666295",610,196526.55
"15656062",637,84419.78
"15579969",683,24991.92
"15703563",774,191608.97
"15692664",677,2988.28
"15719276",741,99595.67
"15672754",498,53445.17
"15768163",655,115146.40
"15656710",613,151325.24
"15696175",602,51695.41
"15586914",659,96833.00
"15581736",673,34047.54
"15588839",606,1914.41
"15589329",775,49337.84
"15605622",841,179436.60
"15798964",714,53667.08
"15769959",597,69384.71
"15657105",726,195192.40
"15569266",644,29179.52
"15719294",800,167773.55
"15606229",771,96270.64
"15569892",516,101699.77
"15584532",709,42085.58
"15682355",772,92888.52
"15628319",792,38190.78
